eng,mal,Target,Source_Prosody_word
"The 2015 Commonwealth Karate Games were held in Delhi, India.",2015 ലെ കോമൺവെൽത്ത് കരാട്ടെ ഗെയിംസ് ഇന്ത്യയിലെ ഡൽഹിയിൽ നടത്തി..,2015 ലെ കോമൺവെൽത്ത് കരാട്ടെ ഗെയിംസ് ഇന്ത്യയിലെ ഡൽഹിയിലാണ് നടത്തിയത്,Delhi
"The 2015 Commonwealth Karate Games were held in Delhi, India.",2015 ലെ കോമൺവെൽത്ത് കരാട്ടെ ഗെയിംസ് ഇന്ത്യയിലെ ഡൽഹിയിൽ നടത്തി.,2015 ലെ കോമൺവെൽത്ത് കരാട്ടെ ഗെയിംസാണ് ഇന്ത്യയിലെ ഡൽഹിയിൽ നടത്തിയത്., Karate Games 
"The 2015 Commonwealth Karate Games were held in Delhi, India.",2015 ലെ കോമൺവെൽത്ത് കരാട്ടെ ഗെയിംസ് ഇന്ത്യയിലെ ഡൽഹിയിൽ നടത്തി.,2015 ലാണ് കോമൺവെൽത്ത് കരാട്ടെ ഗെയിംസ് ഇന്ത്യയിലെ ഡൽഹിയിൽ നടത്തിയത്.,The 2015
Other Indian cuisines are also available in this area even though the street specialises in north Indian food.,ഈ പ്രദേശത്ത് മറ്റ് ഇന്ത്യൻ പാചകരീതികളും ലഭ്യമാണെങ്കിലും തെരുവുകളിൽ പ്രധാനമായും ഉത്തരേന്ത്യൻ ഭക്ഷണം കിട്ടുന്നു.,ഈ പ്രദേശത്ത് മറ്റ് ഇന്ത്യൻ പാചകരീതികളും ലഭ്യമാണെങ്കിലും തെരുവുകളിൽ പ്രധാനമായും ഉത്തരേന്ത്യൻ ഭക്ഷണമാണ് കിട്ടുന്നത്.,north Indian food.
"The Grand Canyon is in northern Arizona, and is one of the great tourist attractions in the United States as well as one of the seven natural wonders of the world.",അമേരിക്കൻ ഐക്യനാടുകളിലെ ഏറ്റവും പ്രധാനപ്പെട്ട വിനോദസഞ്ചാര ആകർഷണങ്ങളിലൊന്നും ലോകത്തിലെ ഏഴ് പ്രകൃതിവിസ്മയങ്ങളിലൊന്നുമായ ഗ്രാൻഡ് കാൻയോൺ വടക്കൻ അരിസോണയിൽ സ്ഥിതിചെയ്യുന്നു.,അമേരിക്കൻ ഐക്യനാടുകളിലെ ഏറ്റവും പ്രധാനപ്പെട്ട വിനോദസഞ്ചാര ആകർഷണങ്ങളിലൊന്നും ലോകത്തിലെ ഏഴ് പ്രകൃതിവിസ്മയങ്ങളിലൊന്നുമായ ഗ്രാൻഡ് കാൻയോൺ വടക്കൻ അരിസോണയിലാണ് സ്ഥിതിചെയ്യുന്നത്.,Northern Arizona
"The Grand Canyon is in northern Arizona, and is one of the great tourist attractions in the United States as well as one of the seven natural wonders of the world.",അമേരിക്കൻ ഐക്യനാടുകളിലെ ഏറ്റവും പ്രധാനപ്പെട്ട വിനോദസഞ്ചാര ആകർഷണങ്ങളിലൊന്നും ലോകത്തിലെ ഏഴ് പ്രകൃതിവിസ്മയങ്ങളിലൊന്നുമായ ഗ്രാൻഡ് കാൻയോൺ വടക്കൻ അരിസോണയിൽ സ്ഥിതിചെയ്യുന്നു.,അമേരിക്കൻ ഐക്യനാടുകളിലെ ഏറ്റവും പ്രധാനപ്പെട്ട വിനോദസഞ്ചാര ആകർഷണങ്ങളിലൊന്നും ലോകത്തിലെ ഏഴ് പ്രകൃതിവിസ്മയങ്ങളിലൊന്നുമായ ഗ്രാൻഡ് കാൻയോണാണ് വടക്കൻ അരിസോണയിൽ സ്ഥിതിചെയ്യുന്നത്.,Grand Canyon
"Anju is married to Robert Bobby George, who is a former national champion in the triple jump and her coach too",ട്രിപ്പിൾ ജമ്പിൽ മുൻ ദേശീയ ചാമ്പ്യനും തന്റെ കോച്ചുകൂടിയുമായ റോബർട്ട് ബോബി ജോർജ്ജിനെ അഞ്ജു വിവാഹം കഴിച്ചു.,ട്രിപ്പിൾ ജമ്പിൽ‍ മുന്‍ ദേശീയ ചാമ്പ്യനും തന്‍റെ കോച്ചുകൂടിയുമായ റോബർട്ട് ബോബി ജോർജ്ജിനെയാണ് അഞ്ജു വിവാഹം കഴിച്ചത്.,Robert Bobby George
"Anju is married to Robert Bobby George, who is a former national champion in the triple jump and her coach too",ട്രിപ്പിൾ ജമ്പിൽ മുൻ ദേശീയ ചാമ്പ്യനും തന്റെ കോച്ചുകൂടിയുമായ റോബർട്ട് ബോബി ജോർജ്ജിനെ അഞ്ജു വിവാഹം കഴിച്ചു.,ട്രിപ്പിള്‍ ജമ്പിൽ‍ മുന്‍ ദേശീയ ചാമ്പ്യനും തന്‍റെ കോച്ചുകൂടിയുമായ റോബർട്ട് ബോബി ജോർജ്ജിനെ അഞ്ജുവാണ് വിവാഹം കഴിച്ചത്. ,Anju
"He described his mother, raised by non-religious parents, as the most spiritually awakened person I have ever known.","മതവിശ്വാസമില്ലാത്തവരായ മാതാപിതാക്കളാൽ വളർത്തപ്പെട്ട തന്റെ മാതാവിനെ, എനിക്ക് എക്കാലവും അറിയാൻ ഇടവന്ന ഏറ്റവും ആത്മീയമായി ഉദ്ബുദ്ധയായ വ്യക്തിയായി അദ്ദേഹം വിശേഷിപ്പിച്ചു.","മതവിശ്വാസമില്ലാത്തവരായ മാതാപിതാക്കളാൽ വളർത്തപ്പെട്ട തന്റെ മാതാവിനെ, എനിക്ക് എക്കാലവും അറിയാൻ ഇടവന്ന ഏറ്റവും ആത്മീയമായി ഉദ്ബുദ്ധയായ  വ്യക്തിയായിയാണ്  അദ്ദേഹം വിശേഷിപ്പിച്ചത്.",spiritually awakened person
"He described his mother, raised by non-religious parents, as the most spiritually awakened person I have ever known.","മതവിശ്വാസമില്ലാത്തവരായ മാതാപിതാക്കളാൽ വളർത്തപ്പെട്ട തന്റെ മാതാവിനെ, എനിക്ക് എക്കാലവും അറിയാൻ ഇടവന്ന ഏറ്റവും ആത്മീയമായി ഉദ്ബുദ്ധയായ വ്യക്തിയായി അദ്ദേഹം വിശേഷിപ്പിച്ചു.","മതവിശ്വാസമില്ലാത്തവരായ മാതാപിതാക്കളാൽ വളർത്തപ്പെട്ട തന്റെ മാതാവിനെയാണ്, എനിക്ക് എക്കാലവും അറിയാൻ ഇടവന്ന ഏറ്റവും ആത്മീയമായി ഉദ്ബുദ്ധയായ വ്യക്തിയായി അദ്ദേഹം വിശേഷിപ്പിച്ചത്.",his mother
"In terms of places for worship or praying, Walisongo also uses the term Sanggar in Kapitayan, which represents a four-square building with an empty hole in its wall as the symbol of Sang Hyang Taya in Kapitayan, not arca or statues as in Hinduism or Buddhism.","ആരാധനയ്ക്കോ പ്രാര്‍ത്ഥനയ്ക്കോ ഉള്ള ഇടങ്ങള്‍ എന്ന നിലയ്ക്ക് കപിതായൻ‍ സമ്പ്രദായത്തിൽ‍ സന്ഗ്ഗാർ‍ എന്ന ശബ്ദം വാലിസോന്ഗോ ഉപയോഗിക്കുമ്പോൾ‍ അര്‍ത്ഥമാക്കുന്നത്, ഹിന്ദുമതത്തിലോ ബുദ്ധമതത്തിലോ ഉള്ള അർക്കയോ പ്രതിമകളോ അല്ല, മറിച്ച്, കപിതായനിലെ സാംഗ് ഹ്യാങ് തായയുടെ പ്രതീകമായിട്ടുള്ള കാലിയായ ദ്വാരം ചുവരിലുള്ള നാല് ചതുരങ്ങളുള്ള കെട്ടിടത്തെ  അർത്ഥമാക്കുന്നു.","ആരാധനയ്ക്കോ പ്രാര്‍ത്ഥനയ്ക്കോ ഉള്ള ഇടങ്ങള്‍ എന്ന നിലയ്ക്ക് കപിതായൻ‍ സമ്പ്രദായത്തിൽ‍ സന്ഗ്ഗാർ‍ എന്ന ശബ്ദം വാലിസോന്ഗോ ഉപയോഗിക്കുമ്പോൾ‍ അര്‍ത്ഥമാക്കുന്നത്, ഹിന്ദുമതത്തിലോ ബുദ്ധമതത്തിലോ ഉള്ള അർക്കയോ പ്രതിമകളോ അല്ല, മറിച്ച്, കപിതായനിലെ സാംഗ് ഹ്യാങ് തായയുടെ പ്രതീകമായിട്ടുള്ള കാലിയായ ദ്വാരം ചുവരിലുള്ള നാല് ചതുരങ്ങളുള്ള കെട്ടിടത്തെയാണ് അർത്ഥമാക്കുന്നത്",a four-square building 
"In terms of places for worship or praying, Walisongo also uses the term Sanggar in Kapitayan, which represents a four-square building with an empty hole in its wall as the symbol of Sang Hyang Taya in Kapitayan, not arca or statues as in Hinduism or Buddhism.","ആരാധനയ്ക്കോ പ്രാര്‍ത്ഥനയ്ക്കോ ഉള്ള ഇടങ്ങള്‍ എന്ന നിലയ്ക്ക് കപിതായൻ‍ സമ്പ്രദായത്തിൽ‍ സന്ഗ്ഗാർ‍ എന്ന ശബ്ദം വാലിസോന്ഗോ ഉപയോഗിക്കുമ്പോൾ അര്‍ത്ഥമാക്കുന്നത്, ഹിന്ദുമതത്തിലോ ബുദ്ധമതത്തിലോ ഉള്ള അർക്കയോ പ്രതിമകളോ അല്ല, മറിച്ച്, കപിതായനിലെ സാംഗ് ഹ്യാങ് തായയുടെ പ്രതീകമായിട്ടുള്ള കാലിയായ ദ്വാരം ചുവരിലുള്ള നാല് ചതുരങ്ങളുള്ള കെട്ടിടത്തെ  അർത്ഥമാക്കുന്നു.","ആരാധനയ്ക്കോ പ്രാർത്ഥനയ്ക്കോ ഉള്ള ഇടങ്ങൾ എന്ന നിലയ്ക്ക് കപിതായൻ സമ്പ്രദായത്തിൽ സന്ഗ്ഗാർ എന്ന ശബ്ദം വാലിസോന്ഗോ ഉപയോഗിക്കുമ്പോൾ അർത്ഥമാക്കുന്നത്, ഹിന്ദുമതത്തിലോ ബുദ്ധമതത്തിലോ ഉള്ള അർക്കയോ പ്രതിമകളോ അല്ല, മറിച്ച്, കപിതായനിലെ സാംഗ് ഹ്യാങ് തായയുടെ പ്രതീകമായിട്ടുള്ള കാലിയായ ദ്വാരമാണ് ചുവരിലുള്ള നാല് ചതുരങ്ങളുള്ള കെട്ടിടത്തെ അർത്ഥമാക്കുന്നത്.",an empty hole
"Typically, during early modern Spain, many nuns were from elite families who had the means to afford the convent dowry and maintenance","സവിശേഷമാംവിധം, ആദ്യകാല ആധുനിക സ്പെയിനില്‍, മഠത്തിലെ കന്യാധനവും വാര്‍ഷികഫീസായ സംരക്ഷണഅലവന്‍സും നല്‍കാനുള്ള സാമ്പത് തികശേഷിയോടുകൂടിയ കുലീനകുടുംബങ്ങളിൽനിന്ന് അനേകം കന്യാസ്ത്രീകള്‍ വന്നിരുന്നു .","സവിശേഷമാംവിധം, ആദ്യകാല ആധുനിക സ്പെയിനില്‍, മഠത്തിലെ കന്യാധനവും വാര്‍ഷികഫീസായ സംരക്ഷണഅലവന്‍സും നല്‍കാനുള്ള സാമ്പത് തികശേഷിയോടുകൂടിയ കുലീനകുടുംബങ്ങളില്‍നിന്നാണ് അനേകം കന്യാസ്ത്രീകള്‍ വന്നിരുന്നത്.",elite families
"Typically, during early modern Spain, many nuns were from elite families who had the means to afford the convent dowry and maintenance","സവിശേഷമാംവിധം, ആദ്യകാല ആധുനിക സ്പെയിനില്‍, മഠത്തിലെ കന്യാധനവും വാര്‍ഷികഫീസായ സംരക്ഷണഅലവന്‍സും നല്‍കാനുള്ള സാമ്പത് തികശേഷിയോടുകൂടിയ കുലീനകുടുംബങ്ങളിൽനിന്ന് അനേകം കന്യാസ്ത്രീകള്‍ വന്നിരുന്നു .","സവിശേഷമാംവിധം, ആദ്യകാല ആധുനിക സ്പെയിനില്‍, മഠത്തിലെ കന്യാധനവും വാര്‍ഷികഫീസായ സംരക്ഷണഅലവന്‍സും നല്‍കാനുള്ള സാമ്പത് തികശേഷിയോടുകൂടിയ കുലീനകുടുംബങ്ങളിൽനിന്ന് അനേകം കന്യാസ്ത്രീകളാണ് വന്നിരുന്നത്.",many nuns
"Typically, during early modern Spain, many nuns were from elite families who had the means to afford the convent dowry and maintenance","സവിശേഷമാംവിധം, ആദ്യകാല ആധുനിക സ്പെയിനില്‍, മഠത്തിലെ കന്യാധനവും വാര്‍ഷികഫീസായ സംരക്ഷണഅലവന്‍സും നല്‍കാനുള്ള സാമ്പത് തികശേഷിയോടുകൂടിയ കുലീനകുടുംബങ്ങളിൽനിന്ന് അനേകം കന്യാസ്ത്രീകള്‍ വന്നിരുന്നു .","സവിശേഷമാംവിധം, ആദ്യകാല ആധുനിക സ്പെയിനിലാണ്, മഠത്തിലെ കന്യാധനവും വാർഷികഫീസായ സംരക്ഷണഅലവന്സും നല്കാനുള്ള സാമ്പത് തികശേഷിയോടുകൂടിയ കുലീനകുടുംബങ്ങളിൽനിന്ന് അനേകം കന്യാസ്ത്രീകള് വന്നിരുന്നത്.",early modern Spain
"The theological basis of non-violence as the highest religious duty has been interpreted by some Jain scholars not to be driven by merit from giving or compassion to other creatures, nor a duty to rescue all creatures, but to result from continual self-discipline, a cleansing of the soul that leads to ones own spiritual development, which ultimately affects ones salvation and release from rebirths.","ദാനത്തിൽനിന്നോ അന്യജീവികളോടുള്ള കരുണയിൽനിന്നോ, എല്ലാ ജീവികളെയും രക്ഷിക്കുക എന്ന കര്‍ത്തവ്യത്തിൽനിന്നോ കിട്ടുന്ന പുണ്യത്താല്‍ ത്വരിപ്പിക്കപ്പെടാതെ നിരന്തരമായ ആത്മനിയന്ത്രണത്തിലൂടെ അവനവന്‍റെ ആധ്യാത്മികവികാസത്തിലെത്തിക്കുന്ന ആത്മശുദ്ധീകരണത്തിലൂടെ, ആത്യന്തികമായി മോക്ഷത്തേയും പുനര്‍ജ്ജന്മത്തിൽനിന്നുള്ള മുക്തിയേയും സ്വാധീനിക്കുക അത്യുന്നതമായ മതധർമ്മമായി അഹിംസയെ കരുതുന്നതിൻ്റെ ദൈവശാസ്ത്രപരമായ അടിത്തറ ചില ജൈനപണ്ഡിതന്മാർ വ്യാഖ്യാനിക്കുന്നു.","ദാനത്തിൽനിന്നോ അന്യജീവികളോടുള്ള കരുണയിൽനിന്നോ, എല്ലാ ജീവികളെയും രക്ഷിക്കുക എന്ന കര്‍ത്തവ്യത്തിൽനിന്നോ കിട്ടുന്ന പുണ്യത്താല്‍ ത്വരിപ്പിക്കപ്പെടാതെ നിരന്തരമായ ആത്മനിയന്ത്രണത്തിലൂടെ അവനവന്‍റെ ആധ്യാത്മികവികാസത്തിലെത്തിക്കുന്ന ആത്മശുദ്ധീകരണത്തിലൂടെ, ആത്യന്തികമായി മോക്ഷത്തേയും പുനര്‍ജ്ജന്മത്തിൽനിന്നുള്ള മുക്തിയേയും സ്വാധീനിക്കുക അത്യുന്നതമായ മതധർമ്മമായി അഹിംസയെ കരുതുന്നതിൻ്റെ ദൈവശാസ്ത്രപരമായ അടിത്തറയാണ് ചില ജൈനപണ്ഡിതന്മാര്‍ വ്യാഖ്യാനിക്കുന്നത്",the theological basis
"The Constana Mufti, who is the community's main representative, is elected by a secret ballot from among the imams.","സമുദായത്തിൻ്റെ പ്രധാന പ്രതിനിധിയായ കോൺസ്റ്റാന മുഫ്തി, ഇമാമുകൾക്കിടയിലെ ഒരു രഹസ്യ തെരഞ്ഞെടുപ്പിലൂടെ തെരഞ്ഞെടുക്കപ്പെടുന്നു.","സമുദായത്തിൻ്റെ പ്രധാന പ്രതിനിധിയായ കോൺസ്റ്റാന മുഫ്തി, ഇമാമുകൾക്കിടയിലെ ഒരു രഹസ്യ തെരഞ്ഞെടുപ്പിലൂടെയാണ് തെരഞ്ഞെടുക്കപ്പെടുന്നത്.",by a secret ballot
Part II (Articles 17-24) governs the reporting and monitoring of the Convention and the steps taken by the parties to implement it.,"കൺവെൻഷൻ്റെ വിവരണവും നിരീക്ഷണവും, അതോടൊപ്പം കക്ഷികൾ അവ നടപ്പിലാക്കുവാനെടുത്ത നടപടികളും രണ്ടാംഭാഗം (വകുപ്പുകൾ 17-24) നിയന്ത്രിക്കുന്നു.","കൺവെൻഷൻ്റെ വിവരണവും നിരീക്ഷണവും, അതോടൊപ്പം കക്ഷികൾ അവ നടപ്പിലാക്കുവാനെടുത്ത നടപടികളും രണ്ടാംഭാഗമാണ് (വകുപ്പുകൾ 17-24) നിയന്ത്രിക്കുന്നത്.",Part II (Articles 17-24)
"In Taiwan, polls and research have consistently shown strong support for the death penalty at 80%.",തായ്‌വാനിലെ തിരഞ്ഞെടുപ്പുകളും ഗവേഷണവും 80% വരുന്ന കടുത്ത പിന്തുണ വധശിക്ഷയ്ക്ക് നിരന്തരം നൽകിക്കൊണ്ടിരിക്കുന്നു.,തായ്‌വാനിലെ തിരഞ്ഞെടുപ്പുകളും ഗവേഷണവും 80% വരുന്ന കടുത്ത പിന്തുണയാണ് വധശിക്ഷയ്ക്ക് നിരന്തരം നല്‍കിക്കൊണ്ടിരിക്കുന്നത്.,strong support 
"Bengal Chemicals and Pharmaceuticals was set up by P.C. Ray, a professor of chemistry at Calcutta University.",പി. സി. റേ ബംഗാൾ കെമിക്കൽസ് ആൻഡ് ഫാർമസ്യൂട്ടിക്കൽസ് സ്ഥാപിച്ചു.,പി. സി. റേയാണ് ബംഗാൾ കെമിക്കൽസ് ആൻഡ് ഫാർമസ്യൂട്ടിക്കൽസ് സ്ഥാപിച്ചത്.,P.C. Ray
A. T. I entered the mobile computing sector by introducing 3D-graphics acceleration to laptops in 1996.,1996ൽ ലാപ്ടോപ്പുകളിൽ 3ഡി-ഗ്രാഫിക്സിൻ്റെ ത്വരണം കൊണ്ടുവന്ന് എ. ടി. ഐ മൊബൈൽ കമ്പ്യൂട്ടിങ് മേഖലയിൽ പ്രവേശിച്ചു., 1996ൽ ലാപ്ടോപ്പുകളിൽ 3ഡി-ഗ്രാഫിക്സിൻ്റെ ത്വരണം കൊണ്ടുവന്ന് എ. ടി. ഐയാണ് മൊബൈൽ കമ്പ്യൂട്ടിങ് മേഖലയിൽ പ്രവേശിച്ചത്.,A. T. I 
"Mental health professionals such as psychiatrists acquire their qualifications by completing an MD in Psychiatry, a Diploma in Psychiatric Medicine (DPM), or Diplomate of National Board (DNB) in Psychiatry; following an MBBS from a Medical Council of India center.","ഒരു ഇന്ത്യൻ മെഡിക്കൽ കൗൺസിൽ കേന്ദ്രത്തിൽ നിന്നുള്ള എം. ബി. ബി. എസിന് ശേഷം സൈക്യാട്രിയിൽ എം. ഡിയോ, സൈക്യാട്രിക് മെഡിസിനിൽ ഡിപ്ലോമ (ഡി. പി. എം)യോ, സൈക്യാട്രിയിൽ നാഷണൽ ബോർഡിന്റെ ഡിപ്ലോമേറ്റോ (ഡി. എൻ. ബി) പൂർത്തിയാക്കി സൈക്യാട്രിസ്റ്റുകളെപ്പോലുള്ള മാനസികാരോഗ്യവിദഗ്ദർ അവരുടെ യോഗ്യതകൾ കരസ്ഥമാക്കുന്നു.","ഒരു ഇന്ത്യൻ മെഡിക്കൽ കൗൺസിൽ കേന്ദ്രത്തിൽ നിന്നുള്ള എം. ബി. ബി. എസിന് ശേഷം സൈക്യാട്രിയിൽ എം. ഡിയോ , സൈക്യാട്രിക്ക് മെഡിസിനിൽ ഡിപ്ലോമ (ഡി. പി. എം)യോ , സൈക്യാട്രിയിൽ നാഷണൽ ബോർഡിൻ്റെ ഡിപ്ലോമേറ്റോ (ഡി. എൻ. ബി) പൂർത്തിയാക്കിയാണ് സൈക്യാട്രിസ്റ്റുകളെപ്പോലുള്ള മാനസികാരോഗ്യവിദഗ്ദർ അവരുടെ യോഗ്യതകൾ കരസ്ഥമാക്കുന്നത്.""",by completing 
"A 2003 Battelle Environmental Evaluation System (BEES) evaluation of Bangalore's physical, biological and socioeconomic parameters indicated that Bangalore's water quality and terrestrial and aquatic ecosystems were close to ideal, while the city's socioeconomic parameters (traffic, quality of life) air quality and noise pollution were poor.","ബാംഗ്ലൂരിൻ്റെ ജലഗുണനിലവാരം ഉത്തമനിലവാരത്തോടടുത്തതെന്ന്, ഭൗമ, ജല ആവാസവ്യവസ്ഥകളും ഉത്തമനിലവാരത്തോടടുത്തിരിക്കെ, നഗരത്തിൻ്റെ സാമൂഹികസാമ്പത്തികഘടകങ്ങളും (വാഹനത്തിരക്ക്, ജീവിത ഗുണനിലവാരം) വായുമലിനീകരണവും ശബ്ദമലിനീകരണവും മോശമാണെന്ന് ബാംഗ്ലൂരിൻ്റെ ഭൗതികവും ജീവശാസ്ത്രപരവും സാമൂഹിക സാമ്പത്തികവുമായ ഘടകങ്ങളുടെ ബെറ്റൽ എൻവിറോൺമെൻ്റൽ ഇവാല്വേഷൻ സിസ്റ്റ(ബി. ഇ. ഇ. എസ്)ത്തിൻ്റെ 2003ലെ ഒരു വിലയിരുത്തൽ സൂചിപ്പിച്ചു.","ബാംഗ്ലൂരിൻ്റെ ജലഗുണനിലവാരം ഭൗമ, ജല ആവാസവ്യവസ്ഥകളും ഉത്തമനിലവാരത്തോടടുത്തിരിക്കെ, നഗരത്തിൻ്റെ സാമൂഹികസാമ്പത്തികഘടകങ്ങളും (വാഹനത്തിരക്ക്, ജീവിത ഗുണനിലവാരം) വായുമലിനീകരണവും ശബ്ദമലിനീകരണവും മോശമാണെന്നാണ് ബാംഗ്ലൂരിൻ്റെ ഭൗതികവും ജീവശാസ്ത്രപരവും സാമൂഹിക സാമ്പത്തികവുമായ ഘടകങ്ങളുടെ ബെറ്റൽ എൻവിറോൺമെൻ്റൽ ഇവാല്വേഷൻ സിസ്റ്റ(ബി. ഇ. ഇ. എസ്)ത്തിൻ്റെ 2003ലെ ഒരു വിലയിരുത്തൽ സൂചിപ്പിച്ചത്.",were poor
"A 2003 Battelle Environmental Evaluation System (BEES) evaluation of Bangalore's physical, biological and socioeconomic parameters indicated that Bangalore's water quality and terrestrial and aquatic ecosystems were close to ideal, while the city's socioeconomic parameters (traffic, quality of life) air quality and noise pollution were poor.","ബാംഗ്ലൂരിൻ്റെ ജലഗുണനിലവാരം ഉത്തമനിലവാരത്തോടടുത്തതെന്ന്, ഭൗമ, ജല ആവാസവ്യവസ്ഥകളും ഉത്തമനിലവാരത്തോടടുത്തിരിക്കെ, നഗരത്തിൻ്റെ സാമൂഹികസാമ്പത്തികഘടകങ്ങളും (വാഹനത്തിരക്ക്, ജീവിത ഗുണനിലവാരം) വായുമലിനീകരണവും ശബ്ദമലിനീകരണവും മോശമാണെന്ന് ബാംഗ്ലൂരിൻ്റെ ഭൗതികവും ജീവശാസ്ത്രപരവും സാമൂഹിക സാമ്പത്തികവുമായ ഘടകങ്ങളുടെ ബെറ്റൽ എൻവിറോൺമെൻ്റൽ ഇവാല്വേഷൻ സിസ്റ്റ(ബി. ഇ. ഇ. എസ്)ത്തിൻ്റെ 2003ലെ ഒരു വിലയിരുത്തൽ സൂചിപ്പിച്ചു.","ബാംഗ്ലൂരിൻ്റെ ജലഗുണനിലവാരമാണ് ഉത്തമനിലവാരത്തോടടുത്തതെന്ന്, ഭൗമ, ജല ആവാസവ്യവസ്ഥകളും ഉത്തമനിലവാരത്തോടടുത്തിരിക്കെ, നഗരത്തിൻ്റെ സാമൂഹികസാമ്പത്തികഘടകങ്ങളും (വാഹനത്തിരക്ക്, ജീവിത ഗുണനിലവാരം) വായുമലിനീകരണവും ശബ്ദമലിനീകരണവും മോശമാണെന്ന് ബാംഗ്ലൂരിൻ്റെ ഭൗതികവും ജീവശാസ്ത്രപരവും സാമൂഹിക സാമ്പത്തികവുമായ ഘടകങ്ങളുടെ ബെറ്റൽ എൻവിറോൺമെൻ്റൽ ഇവാല്വേഷൻ സിസ്റ്റ(ബി. ഇ. ഇ. എസ്)ത്തിൻ്റെ 2003ലെ ഒരു വിലയിരുത്തൽ സൂചിപ്പിച്ചത്.",Bangalore's water quality.
"It envisions an ASEAN Community that is people-centered and socially responsible with a view to achieving enduring solidarity and unity among the countries and peoples of ASEAN by forging a common identity and building a caring and sharing society that is inclusive and harmonious where the well-being, livelihood, and welfare of the peoples are enhanced.","ഒരു പൊതുസ്വത്വം പടുത്തെടുത്തും, ജനങ്ങളുടെ സുസ്ഥിതിയും ജീവനോപാധിയും ക്ഷേമവും വളർത്തുന്നതും കരുതലും പങ്കുവെക്കുന്ന മനസ്ഥിതിയുള്ളതുമായ ഒരു സമൂഹം സൃഷ്ടിച്ചുംകൊണ്ട്, ആസിയാനിലെ ജനങ്ങൾക്കും രാജ്യങ്ങൾക്കും ഇടയിൽ നീണ്ടുനിൽക്കുന്ന ആദർശൈക്യവും ഐകമത്യവും നേടിയെടുക്കണം എന്ന ലക്ഷ്യത്തോടെ പ്രവർത്തിക്കുന്ന ജനകേന്ദ്രിതവും സാമൂഹികപ്രതിബദ്ധതയുള്ളതുമായ ആസിയാൻ സമൂഹം അത് വിഭാവനം ചെയ്യുന്നു.","ഒരു പൊതുസ്വത്വം പടുത്തെടുത്തും, ജനങ്ങളുടെ സുസ്ഥിതിയും ജീവനോപാധിയും ക്ഷേമവും വളര്‍ത്തുന്നതും കരുതലും പങ്കുവെക്കുന്ന മനസ്ഥിതിയുള്ളതുമായ ഒരു സമൂഹം സൃഷ്ടിച്ചുംകൊണ്ട്, ആസിയാനിലെ ജനങ്ങള്‍ക്കും രാജ്യങ്ങള്‍ക്കും ഇടയില്‍ നീണ്ടുനില്‍ക്കുന്ന ആദര്‍ശൈക്യവും ഐകമത്യവും നേടിയെടുക്കണം എന്ന ലക്ഷ്യത്തോടെ പ്രവര്‍ത്തിക്കുന്ന ജനകേന്ദ്രിതവും സാമൂഹികപ്രതിബദ്ധതയുള്ളതുമായ ആസിയാന്‍ സമൂഹമാണ് അത് വിഭാവനം ചെയ്യുന്നത്.",ASEAN Community
"The ICC consisted of three British and three Indians, led by T. Rangachari, a Madras lawyer.",മദ്രാസ് അഭിഭാഷകനായ ടി. രംഗാചാരിയുടെ നേതൃത്വത്തിലുള്ള ഐ.സി.സി.യിൽ മൂന്ന് ബ്രിട്ടീഷുകാരും മൂന്ന് ഇന്ത്യക്കാരും ഉണ്ടായിരുന്നു.,മദ്രാസ് അഭിഭാഷകനായ ടി. രംഗാചാരിയുടെ നേതൃത്വത്തിലുള്ള ഐ.സി.സി.യിൽ മൂന്ന് ബ്രിട്ടീഷുകാരും മൂന്ന് ഇന്ത്യക്കാരുമാണ് ഉണ്ടായിരുന്നത്.,three British and three Indians
Fresh fish are exported to France and dried and preserved fish to Spain and Italy.,പച്ചമത്സ്യം ഫ്രാൻസിലേക്കും ഉണക്കി സംസ്കരിച്ച മത്സ്യം സ്പെയിനിലേക്കും ഇറ്റലിയിലേക്കും കയറ്റിയയക്കുന്നു.,പച്ചമത്സ്യം ഫ്രാന്‍സിലേക്കും ഉണക്കി സംസ്കരിച്ച മത്സ്യം സ്പെയിനിലേക്കും ഇറ്റലിയിലേക്കുമാണ് കയറ്റിയയക്കുന്നത്.,to Spain and Italy”
"Dehradun city receives potable water from two primary sources: surface water and groundwater, to meet its supply needs.","രണ്ട് പ്രാഥമികസ്രോതസ്സുകളിൽനിന്ന് ഡെറാഡൂൺ നഗരത്തിന് അതിൻ്റെ കുടിവെള്ളം കിട്ടുന്നു. ഉപരിതലജലം, ഭൂഗർഭ ജലം എന്നിവ വിതരണാവശ്യങ്ങൾ നിറവേറ്റുന്നു.","രണ്ട് പ്രാഥമികസ്രോതസ്സുകളിൽനിന്നാണ് ഡെറാഡൂൺ നഗരത്തിന് അതിൻ്റെ കുടിവെള്ളം കിട്ടുന്നത് : ഉപരിതലജലം, ഭൂഗർഭ ജലം എന്നിവ വിതരണാവശ്യങ്ങൾ നിറവേറ്റുന്നു.",two primary sources
"Citrus fruit is mainly grown in the central parts of Jamaica, particularly between the elevations of 1,000 - 2,500 feet.","ജമൈക്കയുടെ മദ്ധ്യഭാഗങ്ങളിൽ, വിശേഷിച്ചും 1,000 മുതൽ 2,500 അടിവരെയുള്ള ഉയരങ്ങളിൽ, നാരകവർഗ്ഗപ്പഴങ്ങൾ പ്രധാനമായും കൃഷി ചെയ്യുന്നു.","ജമൈക്കയുടെ മദ്ധ്യഭാഗങ്ങളില്‍, വിശേഷിച്ചും 1,000 മുതല്‍ 2,500 അടിവരെയുള്ള ഉയരങ്ങളിലാണ്, നാരകവര്‍ഗ്ഗപ്പഴങ്ങള്‍ പ്രധാനമായും കൃഷി ചെയ്യുന്നത്.","1,000 – 2,500 feet"
"According to a 2010 report, only about 2.1% (or 1,350,000 ha) of Afghanistan is forested.","2010ലെ ഒരു റിപ്പോർട്ട് പ്രകാരം അഫ്ഗാനിസ്ഥാൻ്റെ ഏകദേശം 2.1 ശതമാനത്തിൽ (അഥവാ 1,35,000 ഹെക്ടറിൽ) മാത്രം വനം ഉണ്ട്.","2010ലെ ഒരു റിപ്പോർട്ട് പ്രകാരം അഫ്‌ഗാനിസ്ഥാൻ്റെ ഏകദേശം 2.1 ശതമാനത്തിൽ (അഥവാ 1,35,000 ഹെക്ടറിൽ ) മാത്രമാണ് വനമുള്ളത്.",only about 2.1%
About 44 million metric tonnes of cargo are moved annually through the country's major rivers and waterways.,"രാജ്യത്തെ പ്രധാന നദികൾ, ജലമാർഗ്ഗങ്ങൾ എന്നിവയിലൂടെ ഏതാണ്ട് 44 ദശലക്ഷം മെട്രിക് ടൺ ചരക്ക് പ്രതിവർഷം നീക്കുന്നു.","രാജ്യത്തെ പ്രധാന നദികള്‍, ജലമാര്‍ഗ്ഗങ്ങള്‍ എന്നിവയിലൂടെ ഏതാണ്ട് 44 ദശലക്ഷം മെട്രിക് ടണ്‍ ചരക്കാണ് പ്രതിവര്‍ഷം നീക്കുന്നത്.", cargo
"Like the 51st edition, this edition was also held in a hybrid format that combined online and face-to-face participation."",",51-ാം എഡിഷൻ പോലെ ഈ എഡിഷനും ഓൺലൈനും മുഖാമുഖപങ്കാളിത്തവും സംയോജിപ്പിച്ച സങ്കര രൂപത്തിൽ നടത്തി.,51-ാം എഡിഷന്‍ പോലെ ഈ എഡിഷനും ഓണ്‍ലൈനും മുഖാമുഖപങ്കാളിത്തവും സംയോജിപ്പിച്ച സങ്കര രൂപത്തിലാണ് നടത്തിയത്.,hybrid format
"Although it is inferred as a Filmfare Award, he said in an interview that I did not write a Filmfare Award.",അതൊരു ഫിലിം ഫെയർ അവാർഡായി കരുതപ്പെടുന്നുണ്ടെങ്കിലും ഞാന്‍ ഒരു ഫിലിം ഫെയർ അവാർഡ് എന്ന് എഴുതിയിട്ടില്ല എന്ന് ഒരു അഭിമുഖത്തിൽ അദ്ദേഹം പറഞ്ഞു.,അതൊരു ഫിലിം ഫെയര്‍ അവാര്‍ഡായി കരുതപ്പെടുന്നുണ്ടെങ്കിലും ഞാന്‍ ഒരു ഫിലിം ഫെയര്‍ അവാര്‍ഡ് എന്ന് എഴുതിയിട്ടില്ല  എന്നാണ് ഒരു അഭിമുഖത്തില്‍ അദ്ദേഹം പറഞ്ഞത്.,I did not write
"He is best known for directing the critically acclaimed films Gharaonda (1977), starring Amol Palekar and Zarina Wahab, and Dooriyaan (1979), starring Sharmila Tagore and Uttam Kumar.","അമോൽ പലേക്കറും സറീന വഹാബും അഭിനയിച്ച ഘരൌന്ദാ (1977), ഷർമിളാ ടാഗോറും ഉത്തം കുമാറും അഭിനയിച്ച ദൂരിയാൻ (1979) എന്നീ നിരൂപകപ്രശംസ നേടിയ ചിത്രങ്ങൾ സംവിധാനം ചെയ്തതിന് അദ്ദേഹം പ്രശസ്തനായി.","
അമോല്‍ പലേക്കറും സറീന വഹാബും അഭിനയിച്ച ഘരൌന്ദാ (1977), ഷര്‍മിളാ ടാഗോറും ഉത്തം കുമാറും അഭിനയിച്ച ദൂരിയാന്‍ (1979) എന്നീ നിരൂപകപ്രശംസ നേടിയ ചിത്രങ്ങള്‍ സംവിധാനം ചെയ്തതിനാണ് അദ്ദേഹം പ്രശസ്തനായത്",for directing
"It is published by Encyclopedia Britannica, Inc.; the company has existed since the 18th century, although it has changed ownership various times through the centuries.",എൻസൈക്ലോപീഡിയ ബ്രിട്ടാനിക്കാ ഇൻകോർപറേറ്റഡ് അത് പ്രസിദ്ധീകരിച്ചു; ഈ കമ്പനി പതിനെട്ടാംനൂറ്റാണ്ടുമുതൽ നിലനിൽക്കുന്നതാണെങ്കിലും അതിൻ്റെ ഉടമസ്ഥാവകാശം നൂറ്റാണ്ടുകൾ കടന്നുപോകവേ പലതവണ കൈമാറ്റം ചെയ്യപ്പെട്ടിട്ടുണ്ട്.,എൻസൈക്ലോപീഡിയ ബ്രിട്ടാനിക്കാ ഇൻകോർപറേറ്റഡ് ആണ് അത് പ്രസിദ്ധീകരിച്ചത്; ഈ കമ്പനി പതിനെട്ടാംനൂറ്റാണ്ടുമുതൽ നിലനിൽക്കുന്നതാണെങ്കിലും അതിൻ്റെ ഉടമസ്ഥാവകാശം നൂറ്റാണ്ടുകൾ കടന്നുപോകവേ പലതവണ കൈമാറ്റം ചെയ്യപ്പെട്ടിട്ടുണ്ട്.,"Encyclopedia Britannica, Inc"
"Although Thomas precession (net rotation after a trajectory that returns to its initial velocity) is a purely kinematic effect, it only occurs in curvilinear motion and therefore cannot be observed independently of some external force causing the curvilinear motion, such as that caused by an electromagnetic field, a gravitational field, or a mechanical force, so Thomas precession is usually accompanied by dynamical effects.","തോമസ് പ്രിസെഷൻ (പ്രാരംഭവേഗതയിലേക്ക് മടങ്ങുന്ന ഒരു സഞ്ചാരപഥത്തിന് ശേഷമുള്ള നെറ്റ് റൊട്ടേഷൻ) ഒരു കേവലം ചലനാത്മകമായ പ്രഭാവമാണെങ്കിലും, അത് വക്രരേഖീയമായ ചലനത്തിൽ മാത്രം സംഭവിക്കുന്നതും അതിനാൽ വക്രരേഖീയമായ ചലനമുണ്ടാക്കുന്ന വൈദ്യുതകാന്തിക മണ്ഡലം, ഗുരുത്വാകർഷണ മണ്ഡലം, മെക്കാനിക്കൽ ബലം തുടങ്ങിയ ബാഹ്യബലത്തിൽനിന്ന് സ്വതന്ത്രമായി നിരീക്ഷിക്കാനാകാത്തതും ആയതിനാൽ തോമസ് പ്രിസെഷൻ സാധാരണമായി ചലനാത്മക പ്രഭാവങ്ങളോടൊപ്പം സംഭവിക്കുന്നു.","തോമസ് പ്രിസെഷൻ (പ്രാരംഭവേഗതയിലേക്ക് മടങ്ങുന്ന ഒരു സഞ്ചാരപഥത്തിന് ശേഷമുള്ള നെറ്റ് റൊട്ടേഷൻ ) ഒരു കേവലം ചലനാത്മകമായ പ്രഭാവമാണെങ്കിലും, അത് വക്രരേഖീയമായ ചലനത്തിൽ മാത്രം സംഭവിക്കുന്നതും അതിനാൽ വക്രരേഖീയമായ ചലനമുണ്ടാക്കുന്ന വൈദ്യുതകാന്തിക മണ്ഡലം, ഗുരുത്വാകർഷണ മണ്ഡലം, മെക്കാനിക്കൽ ബലം തുടങ്ങിയ ബാഹ്യബലത്തിൽനിന്ന് സ്വതന്ത്രമായി നിരീക്ഷിക്കാനാകാത്തതും ആയതിനാൽ തോമസ് പ്രിസെഷൻ സാധാരണമായി ചലനാത്മക പ്രഭാവങ്ങളോടൊപ്പം സംഭവിക്കുന്നതാണ്.",accompanied by dynamical effects
"For example, what John Polkinghorne terms 'conceptual' or 'epistemological' reductionism is the definition provided by Simon Blackburn and by Jaegwon Kim: that form of reductionism which concerns a program of replacing the facts or entities involved in one type of discourse with other facts or entities from another type, thereby providing a relationship between them.","ഉദാഹരണത്തിന്, സൈമൺ ബ്ലാക്ക്ബേണും ഏയ്ഗ്‌വൺ കിമ്മും നൽകിയ നിർവചനം ജോൺ പോൾക്കിംഗ്‌ഹോൺ 'ആശയപരമായ' അല്ലെങ്കിൽ 'ജ്ഞാനശാസ്ത്രപരമായ' റിഡക്ഷനിസം എന്ന് വിശേഷിപ്പിക്കുന്നു: ഒരു തരത്തിലുള്ള വ്യവഹാരത്തിൽ ഉൾപ്പെട്ടിരിക്കുന്ന വസ്തുതകൾക്കും ഉണ്മകൾക്കും മറ്റൊരു തരത്തിലുള്ള വ്യവഹാരത്തിൽനിന്നുള്ള മറ്റ് വസ്തുതകളും ഉണ്മകളും പകരം വെച്ച് അങ്ങനെ അവയ്ക്കിടയിൽ ഒരു ബന്ധം സൃഷ്ടിക്കുന്ന ഒരു പ്രോഗ്രാമുമായി ബന്ധപ്പെടുന്ന ആ റിഡക്ഷനിസത്തിൻ്റെ രൂപം.","ഉദാഹരണത്തിന്, സൈമൺ ബ്ലാക്ക്ബേണും ഏയ്ഗ്‌വൺ കിമ്മും നൽകിയ നിർവചനമാണ് ജോൺ പോൾക്കിംഗ്‌ഹോൺ 'ആശയപരമായ' അല്ലെങ്കിൽ 'ജ്ഞാനശാസ്ത്രപരമായ' റിഡക്ഷനിസം എന്ന് വിശേഷിപ്പിക്കുന്നത്: ഒരു തരത്തിലുള്ള വ്യവഹാരത്തിൽ ഉൾപ്പെട്ടിരിക്കുന്ന വസ്തുതകൾക്കും ഉണ്മകൾക്കും മറ്റൊരു തരത്തിലുള്ള വ്യവഹാരത്തിൽനിന്നുള്ള മറ്റ് വസ്തുതകളും ഉണ്മകളും പകരം വെച്ച് അങ്ങനെ അവയ്ക്കിടയിൽ ഒരു ബന്ധം സൃഷ്ടിക്കുന്ന ഒരു പ്രോഗ്രാമുമായി ബന്ധപ്പെടുന്ന ആ റിഡക്ഷനിസത്തിൻ്റെ രൂപം.",the definition
Mains filter capacitors are usually encapsulated in wound plastic film types since these deliver high voltage ratings at a low cost and may be made self-healing and fusible.,"കുറഞ്ഞ ചിലവിൽ ഉയർന്ന റേറ്റിംഗുകൾ നല്കുന്നതിനാലും, സ്വയം ശരിപ്പെടുത്തുന്നതും ഫ്യൂസിബിളും ആക്കാമെന്നതിനാലും മെയിൻസ് ഫിൽറ്റർ കപ്പാസിറ്ററുകൾ സാധാരണ പ്ലാസ്റ്റിക് ഫിലിമിൻ്റെ ആവരണം നൽകപ്പെട്ട് ഒതുക്കിയരൂപത്തിലാക്കുന്നു.
","കുറഞ്ഞ ചിലവിൽ ഉയർന്ന റേറ്റിംഗുകൾ നല്കുന്നതിനാലും , സ്വയം ശരിപ്പെടുത്തുന്നതും ഫ്യൂസിബിളും ആക്കാമെന്നതിനാലും മെയിൻസ് ഫിൽറ്റർ കപ്പാസിറ്ററുകൾ സാധാരണ പ്ലാസ്റ്റിക് ഫിലിമിൻ്റെ ആവരണം നൽകപ്പെട്ട് ഒതുക്കിയരൂപത്തിലാക്കിയതാണ്.",in wound plastic film type
"They are mainly used in high-end audio power amplifiers and RF power amplifiers in wireless cellular networks such as 2G, 3G, and 4G.","2ജി, 3ജി, 4ജി തുടങ്ങിയ വയർലെസ്സ് സെല്ലുലാർ നെറ്റ്‌വർക്കുകളിലെ ഉയർന്ന നിലവാരമുള്ള ഓഡിയോ പവർ ആംപ്ലിഫയറുകളിലും ആർ. എഫ് പവർ ആംപ്ലിഫയറുകളിലും അവ പ്രധാനമായും ഉപയോഗിക്കുന്നു.
","2ജി, 3ജി, 4ജി തുടങ്ങിയ വയർലെസ്സ് സെല്ലുലാർ നെറ്റ്‌വർക്കുകളിലെ ഉയർന്ന നിലവാരമുള്ള ഓഡിയോ പവർ ആംപ്ലിഫയറുകളിലും ആർ. എഫ് പവർ ആംപ്ലിഫയറുകളിലുമാണ് അവ പ്രധാനമായും ഉപയോഗിക്കുന്നത്.",RF power amplifiers 
Autocrine is a cell sending a signal to itself by secreting a molecule that binds to a receptor on its surface.,ഉപരിതലത്തിൽ ഒരു ഗ്രാഹിയുമായി ബന്ധിപ്പിക്കുന്ന ഒരു തന്മാത്ര പുറപ്പെടുവിച്ച് ഒരു കോശം അതിനുതന്നെ സിഗ്‌നൽ അയക്കുന്നതിനാണ് ഓട്ടോക്രൈൻ എന്ന് പറയുന്നത്.,ഉപരിതലത്തിൽ ഒരു ഗ്രാഹിയുമായി ബന്ധിപ്പിക്കുന്ന ഒരു തന്മാത്ര പുറപ്പെടുവിച്ച് ഒരു കോശം അതിനുതന്നെ സിഗ്‌നൽ അയക്കുന്നതിനാണ് ഓട്ടോക്രൈൻ എന്ന് പറയുന്നത്.,sending
Technology has helped teachers create better assessments to help understand where students who are having trouble with the material are having issues.,പഠനഭാഗത്തിൽ ബുദ്ധിമുട്ട് നേരിടുന്ന വിദ്യാർത്ഥികൾ എവിടെ പ്രശ്നമനുഭവിക്കുന്നു എന്ന് മനസ്സിലാക്കാനായി മെച്ചപ്പെട്ട വിലയിരുത്തലുകൾ നടത്തുന്നതിൽ സാങ്കേതികവിദ്യ അധ്യാപകരെ സഹായിച്ചിട്ടുണ്ട്.,പഠനഭാഗത്തിൽ ബുദ്ധിമുട്ട് നേരിടുന്ന വിദ്യാർത്ഥികൾ എവിടെയാണ് പ്രശ്നമനുഭവിക്കുന്നത് എന്ന് മനസ്സിലാക്കാനായി മെച്ചപ്പെട്ട വിലയിരുത്തലുകൾ നടത്തുന്നതിൽ സാങ്കേതികവിദ്യ അധ്യാപകരെ സഹായിച്ചിട്ടുണ്ട്,where students
"Determining the complexity of an algorithm means finding upper bounds or estimates of how many elementary operations, such as additions and multiplications of scalars, are necessary to perform some algorithm, for example, the multiplication of matrices.","മാട്രിക്സുകൾ ഗുണനം ചെയ്യുന്നത് പോലെ ഒരു അൽഗൊരിതം ചെയ്യാൻ സംഖ്യകളുടെ കൂട്ടലും ഗുണിക്കലും പോലുള്ള എത്ര പ്രാഥമികപ്രവർത്തനങ്ങൾ ആവശ്യമാണ് എന്നതിൻ്റെ ഉയർന്ന പരിധികളോ എസ്റ്റിമേറ്റുകളോ കണ്ടെത്തുക ഒരു അൽഗൊരിതത്തിൻ്റെ സങ്കീർണത നിർണ്ണയിക്കുക എന്നതുകൊണ്ട് അർത്ഥമാക്കുന്നു.
",മാട്രിക്സുകൾ ഗുണനം ചെയ്യുന്നത് പോലെ ഒരു അൽഗൊരിതം ചെയ്യാൻ സംഖ്യകളുടെ കൂട്ടലും ഗുണിക്കലും പോലുള്ള എത്ര പ്രാഥമികപ്രവർത്തനങ്ങൾ ആവശ്യമാണ് എന്നതിൻ്റെ ഉയർന്ന പരിധികളോ എസ്റ്റിമേറ്റുകളോ കണ്ടെത്തുക എന്നാണ് ഒരു അൽഗൊരിതത്തിൻ്റെ സങ്കീർണത നിർണ്ണയിക്കുക എന്നതുകൊണ്ട് അർത്ഥമാക്കുന്നത്.,finding upper bounds
"Carbon clusters were first detected by Eric A. Rohlfing, Donald M. Cox, and Andrew Kaldor in 1984, in experiments where graphite was vaporised by a laser and the vapour was quenched by a helium atmosphere.","ലേസർ കൊണ്ട് ഗ്രാഫൈറ്റ് ബാഷ്പീകരിക്കുകയും ഒരു ഹീലിയം അന്തരീക്ഷത്താൽ ആ ബാഷ്പം തണുപ്പിക്കുകയും ചെയ്ത പരീക്ഷണങ്ങളിൽ എറിക് എ. റോൾഫിംഗ്, ഡൊണാൾഡ് എം. കോക്സ്, ആൻഡ്രൂ കാൽഡോർ എന്നിവർ 1984ൽ കാർബൺ ക്ലസ്റ്ററുകൾ ആദ്യമായി കണ്ടുപിടിക്കുന്നു.
","ലേസർ കൊണ്ട് ഗ്രാഫൈറ്റ് ബാഷ്പീകരിക്കുകയും ഒരു ഹീലിയം അന്തരീക്ഷത്താൽ ആ ബാഷ്പം തണുപ്പിക്കുകയും ചെയ്ത പരീക്ഷണങ്ങളിലാണ് എറിക് എ. റോൾഫിംഗ്, ഡൊണാൾഡ് എം. കോക്സ്, ആൻഡ്രൂ കാൽഡോർ എന്നിവർ 1984ൽ കാർബൺ ക്ലസ്റ്ററുകൾ ആദ്യമായി കണ്ടുപിടിക്കുന്നത്.""",in experiments
"He first investigated the rate of decrease in mean temperature with the increase in elevation above sea level, which afforded, by his inquiries regarding the origin of tropical storms, the earliest clue to the detection of the more complicated law governing atmospheric disturbances in higher latitudes.","ഉഷ്ണമേഖലാപ്രദേശങ്ങളിലെ കൊടുങ്കാറ്റുകളുടെ ഉത്ഭവവുമായി ബന്ധപ്പെട്ട അദ്ദേഹത്തിൻ്റെ അന്വേഷണങ്ങളിലൂടെ, ഉയർന്ന അക്ഷാംശങ്ങളിലെ അന്തരീക്ഷക്ഷോഭങ്ങളെ നിയന്ത്രിക്കുന്ന കൂടുതൽ സങ്കീർണമായ നിയമം കണ്ടുപിടിക്കുന്നതിലേക്കുള്ള ഏറ്റവും ആദ്യത്തെ സൂചന നൽകിയ, സമുദ്രനിരപ്പിന് മുകളിലുള്ള വിതാനവർദ്ധനവിനോടൊപ്പം ശരാശരി താപനില കുറയുന്നതിൻ്റെ നിരക്കിനെ കുറിച്ചുള്ള അന്വേഷണം അദ്ദേഹം ആദ്യം നടത്തി.","ഉഷ്ണമേഖലാപ്രദേശങ്ങളിലെ കൊടുങ്കാറ്റുകളുടെ ഉത്ഭവവുമായി ബന്ധപ്പെട്ട അദ്ദേഹത്തിൻ്റെ അന്വേഷണങ്ങളിലൂടെ, ഉയർന്ന അക്ഷാംശങ്ങളിലെ അന്തരീക്ഷക്ഷോഭങ്ങളെ നിയന്ത്രിക്കുന്ന കൂടുതൽ സങ്കീർണമായ നിയമം കണ്ടുപിടിക്കുന്നതിലേക്കുള്ള ഏറ്റവും ആദ്യത്തെ സൂചന നൽകിയ, സമുദ്രനിരപ്പിന് മുകളിലുള്ള വിതാനവർദ്ധനവിനോടൊപ്പം ശരാശരി താപനില കുറയുന്നതിൻ്റെ നിരക്കിനെ കുറിച്ചുള്ള അന്വേഷണമാണ് അദ്ദേഹമാദ്യം നടത്തിയത്.", investigated the rate of decrease
"As noted above, most DNA molecules are two polymer strands bound together in a helical fashion by noncovalent bonds; this double-stranded structure is maintained largely by the intrastrand base stacking interactions, which are strongest for G and C stacks.","മുകളിൽ പരാമർശിച്ചതുപോലെ, നോൺകോവാലൻ്റ് ആയ ബോണ്ടുകളാൽ വളയ രൂപത്തിൽ പരസ്പരം ബന്ധിപ്പിക്കപ്പെട്ട രണ്ട് പോളിമർ പിരികളാണ് മിക്ക ഡി. എൻ. എ തന്മാത്രകളും; ജി സ്റ്റാക്കുകളിലും സി സ്റ്റാക്കുകളിലും ഏറ്റവും ശക്തമാവുന്ന, പിരികൾക്കിടയിലെ ബേസ് സ്റ്റാക്കിങ് പാരസ്പര്യങ്ങളിലൂടെ ഈ ഇരട്ടപ്പിരിയൻ ഘടന പ്രധാനമായും നിലനിർത്തപ്പെടുന്നു.
","മുകളിൽ പരാമർശിച്ചതുപോലെ, നോൺകോവാലൻ്റ് ആയ ബോണ്ടുകളാൽ വളയ രൂപത്തിൽ പരസ്പരം ബന്ധിപ്പിക്കപ്പെട്ട രണ്ട് പോളിമർ പിരികളാണ് മിക്ക ഡി. എൻ. എ തന്മാത്രകളും; ജി സ്റ്റാക്കുകളിലും സി സ്റ്റാക്കുകളിലും ഏറ്റവും ശക്തമാവുന്ന, പിരികൾക്കിടയിലെ ബേസ് സ്റ്റാക്കിങ് പാരസ്പര്യങ്ങളിലൂടെയാണ് ഈ ഇരട്ടപ്പിരിയൻ ഘടന പ്രധാനമായും നിലനിർത്തപ്പെടുന്നത്.",base stacking interactions
"This came a month after the SBI board had, on 17 May 2016, cleared a proposal to merge its five associate banks and Bharatiya Mahila Bank with itself.","2016 മെയ് 17ൽ എസ്. ബി. ഐ ബോർഡ് അതിൻ്റെ അഞ്ച് അനുബന്ധബാങ്കുകളും ഭാരതീയ മഹിളാബാങ്കും തങ്ങളിൽ ലയിപ്പിക്കാനുള്ള നിർദ്ദേശം അംഗീകരിച്ച് ഒരു മാസം കഴിഞ്ഞ് ഇത് സംഭവിച്ചു.
",2016 മെയ് 17ൽ എസ്. ബി. ഐ ബോർഡ് അതിൻ്റെ അഞ്ച് അനുബന്ധബാങ്കുകളും ഭാരതീയ മഹിളാബാങ്കും തങ്ങളിൽ ലയിപ്പിക്കാനുള്ള നിർദ്ദേശം അംഗീകരിച്ച് ഒരു മാസം കഴിഞ്ഞാണ് ഇത് സംഭവിച്ചത്.,a month after
"It was introduced in 1994 as a subscription service transmitted by satellite television provider DirecTV for 13 hours a day, seven days a week.","ഉപഗ്രഹ ടെലിവിഷൻ ദാതാവായ ഡയറക് ടിവി ദിവസം 13 മണിക്കൂർ വീതം ആഴ്ചയിൽ ഏഴുദിവസവും സംപ്രേക്ഷണം ചെയ്യുന്ന ഒരു സബ്‌സ്‌ക്രിപ്ഷൻ സേവനമായി 1994ൽ അത് അവതരിപ്പിച്ചു.
","""ഉപഗ്രഹ ടെലിവിഷൻ ദാതാവായ ഡയറക് ടിവി ദിവസം 13 മണിക്കൂർ വീതം ആഴ്ചയിൽ ഏഴുദിവസവും സംപ്രേക്ഷണം ചെയ്യുന്ന ഒരു സബ്‌സ്‌ക്രിപ്ഷൻ സേവനമായാണ് 1994ൽ അത് അവതരിപ്പിച്ചത്.",a subscription service
"Apple evangelist Guy Kawasaki has called brand fanaticism something that was stumbled upon, while I've explained in 2014 that people have an incredibly personal relationship with Apple's products.","ആപ്പിൾ ഉൽപ്പന്നങ്ങളുമായി ആളുകൾക്ക് അവിശ്വസനീയമാംവിധം വ്യക്തിപരമായ ഒരു ബന്ധമാണുള്ളത് എന്ന് ഞാൻ 2014ൽ വിശദീകരിച്ചിരിക്കെ, ആപ്പിൾ സുവിശേഷകൻ ഗയ് കവാസാക്കി ബ്രാൻഡ് ഭ്രാന്തിനെ യാദൃശ്ചികമായി കിട്ടിയ ഒന്ന് എന്ന് വിശേഷിപ്പിച്ചു.
","ആപ്പിൾ ഉൽപ്പന്നങ്ങളുമായി ആളുകൾക്ക് അവിശ്വസനീയമാംവിധം വ്യക്തിപരമായ ഒരു ബന്ധമാണുള്ളത് എന്ന് ഞാൻ 2014ൽ വിശദീകരിച്ചിരിക്കെ, ആപ്പിൾ സുവിശേഷകൻ ഗയ് കവാസാക്കി ബ്രാൻഡ് ഭ്രാന്തിനെ യാദൃശ്ചികമായി കിട്ടിയ ഒന്ന് എന്നാണ് വിശേഷിപ്പിച്ചത്.",something that was stumbled upon
"The bulk of the scripture is divided into 31 main ragas, with each Granth raga subdivided according to length and author.","വേദഗ്രന്ഥത്തിന്റെ ഭൂരിഭാഗവും ഓരോ ഗ്രന്ഥരാഗവും നീളത്തിനും രചയിതാവിനും അനുസരിച്ച് പുനർവിഭജനം ചെയ്ത 31 പ്രധാനരാഗങ്ങളായി വിഭജിച്ചു.
",ഓരോ ഗ്രന്ഥരാഗവും നീളത്തിനും രചയിതാവിനും അനുസരിച്ച് പുനര്‍വിഭജനം ചെയ്ത 31 പ്രധാനരാഗങ്ങളായി വിഭജിച്ചതാണ് വേദഗ്രന്ഥത്തിന്‍റെ ഭൂരിഭാഗവും.,is divided into 31 main ragas
"The Bagh caves, like those at Ajanta, were excavated on a perpendicular sandstone rock face of a hill across the seasonal stream of Baghani",ബഘാനി എന്ന വർഷകാലത്തെ അരുവിക്കുകുറുകേയുള്ള മണൽക്കല്ല് കൊണ്ടുള്ള കുന്നിൻ്റെ ലംബമായ ശിലാമുഖത്ത് അജന്തയിലേതുപോലുള്ള ബാഗ് ഗുഹകൾ ഖനനം ചെയ്തെടുത്തു.,ബഘാനി എന്ന വർഷകാലത്തെ അരുവിക്കുകുറുകേയുള്ള മണൽക്കല്ല് കൊണ്ടുള്ള കുന്നിൻ്റെ ലംബമായ ശിലാമുഖത്താണ് അജന്തയിലേതുപോലുള്ള ബാഗ് ഗുഹകൾ ഖനനം ചെയ്തെടുത്തത്.,rock face
Munnar is carpeted by thick forests and tea estates.,"ഇടതൂർന്ന വനങ്ങളാലും തേയിലത്തോട്ടങ്ങളാലും പരവതാനി വിരിച്ചു മൂന്നാർ.
",ഇടതൂര്‍ന്ന വനങ്ങളാലും തേയിലത്തോട്ടങ്ങളാലും പരവതാനി വിരിച്ചതാണ് മൂന്നാര്‍.,carpeted
The idea of using a net was borrowed from tennis.,"വല ഉപയോഗിക്കുക എന്ന ആശയം ടെന്നീസിൽ നിന്ന് കടമെടുത്തതാണ്.
",ടെന്നീസില്‍ നിന്ന് കടമെടുത്തതാണ് വല ഉപയോഗിക്കുക എന്ന ആശയം.,was borrowed from tennis
"Originally named Mintonette, it was created as a gentle indoor sport for older players to be able to exert a bit of athletic effort by keeping the ball in the air.","ആദ്യം മിൻ്റോനെറ്റ് എന്ന് പേരിട്ട ഈ കളി, പ്രായമായ കളിക്കാർക്ക് പന്ത് വായുവിൽ നിർത്തി അൽപം കായികാദ്ധ്വാനം ചെലുത്താൻ സഹായിക്കുന്ന ചുമരുകൾക്കുള്ളിലെ സൗമ്യമായ കായികവിനോദം എന്ന നിലയ്ക്ക് സൃഷ്ടിച്ചു.
","ആദ്യം മിൻ്റോനെറ്റ് എന്ന് പേരിട്ട ഈ കളി, പ്രായമായ കളിക്കാര്‍ക്ക് പന്ത് വായുവില്‍ നിര്‍ത്തി അല്‍പം കായികാദ്ധ്വാനം ചെലുത്താന്‍ സഹായിക്കുന്ന ചുമരുകൾക്കുള്ളിലെ സൗമ്യമായ കായികവിനോദം എന്ന നിലയ്ക്കാണ് സൃഷ്ടിച്ചത്.",as a gentle indoor sport 
"The first T-20 international match took place on August 5, 2004, between the women's teams of England and New Zealand.",ഇംഗ്ലണ്ടിന്‍റെയും ന്യൂസിലാൻഡിന്‍റെയും വനിതാടീമുകള്‍ തമ്മില്‍ 2004 ആഗസ്റ്റ് 5ന്  ആദ്യത്തെ അന്താരാഷ്ട്ര ടി.20 മാച്ച് നടന്നു.,ഇംഗ്ലണ്ടിന്‍റെയും ന്യൂസിലാൻഡിന്‍റെയും വനിതാടീമുകള്‍ തമ്മില്‍ 2004 ആഗസ്റ്റ് 5നാണ് ആദ്യത്തെ അന്താരാഷ്ട്ര ടി.20 മാച്ച് നടന്നത്.,"on August 5, 2004"
"The first T-20 international match between men's teams was played on February 17, 2005, between Australia and New Zealand.",ഓസ്ട്രേലിയക്കും ന്യൂസിലാൻഡിനും ഇടയില്‍ 2005 ഫെബ്രുവരി 17ന്  പുരുഷന്മാരുടെ ആദ്യ ഇന്‍റര്‍നാഷണല്‍ ടി.20 മാച്ച് നടന്നു,ഓസ്ട്രേലിയക്കും ന്യൂസിലാൻഡിനും ഇടയില്‍ 2005 ഫെബ്രുവരി 17നാണ് പുരുഷന്മാരുടെ ആദ്യ ഇന്‍റര്‍നാഷണല്‍ ടി.20 മാച്ച് നടന്നത്,"on February 17, 2005"
"The game of Volleyball was invented by William G. Morgan in the year 1895 in Holyoke, Massachusetts by YMCA (USA).","മസാച്ചുസെറ്റ്സിലെ (യു.എസ്.എ.) ഹോളിയോക്കിൽ 1895ൽ വില്ല്യം ജി. മോർഗൻ വോളിബോൾ എന്ന കായികവിനോദം കണ്ടുപിടിച്ചു.
",മസാച്ചുസെറ്റ്സിലെ (യു.എസ്.എ.) ഹോളിയോക്കില്‍ 1895ലാണ് വില്ല്യം ജി. മോര്‍ഗന്‍ വോളിബോള്‍ എന്ന കായികവിനോദം കണ്ടുപിടിച്ചത്.,1895
"Thus, in a significant verse, those who are self-reliant in the first rung of the Magha brotherhood should beware of perverse thought, the idea being that humility and not arrogance ought to be followed by persons who have reached the highest grade.","അങ്ങനെ, ഏറ്റവും ഉയർന്നപടിയിലെത്തിയവർ അഹങ്കാരമല്ല, വിനയം പാലിക്കണം  എന്ന ആശയം വരുംവിധം മാഘാ സാഹോദര്യത്തിലെ ആദ്യപടിയിലെ സ്വാശ്രയശീലമുള്ളവർ വികലചിന്തകളിൽനിന്ന് അകന്നുനിൽക്കണമെന്ന് ഒരു നിർണ്ണായകമായ പദ്യത്തിൽ പറയുന്നു.
","അങ്ങനെ, ഏറ്റവും ഉയർന്നപടിയിലെത്തിയവർ അഹങ്കാരമല്ല, വിനയമാണ് പാലിക്കേണ്ടത് എന്ന ആശയം വരുംവിധം മാഘാ സാഹോദര്യത്തിലെ ആദ്യപടിയിലെ സ്വാശ്രയശീലമുള്ളവർ വികലചിന്തകളിൽനിന്ന് അകന്നുനിൽക്കണമെന്ന് ഒരു നിര്‍ണ്ണായകമായ പദ്യത്തിൽ പറയുന്നു.",humility
"The first is Yima, who is none other than the famous King Jamshed, after whom the Navroz festival on the 21st of March every year is named.","എല്ലാ വർഷവും മാർച്ച് 21ന് നടക്കുന്ന നവ്റോസ് ഉത്സവത്തിന് ആരുടെ പേരാണോ ലഭിച്ചിരിക്കുന്നത്, ആ പ്രശസ്തനായ ജംഷദ്‌ രാജാവായ യിമ ഒന്നാമത്തേത്.
","എല്ലാ വർഷവും മാർച്ച് 21ന് നടക്കുന്ന നവ്റോസ് ഉത്സവത്തിന് ആരുടെ പേരാണോ ലഭിച്ചിരിക്കുന്നത്, ആ പ്രശസ്തനായ ജംഷദ്‌ രാജാവായ യിമയാണ് ഒന്നാമത്തേത്.",Yima
"This part of the Gita culminates in an overwhelming vision: Krishna allows Arjuna to see his supernal form, the Vishvarupa, which strikes terror into Arjuna's heart.",ഗീതയുടെ ഈ ഭാഗം അതിശക്തമായ ഒരു ദർശനത്തോടെ അവസാനിക്കുന്നു: വിശ്വരൂപം എന്ന തന്റെ അതീന്ദ്രിയ രൂപം കാണാൻ കൃഷ്ണൻ അർജുനനെ അനുവദിക്കുകയും അത് അർജുനന്റെ ഹൃദയത്തിൽ കടുത്ത ഭീതിയുണ്ടാക്കുകയും ചെയ്യുന്നു.,ഗീതയുടെ ഈ ഭാഗം അതിശക്തമായ ഒരു ദർശനത്തോടെയാണ് അവസാനിക്കുന്നത്: വിശ്വരൂപം എന്ന തൻ്റെ അതീന്ദ്രിയ രൂപം കാണാൻ കൃഷ്‌ണൻ അർജ്ജുനനെ അനുവദിക്കുകയും അത് അർജുനൻ്റെ ഹൃദയത്തിൽ കടുത്ത ഭീതിയുണ്ടാക്കുകയും ചെയ്യുന്നു.,overwhelming vision
"The idealistic approach of Sikhism is that it recognises the existence of the same heavenly light in every human being, rich or poor, high or low, irrespective of caste, creed, color, race, sex, religion, or nationality.","സിഖ് മതത്തിൻ്റെ ആദർശപരമായ സമീപനം ജാതി, വിശ്വാസം, നിറം, വംശം, ലിംഗം, മതം, ദേശീയത എന്നിവ എന്തുതന്നെയായാലും സമ്പന്നരോ, ദരിദ്രരോ, ഉയർന്ന നിലയിലുള്ളവരോ താഴ്ന്ന നിലയിലുള്ളവരോ ആയ എല്ലാ മനുഷ്യരിലും ഒരേ സ്വർഗീയ പ്രകാശമുള്ളതായി അംഗീകരിക്കുന്നു എന്നതാണ്.
","ജാതി, വിശ്വാസം, നിറം, വംശം, ലിംഗം, മതം, ദേശീയത എന്നിവ എന്തുതന്നെയായാലും സമ്പന്നരോ, ദരിദ്രരോ, ഉയർന്ന നിലയിലുള്ളവരോ താഴ്ന്ന നിലയിലുള്ളവരോ ആയ എല്ലാ മനുഷ്യരിലും ഒരേ സ്വർഗീയ പ്രകാശമുള്ളതായി അംഗീകരിക്കുന്നുവെന്നതാണ് സിഖ് മതത്തിൻ്റെ ആദർശപരമായ സമീപനം.",same heavenly light
The program concluded with a cultural event entitled 'Partition and Independence: Reflections in Literature & Cinema' organized by the employees of the Society.,"സൊസൈറ്റിയുടെ ജീവനക്കാർ സംഘടിപ്പിച്ച ""വിഭജനവും സ്വാതന്ത്ര്യവും: സാഹിത്യത്തിലേയും സിനിമയിലെയും പ്രതിഫലനങ്ങൾ"" എന്ന് പേരിട്ട ഒരു സാംസ്കാരികപരിപാടിയോടെ കാര്യക്രമം അവസാനിച്ചു.
","സൊസൈറ്റിയുടെ ജീവനക്കാര്‍ സംഘടിപ്പിച്ച  ""വിഭജനവും സ്വാതന്ത്ര്യവും: സാഹിത്യത്തിലേയും സിനിമയിലെയും പ്രതിഫലനങ്ങള്‍ "" എന്ന് പേരിട്ട ഒരു സാംസ്കാരികപരിപാടിയോടെയാണ് കാര്യക്രമം അവസാനിച്ചത്.",cultural event
"The object of the proceedings is merely to ascertain whether a person has died under suspicious circumstances or an unnatural death, and if so, what is the apparent cause of the death.",നടപടിക്രമങ്ങളുടെ ലക്ഷ്യം ഒരു വ്യക്തിയുടെ മരണം സംശയകരമായ സാഹചര്യത്തിലാണോ അല്ല അത് അസ്വാഭാവികമരണമാണോ എന്നും അസ്വാഭാവികമരണമാണെങ്കിൽ പ്രത്യക്ഷത്തിൽ മരണകാരണം എന്താണ് എന്നും തീർച്ചയാക്കുക മാത്രമാണ്.,ഒരു വ്യക്തിയുടെ മരണം സംശയകരമായ സാഹചര്യത്തിലാണോ അല്ല അത് അസ്വാഭാവികമരണമാണോ എന്നും അസ്വാഭാവികമരണമാണെങ്കില്‍ പ്രത്യക്ഷത്തില്‍ മരണകാരണം എന്താണ് എന്നും തീര്‍ച്ചയാക്കുക മാത്രമാണ് നടപടിക്രമങ്ങളുടെ ലക്‌ഷ്യം.,merely to ascertain
"The preparation is traditionally done by a vasta waza, or head chef, with the assistance of a court of wazas, or chefs.","വാസമാരുടെ അതായത് പാചകവിദഗ്ധരുടെ ഒരു സംഘം സഹായിക്കുന്ന ഒരു വാസ്താ വാസ അഥവാ പ്രധാനപാചകക്കാരൻ ഈ വിഭവം സാമ്പ്രദായികമായി തയ്യാറാക്കുന്നു.
",വാസമാരുടെ അതായത് പാചകവിദഗ്ധരുടെ ഒരു സംഘം സഹായിക്കുന്ന ഒരു വാസ്താ വാസ അഥവാ പ്രധാനപാചകക്കാരനാണ് ഈ വിഭവം സാമ്പ്രദായികമായി തയ്യാറാക്കുന്നത്.,head chef
The use of chilli powder in this region is done cautiously.,"ഈ പ്രദേശത്ത് മുളകുപൊടി സൂക്ഷിച്ച് ഉപയോഗിക്കുന്നു.
",ഈ പ്രദേശത്ത് മുളകുപൊടി സൂക്ഷിച്ചാണ് ഉപയോഗിക്കുന്നത്.,cautiously
"The word Yoga is derived from the Sanskrit root Yuj, meaning to join or to yoke or to unite.","കൂട്ടിച്ചേർക്കുക, ഇണക്കുക, അല്ലെങ്കിൽ ഒരുമിപ്പിക്കുക എന്നർത്ഥമുള്ള യുജ് എന്ന സംസ്കൃതധാതുവിൽ നിന്ന് യോഗശബ്ദം വ്യുൽപാദിപ്പിച്ചു.","കൂട്ടിച്ചേര്‍ക്കുക, ഇണക്കുക, അല്ലെങ്കില്‍ ഒരുമിപ്പിക്കുക എന്നര്‍ത്ഥമുള്ള യുജ് എന്ന സംസ്കൃതധാതുവില്‍ നിന്ന് വ്യുല്‍പാദിപ്പിച്ചതാണ് യോഗശബ്ദം",is derived from
Today's Odissi has evolved from the endless sculptures in various motifs carved on the temple walls of Orissa.,"ഒറീസയിലെ ക്ഷേത്രച്ചുവരുകളിൽ കൊത്തിവച്ചിട്ടുള്ള എണ്ണമറ്റ ശിൽപ്പങ്ങളിലെ വിവിധ അലങ്കാരമുദ്രകളിൽ നിന്ന് ഇന്നത്തെ ഒഡീസി രൂപം കൊണ്ടു.
",ഒറീസയിലെ ക്ഷേത്രച്ചുവരുകളില്‍ കൊത്തിവച്ചിട്ടുള്ള എണ്ണമറ്റ ശില്‍പ്പങ്ങളിലെ വിവിധ അലങ്കാരമുദ്രകളില്‍നിന്നാണ് ഇന്നത്തെ ഒഡീസി രൂപം കൊണ്ടത്.,endless sculptures in various motifs
Samaveda is the compilation of these selected Ruchas set to Svaras keeping their proposed Chanda or rhythmic meters.,"നിർദ്ദിഷ്ടഛന്ദസ്സുകളിൽ, അതായത് താളബദ്ധമായ വൃത്തങ്ങളനുസരിച്ച് സ്വരപ്പെടുത്തിയ ഈ തിരഞ്ഞെടുത്ത രുചകളുടെ സമാഹാരം സാമവേദമാണ്.
","നിര്‍ദ്ദിഷ്ടഛന്ദസ്സുകളില്‍, അതായത് താളബദ്ധമായ വൃത്തങ്ങളനുസരിച്ച് സ്വരപ്പെടുത്തിയ ഈ തിരഞ്ഞെടുത്ത രുചകളുടെ സമാഹാരമാണ് സാമവേദം.",the compilation of these selected Ruchas
High-frequency data for Q2 indicates that economic activity remains resilient.,"സാമ്പത്തിക പ്രവർത്തനം പ്രതിരോധശക്തിയോടെ തന്നെ തുടരുന്നു എന്ന് രണ്ടാം മാസത്രയത്തിൻ്റെ ഉയർന്ന ഫ്രീക്വൻസി ഡാറ്റ സൂചിപ്പിക്കുന്നു.
",സാമ്പത്തിക പ്രവർത്തനം പ്രതിരോധശക്തിയോടെ തന്നെ തുടരുന്നു എന്നാണ് രണ്ടാം മാസത്രയത്തിൻ്റെ ഉയർന്ന ഫ്രീക്വൻസി ഡാറ്റ സൂചിപ്പിക്കുന്നത്.,that economic activity remains resilient
Liquidity refers to the extent to which financial assets can be sold at close to full market value at short notice.,"കുറഞ്ഞ സമയത്തിനുള്ളിൽ സാമ്പത്തിക ആസ്തികൾ എത്രത്തോളം വിപണനമൂല്യത്തിനടുത്തായി വിൽക്കാം എന്നതിനെ ലിക്വിഡിറ്റി സൂചിപ്പിക്കുന്നു.
",കുറഞ്ഞ സമയത്തിനുള്ളിൽ സാമ്പത്തിക ആസ്തികൾ എത്രത്തോളം വിപണനമൂല്യത്തിനടുത്തായി വിൽക്കാം എന്നതിനെയാണ് ലിക്വിഡിറ്റി സൂചിപ്പിക്കുന്നത്.,the extent to which financial assets can be sold at close to full market value at short notice
The market-clearing price is determined by the requirement that supplies equal demand at that price.,"ചോദനത്തിൻ്റെ അതേ അളവിലുള്ള പ്രദാനമുണ്ടാവുക എന്ന നിബന്ധനയിൽ മാർക്കറ്റ്-ക്ലിയറിങ് വില നിർണയിക്കപ്പെടുന്നു.
",ചോദനത്തിൻ്റെ അതേ അളവിലുള്ള പ്രദാനമുണ്ടാവുക എന്ന നിബന്ധനയിലാണ് മാർക്കറ്റ്-ക്ലിയറിങ് വില നിർണയിക്കപ്പെടുന്നത്.,the requirement 
"The moving spirits of revolutions are deemed holy or unholy in proportion, as the principle underlying them is beneficial or wicked.","അടിസ്ഥാനതത്ത്വം ഗുണപ്രദമോ ക്രൂരമോ എന്നതിന് ആനുപാതികമായിട്ട് വിപ്ലവങ്ങളുടെ ചാലകശക്തികൾ പവിത്രമെന്നോ അപവിത്രമെന്നോ കരുതപ്പെടുന്നു.
",അടിസ്ഥാനതത്ത്വം ഗുണപ്രദമോ ക്രൂരമോ എന്നതിന് ആനുപാതികമായിട്ടാണ് വിപ്ലവങ്ങളുടെ ചാലകശക്തികള്‍ പവിത്രമെന്നോ അപവിത്രമെന്നോ കരുതപ്പെടുന്നത്.,in proportion
"You have earned your breakfast, British soldiers, by the sweat of your brow, not, by the free flow of blood from your bodies.","ബ്രിട്ടീഷ് സൈനികരേ, നിങ്ങളുടെ ശരീരത്തിൽനിന്നും ധാരയായൊഴുകിയ രക്തംകൊണ്ടല്ല, നിങ്ങളുടെ പുരികങ്ങളിലെ വിയർപ്പിനാൽ നിങ്ങളീ പ്രഭാതഭക്ഷണത്തിന് അർഹരായിരിക്കുന്നു.
","ബ്രിട്ടീഷ് സൈനികരേ, നിങ്ങളുടെ ശരീരത്തിൽനിന്നും ധാരയായൊഴുകിയ രക്തംകൊണ്ടല്ല, നിങ്ങളുടെ പുരികങ്ങളിലെ വിയർപ്പിനാലാണ് നിങ്ങളീ പ്രഭാതഭക്ഷണത്തിന് അർഹരായിരിക്കുന്നത്.",sweat of your brow
"The course was organised in coordination with the National Film Archives of India, Pune.","പൂനെയിലെ നാഷണൽ ഫിലിം ആർക്കൈവ്സ് ഓഫ് ഇന്ത്യയുമായി സഹകരിച്ച് പാഠ്യപദ്ധതി സംഘടിപ്പിച്ചു.
",പൂനെയിലെ നാഷണല്‍ ഫിലിം ആര്‍ക്കൈവ്‌സ് ഓഫ് ഇന്ത്യയുമായി സഹകരിച്ചാണ് പാഠ്യപദ്ധതി സംഘടിപ്പിച്ചത്.,in coordination with
"Full-length animated films featuring sound and color came into existence with his Snow White and the Seven Dwarfs (1937), a film that won a special Oscar.","ഒരു സ്പെഷ്യൽ ഓസ്കാർ നേടിയ അദ്ദേഹത്തിന്റെ സ്നോ വൈറ്റ് ആൻഡ് ദി സെവൻ ഡ്വാർഫ്‌സ് (1937) എന്ന ചിത്രത്തോടെ ശബ്ദവും വർണ്ണവുമുള്ള മുഴുനീള കാർട്ടൂൺ സിനിമകൾ നിലവിൽ വന്നു.
",ഒരു സ്പെഷ്യല്‍ ഓസ്കാര്‍ നേടിയ അദ്ദേഹത്തിന്‍റെ സ്നോ വൈറ്റ് ആൻഡ് ദി സെവൻ ഡ്വാർഫ്‌സ് (1937) എന്ന ചിത്രത്തോടെയാണ് ശബ്ദവും വർണ്ണവുമുള്ള മുഴുനീള കാര്‍ട്ടൂൺ സിനിമകൾ നിലവില്‍ വന്നത്.,film 
Sometimes there was only a piano accompaniment.,"ചിലപ്പോൾ ഒരു പിയാനോ മാത്രമാണ് അകമ്പടിയായി ഉണ്ടായിരുന്നത്.
",ചിലപ്പോള്‍ ഒരു പിയാനോ മാത്രമാണ് അകമ്പടിയായി ഉണ്ടായിരുന്നത്.,only a piano
"What drives us, the audience, is a nostalgia for the present times of the novel, the lived moment of Austen's heroines, or Pagnol's and Forster's characters, our imagined past, not that of the original text for which that present time represents unwanted change.","അനുവാചകരായ നമ്മെ പ്രചോദിപ്പിക്കുന്നത് നോവലിലെ വർത്തമാനകാലത്തെക്കുറിച്ചും, ഓസ്റ്റിന്റെ നായികമാരുടെയും പാഗ്നോളിന്റെയും, ഫോസ്റ്ററുടെയും കഥാപാത്രങ്ങളുടെയും ജീവത്തായ നിമിഷങ്ങളെക്കുറിച്ചും, നമ്മുടെ സങ്കൽപ്പത്തിലുള്ള ഭൂതകാലത്തെക്കുറിച്ചും, തോന്നുന്ന ഗൃഹാതുരത്വമാണ്, അല്ലാതെ അനാവശ്യമായ മാറ്റം പ്രതിനിധീകരിക്കുന്ന മൂലകൃതിയിലെ വർത്തമാനകാലമല്ല.
","അനുവാചകരായ നമ്മെ പ്രചോദിപ്പിക്കുന്നത് നോവലിലെ വര്‍ത്തമാനകാലത്തെക്കുറിച്ചും, ഓസ്റ്റിന്‍റെ നായികമാരുടെയും പാഗ്നോളിന്‍റെയും, ഫോസ്റ്ററുടെയും കഥാപാത്രങ്ങളുടെയും ജീവത്തായ നിമിഷങ്ങളെക്കുറിച്ചും, നമ്മുടെ സങ്കൽപ്പത്തിലുള്ള ഭൂതകാലത്തെക്കുറിച്ചും, തോന്നുന്ന ഗൃഹാതുരത്വമാണ്, അല്ലാതെ അനാവശ്യമായ മാറ്റം പ്രതിനിധീകരിക്കുന്ന മൂലകൃതിയിലെ വര്‍ത്തമാനകാലമല്ല.",is a nostalgia
Thornthwaite and Mather model is widely used for computing water balance.,"തോൺത്വെയ്റ്റ് ആൻഡ് മാതർ മാതൃക വാട്ടർ ബാലൻസ് കണക്കാക്കാൻ വ്യാപകമായി ഉപയോഗിക്കുന്നു.
",തോണ്‍ത്വെയ്റ്റ് ആന്‍ഡ് മാതര്‍ മാതൃകയാണ് വാട്ടർ ബാലൻസ് കണക്കാക്കാന്‍ വ്യാപകമായി ഉപയോഗിക്കുന്നത്.,Thornthwaite and Mather model
India's support is guided by the needs and priorities of the Government and the people of Afghanistan.,"അഫ്ഘാനിസ്ഥാൻ സർക്കാരിൻ്റെയും ജനതയുടെയും ആവശ്യങ്ങളും മുൻഗണനകളും ഇന്ത്യയുടെ പിന്തുണയ്ക്ക് വഴികാണിക്കുന്നു.
",അഫ്ഘാനിസ്ഥാൻ സർക്കാരിൻ്റെയും ജനതയുടെയും ആവശ്യങ്ങളും മുൻഗണനകളുമാണ് ഇന്ത്യയുടെ പിന്തുണയ്ക്ക് വഴികാണിക്കുന്നത്.,priorities 
The live telecast of proceedings started in 1994.,"1994ൽ നടപടിക്രമങ്ങളുടെ തത്സമയ സംപ്രേക്ഷണം ആരംഭിച്ചു.
",1994ലാണ് നടപടിക്രമങ്ങളുടെ തത്സമയ സംപ്രേക്ഷണം ആരംഭിച്ചത്., in 1994
"Generally, three days are allotted for the discussion.","സാധാരണഗതിയിൽ ചർച്ചയ്ക്കായി മൂന്നുദിവസം അനുവദിച്ചിട്ടുള്ളതാണ്.
",സാധാരണഗതിയിൽ ചർച്ചയ്ക്കായി മൂന്നുദിവസമാണ് അനുവദിച്ചിട്ടുള്ളത്.,three days
The appraisal program under NSP was planned to cover onland basins.,"എൻ. എസ്. പിക്ക് കീഴിലെ അവലോകനപദ്ധതി കരയിലെ ബേസിനുകൾ ഉൾക്കൊള്ളാൻ പദ്ധതിയിട്ടിരുന്നു.
",എൻ. എസ്. പിക്ക് കീഴിലെ അവലോകനപദ്ധതി കരയിലെ ബേസിനുകൾ ഉൾക്കൊള്ളാനാണ് പദ്ധതിയിട്ടിരുന്നത്.,to cover 
"Till February 2022, a total of 22,555 LKM 2D Broadband seismic data in the Andaman offshore has been acquired.","2022 ഫെബ്രുവരി വരെ ആന്തമാനിനടുത്തുള്ള കടൽപ്രദേശത്തുനിന്ന് മൊത്തം 22,555 എൽ. കെ. എം ടു. ഡി ബ്രോഡ്ബാൻഡ് സീസ്മിക് ഡാറ്റ ശേഖരിച്ചു.","2022 ഫെബ്രുവരി വരെ ആന്തമാനിനടുത്തുള്ള കടൽപ്രദേശത്തുനിന്ന് മൊത്തം 22,555 എൽ. കെ. എം ടു. ഡി ബ്രോഡ്ബാൻഡ് സീസ്മിക് ഡാറ്റയാണ് ശേഖരിച്ചത്.",data
The strategic plan sets out a coordinated and collaborative One Health approach involving key stakeholders in government and other sectors.,"സർക്കാരിലും മറ്റു മേഖലകളിലുമുള്ള പ്രധാന ഭാഗഭാക്കുകളെ ഉൾപ്പെടുത്തിയുള്ള സംയോജിതവും സഹകരണാത്മകവുമായ ഒറ്റ ആരോഗ്യം എന്ന സമീപനം ഈ തന്ത്രപ്രധാനമായ പദ്ധതി മുന്നോട്ടു വയ്ക്കുന്നു.
",സര്‍ക്കാരിലും മറ്റു മേഖലകളിലുമുള്ള പ്രധാന ഭാഗഭാക്കുകളെ ഉള്‍പ്പെടുത്തിയുള്ള സംയോജിതവും സഹകരണാത്മകവുമായ ഒറ്റ ആരോഗ്യം എന്ന സമീപനമാണ് ഈ തന്ത്രപ്രധാനമായ പദ്ധതി മുന്നോട്ടു വയ്ക്കുന്നത്.,One Health approach
"If the animal stays away from other animals in a herd, it indicates that it is having some health problem.","ഒരു മൃഗം കൂട്ടത്തിലുള്ള മറ്റു മൃഗങ്ങളിൽ നിന്ന് മാറിനിൽക്കുകയാണെങ്കിൽ അത് സൂചിപ്പിക്കുന്നത് അതിനു ചില ആരോഗ്യപ്രശ്നങ്ങൾ ഉണ്ടെന്ന്.
",ഒരു മൃഗം കൂട്ടത്തിലുള്ള മറ്റു മൃഗങ്ങളില്‍ നിന്ന് മാറിനില്‍ക്കുകയാണെങ്കില്‍ അത് സൂചിപ്പിക്കുന്നത് അതിനു ചില ആരോഗ്യപ്രശ്നങ്ങള്‍ ഉണ്ടെന്നാണ്.,having some health problem
Trans fats result from adding hydrogen to vegetable oils used in commercial baked goods and for cooking in most restaurants and fast-food chains.,"മിക്ക ഹോട്ടലുകളിലും ഭക്ഷണശാലാശൃംഖലകളിലും പാചകത്തിനും വാണിജ്യാടിസ്ഥാനത്തിലുള്ള ബേക്കറി വിഭവങ്ങൾക്കും ഉപയോഗിക്കുന്ന സസ്യഎണ്ണകളിൽ ഹൈഡ്രജൻ ചേർക്കുന്നതുകൊണ്ട് ട്രാൻസ് ഫാറ്റുകൾ ഉണ്ടാകുന്നു.
",മിക്ക ഹോട്ടലുകളിലും ഭക്ഷണശാലാശൃംഖലകളിലും പാചകത്തിനും വാണിജ്യാടിസ്ഥാനത്തിലുള്ള ബേക്കറി വിഭവങ്ങള്‍ക്കും ഉപയോഗിക്കുന്ന സസ്യഎണ്ണകളില്‍ ഹൈഡ്രജന്‍ ചേര്‍ക്കുന്നതുകൊണ്ടാണ് ട്രാൻസ് ഫാറ്റുകൾ ഉണ്ടാകുന്നത്.,adding hydrogen
"The term Green Economy was first coined in a 1989 report for the Government of the United Kingdom by a group of leading environmental economists, titled Blueprint for a Green Economy.","ഒരു സംഘം മുൻനിര പാരിസ്ഥിതിക സാമ്പത്തികശാസ്ത്രജ്ഞർ തയ്യാറാക്കിയ 'ഹരിതസമ്പദ്‌വ്യവസ്ഥയ്ക്കായുള്ള രൂപരേഖ' എന്ന് പേരിട്ടതും ബ്രിട്ടീഷ് സർക്കാരിനുവേണ്ടിയുമുള്ള 1989ലെ ഒരു റിപ്പോർട്ടിൽ ഹരിതസമ്പദ്‌വ്യവസ്ഥ എന്ന വാക്ക് ആദ്യമായി ഉപയോഗിച്ചു.
",ഒരു സംഘം മുന്‍നിര പാരിസ്ഥിതിക സാമ്പത്തികശാസ്ത്രജ്ഞര്‍ തയ്യാറാക്കിയ 'ഹരിതസമ്പദ്‌വ്യവസ്ഥയ്ക്കായുള്ള രൂപരേഖ' എന്ന് പേരിട്ടതും ബ്രിട്ടീഷ് സര്‍ക്കാരിനുവേണ്ടിയുമുള്ള 1989ലെ ഒരു റിപ്പോര്‍ട്ടിലാണ് ഹരിതസമ്പദ്‌വ്യവസ്ഥ എന്ന വാക്ക് ആദ്യമായി ഉപയോഗിച്ചത്.,report
"Basically, it involves the generation of biomass that can be converted to convenient energy-containing substances in different ways, such as thermal conversion, chemical conversion, and biochemical conversion.","അടിസ്ഥാനപരമായി, തെർമൽ പരിവർത്തനം, രാസപരിവർത്തനം, ബയോകെമിക്കൽ പരിവർത്തനം തുടങ്ങിയ വ്യത്യസ്തമായ രീതികളിൽ, ഊർജ്ജമുൾക്കൊള്ളുന്ന സൗകര്യപ്രദമായ പദാര്‍ത്ഥങ്ങളായി പരിവർത്തനം ചെയ്യാവുന്ന ജൈവദ്രവ്യങ്ങളുടെ ഉത്പാദനം അത് ഉൾക്കൊള്ളുന്നു.
","അടിസ്ഥാനപരമായി, തെർമൽ പരിവർത്തനം, രാസപരിവർത്തനം, ബയോകെമിക്കൽ പരിവർത്തനം തുടങ്ങിയ വ്യത്യസ്തമായ രീതികളിൽ, ഊർജ്ജമുൾക്കൊള്ളുന്ന സൗകര്യപ്രദമായ പദാര്‍ത്ഥങ്ങളായി പരിവർത്തനം ചെയ്യാവുന്ന ജൈവദ്രവ്യങ്ങളുടെ ഉത്പാദനമാണ് അതുൾക്കൊള്ളുന്നത്.",generation of biomass
These are produced through biological processes rather than fuel produced by geological processes such as coal and petroleum.,"കൽക്കരി, പെട്രോളിയം തുടങ്ങി ഭൂഗർഭത്തിലെ പ്രക്രിയകളിലൂടെ ഉൽപാദിപ്പിക്കപ്പെടുന്ന ഇന്ധനത്തിൽനിന്ന് വ്യത്യസ്തമായി ഇവ ജൈവപ്രക്രിയകളിലൂടെ ഉൽപാദിക്കപ്പെടുന്നു.
","കൽക്കരി, പെട്രോളിയം തുടങ്ങി ഭൂഗർഭത്തിലെ പ്രക്രിയകളിലൂടെ ഉൽപാദിപ്പിക്കപ്പെടുന്ന ഇന്ധനത്തിൽനിന്ന് വ്യത്യസ്തമായി ഇവ ജൈവപ്രക്രിയകളിലൂടെയാണ് ഉൽപാദിക്കപ്പെടുന്നത്.",through biological processes
"Human safety mainly focuses on the health, hygiene, and environment of all people, including customers, employees, and management.","ആരോഗ്യം, ശുചിത്വം, എന്നിവയിലും ഉപഭോക്താക്കൾ, ജീവനക്കാർ, മാനേജ്‌മെൻ്റ് തുടങ്ങിയ എല്ലാവരുടെയും ചുറ്റുപാടുകളിലും മാനവസുരക്ഷ പ്രധാനമായും കേന്ദ്രീകരിക്കുന്നു.
","ആരോഗ്യം, ശുചിത്വം, എന്നിവയിലും ഉപഭോക്താക്കൾ, ജീവനക്കാർ, മാനേജ്‌മെൻ്റ് തുടങ്ങിയ എല്ലാവരുടെയും ചുറ്റുപാടുകളിലുമാണ് മാനവസുരക്ഷ പ്രധാനമായും കേന്ദ്രീകരിക്കുന്നത്.",environment
"While cesium recovery is aimed in the second cycle, Strontium-Actinide-Lanthanide combined separation is achieved in the third cycle from HLLW.","രണ്ടാം പരിവൃത്തിയിൽ സീഷ്യം വീണ്ടെടുപ്പ് ലക്ഷ്യം വയ്ക്കുമ്പോൾ എച്ച്.എൽ.എൽ.ഡബ്ല്യൂവിന്റെ മൂന്നാം പരിവൃത്തിയിൽ സ്ട്രോൺഷ്യം-ആക്റ്റിനൈഡ്-ലാന്തനൈഡ് സംയുക്ത വേർതിരിവ് സാധ്യമാകുന്നു.
",രണ്ടാം പരിവൃത്തിയില്‍ സീഷ്യം വീണ്ടെടുപ്പ് ലക്‌ഷ്യം വയ്ക്കുമ്പോള്‍ എച്ച്.എല്‍.എല്‍.ഡബ്ല്യൂവിന്‍റെ മൂന്നാം പരിവൃത്തിയിലാണ് സ്ട്രോണ്‍ഷ്യം-ആക്റ്റിനൈഡ്‌-ലാന്തനൈഡ്‌ സംയുക്ത വേര്‍തിരിവ് സാധ്യമാകുന്നത്.,in the third cycle
The gearshift lever is mounted on the center console between the two front seats.,"രണ്ടു മുൻസീറ്റുകളുടെ ഇടയിലുള്ള സെന്റർ കൺസോളിൽ ഗിയർഷിഫ്റ്റ് ലീവർ ഘടിപ്പിച്ചിരിക്കുന്നു.
",രണ്ടു മുന്‍സീറ്റുകളുടെ ഇടയിലുള്ള സെന്‍റര്‍ കണ്‍സോളിലാണ് ഗിയര്‍ഷിഫ്റ്റ്‌ ലീവര്‍ ഘടിപ്പിച്ചിരിക്കുന്നത്.,center console