row_index,dataset_index_0based,english_sentence,english_focus_word,projected_malayalam_focus,original_malayalam_sentence,ground_truth_target,is_matched_any_output,matched_output_types,difference_diagnosis,first_mismatch_word_index_0based,first_mismatch_word_index_1based,first_mismatch_char_index,first_mismatch_target_word,first_mismatch_output_word,output_cleft_emphasized,output_constituency_reordered
12,11,"In terms of places for worship or praying, Walisongo also uses the term Sanggar in Kapitayan, which represents a four-square building with an empty hole in its wall as the symbol of Sang Hyang Taya in Kapitayan, not arca or statues as in Hinduism or Buddhism.",an empty hole,പ്രതീകമായിട്ടുള്ള കാലിയായ ദ്വാരം,"ആരാധനയ്ക്കോ പ്രാര്‍ത്ഥനയ്ക്കോ ഉള്ള ഇടങ്ങള്‍ എന്ന നിലയ്ക്ക് കപിതായൻ‍ സമ്പ്രദായത്തിൽ‍ സന്ഗ്ഗാർ‍ എന്ന ശബ്ദം വാലിസോന്ഗോ ഉപയോഗിക്കുമ്പോൾ അര്‍ത്ഥമാക്കുന്നത്, ഹിന്ദുമതത്തിലോ ബുദ്ധമതത്തിലോ ഉള്ള അർക്കയോ പ്രതിമകളോ അല്ല, മറിച്ച്, കപിതായനിലെ സാംഗ് ഹ്യാങ് തായയുടെ പ്രതീകമായിട്ടുള്ള കാലിയായ ദ്വാരം ചുവരിലുള്ള നാല് ചതുരങ്ങളുള്ള കെട്ടിടത്തെ  അർത്ഥമാക്കുന്നു.","ആരാധനയ്ക്കോ പ്രാർത്ഥനയ്ക്കോ ഉള്ള ഇടങ്ങൾ എന്ന നിലയ്ക്ക് കപിതായൻ സമ്പ്രദായത്തിൽ സന്ഗ്ഗാർ എന്ന ശബ്ദം വാലിസോന്ഗോ ഉപയോഗിക്കുമ്പോൾ അര്ത്ഥമാക്കുന്നത്, ഹിന്ദുമതത്തിലോ ബുദ്ധമതത്തിലോ ഉള്ള അർക്കയോ പ്രതിമകളോ അല്ല, മറിച്ച്, കപിതായനിലെ സാംഗ് ഹ്യാങ് തായയുടെ പ്രതീകമായിട്ടുള്ള കാലിയായ ദ്വാരമാണ് ചുവരിലുള്ള നാല് ചതുരങ്ങളുള്ള കെട്ടിടത്തെ അർത്ഥമാക്കുന്നത്.",False,NONE,Focus projection span boundary difference (Pipeline projected 'പ്രതീകമായിട്ടുള്ള കാലിയായ ദ്വാരം'),13,14,126,അര്ത്ഥമാക്കുന്നത്,അർത്ഥമാക്കുന്നത്,"ആരാധനയ്ക്കോ പ്രാര്‍ത്ഥനയ്ക്കോ ഉള്ള ഇടങ്ങള്‍ എന്ന നിലയ്ക്ക് കപിതായൻ‍ സമ്പ്രദായത്തിൽ‍ സന്ഗ്ഗാർ‍ എന്ന ശബ്ദം വാലിസോന്ഗോ ഉപയോഗിക്കുമ്പോൾ അര്‍ത്ഥമാക്കുന്നത്, ഹിന്ദുമതത്തിലോ ബുദ്ധമതത്തിലോ ഉള്ള അർക്കയോ പ്രതിമകളോ അല്ല, മറിച്ച്, കപിതായനിലെ സാംഗ് ഹ്യാങ് തായയുടെ പ്രതീകമായിട്ടുള്ള കാലിയായ ദ്വാരമാണ് ചുവരിലുള്ള നാല് ചതുരങ്ങളുള്ള കെട്ടിടത്തെ അർത്ഥമാക്കുന്നത്.",
13,12,"Typically, during early modern Spain, many nuns were from elite families who had the means to afford the convent dowry and maintenance",elite families,കുലീനകുടുംബങ്ങളിൽനിന്ന്,"സവിശേഷമാംവിധം, ആദ്യകാല ആധുനിക സ്പെയിനില്‍, മഠത്തിലെ കന്യാധനവും വാര്‍ഷികഫീസായ സംരക്ഷണഅലവന്‍സും നല്‍കാനുള്ള സാമ്പത് തികശേഷിയോടുകൂടിയ കുലീനകുടുംബങ്ങളിൽനിന്ന് അനേകം കന്യാസ്ത്രീകള്‍ വന്നിരുന്നു .","സവിശേഷമാംവിധം, ആദ്യകാല ആധുനിക സ്പെയിനില്‍, മഠത്തിലെ കന്യാധനവും വാര്‍ഷികഫീസായ സംരക്ഷണഅലവന്‍സും നല്‍കാനുള്ള സാമ്പത് തികശേഷിയോടുകൂടിയ കുലീനകുടുംബങ്ങളില്‍നിന്നാണ് അനേകം കന്യാസ്ത്രീകള്‍ വന്നിരുന്നത്.",False,NONE,Focus projection span boundary difference (Pipeline projected 'കുലീനകുടുംബങ്ങളിൽനിന്ന്'),11,12,143,കുലീനകുടുംബങ്ങളിൽനിന്നാണ്,കുലീനകുടുംബങ്ങളിൽനിന്ന്,"സവിശേഷമാംവിധം, ആദ്യകാല ആധുനിക സ്പെയിനില്‍, മഠത്തിലെ കന്യാധനവും വാര്‍ഷികഫീസായ സംരക്ഷണഅലവന്‍സും നല്‍കാനുള്ള സാമ്പത് തികശേഷിയോടുകൂടിയ കുലീനകുടുംബങ്ങളിൽനിന്ന് അനേകം കന്യാസ്ത്രീകള്‍ വന്നിരുന്നത്.",
14,13,"Typically, during early modern Spain, many nuns were from elite families who had the means to afford the convent dowry and maintenance",many nuns,അനേകം കന്യാസ്ത്രീകള്,"സവിശേഷമാംവിധം, ആദ്യകാല ആധുനിക സ്പെയിനില്‍, മഠത്തിലെ കന്യാധനവും വാര്‍ഷികഫീസായ സംരക്ഷണഅലവന്‍സും നല്‍കാനുള്ള സാമ്പത് തികശേഷിയോടുകൂടിയ കുലീനകുടുംബങ്ങളിൽനിന്ന് അനേകം കന്യാസ്ത്രീകള്‍ വന്നിരുന്നു .","സവിശേഷമാംവിധം, ആദ്യകാല ആധുനിക സ്പെയിനില്‍, മഠത്തിലെ കന്യാധനവും വാര്‍ഷികഫീസായ സംരക്ഷണഅലവന്‍സും നല്‍കാനുള്ള സാമ്പത് തികശേഷിയോടുകൂടിയ കുലീനകുടുംബങ്ങളിൽനിന്ന് അനേകം കന്യാസ്ത്രീകളാണ് വന്നിരുന്നത്.",False,NONE,Focus projection span boundary difference (Pipeline projected 'അനേകം കന്യാസ്ത്രീകള്'),13,14,163,കന്യാസ്ത്രീകളാണ്,കന്യാസ്ത്രീകൾ,"സവിശേഷമാംവിധം, ആദ്യകാല ആധുനിക സ്പെയിനില്‍, മഠത്തിലെ കന്യാധനവും വാര്‍ഷികഫീസായ സംരക്ഷണഅലവന്‍സും നല്‍കാനുള്ള സാമ്പത് തികശേഷിയോടുകൂടിയ കുലീനകുടുംബങ്ങളിൽനിന്ന് അനേകം കന്യാസ്ത്രീകള്‍ വന്നിരുന്നത്.",
15,14,"Typically, during early modern Spain, many nuns were from elite families who had the means to afford the convent dowry and maintenance",early modern Spain,ആദ്യകാല ആധുനിക സ്പെയിനില്,"സവിശേഷമാംവിധം, ആദ്യകാല ആധുനിക സ്പെയിനില്‍, മഠത്തിലെ കന്യാധനവും വാര്‍ഷികഫീസായ സംരക്ഷണഅലവന്‍സും നല്‍കാനുള്ള സാമ്പത് തികശേഷിയോടുകൂടിയ കുലീനകുടുംബങ്ങളിൽനിന്ന് അനേകം കന്യാസ്ത്രീകള്‍ വന്നിരുന്നു .","സവിശേഷമാംവിധം, ആദ്യകാല ആധുനിക സ്പെയിനിലാണ്, മഠത്തിലെ കന്യാധനവും വാർഷികഫീസായ സംരക്ഷണഅലവന്സും നല്കാനുള്ള സാമ്പത് തികശേഷിയോടുകൂടിയ കുലീനകുടുംബങ്ങളിൽനിന്ന് അനേകം കന്യാസ്ത്രീകള് വന്നിരുന്നത്.",False,NONE,Focus projection span boundary difference (Pipeline projected 'ആദ്യകാല ആധുനിക സ്പെയിനില്'),3,4,37,സ്പെയിനിലാണ്,സ്പെയിനിൽ,"സവിശേഷമാംവിധം, ആദ്യകാല ആധുനിക സ്പെയിനില്‍, മഠത്തിലെ കന്യാധനവും വാര്‍ഷികഫീസായ സംരക്ഷണഅലവന്‍സും നല്‍കാനുള്ള സാമ്പത് തികശേഷിയോടുകൂടിയ കുലീനകുടുംബങ്ങളിൽനിന്ന് അനേകം കന്യാസ്ത്രീകള്‍ വന്നിരുന്നത്.",
22,21,"Mental health professionals such as psychiatrists acquire their qualifications by completing an MD in Psychiatry, a Diploma in Psychiatric Medicine (DPM), or Diplomate of National Board (DNB) in Psychiatry; following an MBBS from a Medical Council of India center.",by completing ,ശേഷം,"ഒരു ഇന്ത്യൻ മെഡിക്കൽ കൗൺസിൽ കേന്ദ്രത്തിൽ നിന്നുള്ള എം. ബി. ബി. എസിന് ശേഷം സൈക്യാട്രിയിൽ എം. ഡിയോ, സൈക്യാട്രിക് മെഡിസിനിൽ ഡിപ്ലോമ (ഡി. പി. എം)യോ, സൈക്യാട്രിയിൽ നാഷണൽ ബോർഡിന്റെ ഡിപ്ലോമേറ്റോ (ഡി. എൻ. ബി) പൂർത്തിയാക്കി സൈക്യാട്രിസ്റ്റുകളെപ്പോലുള്ള മാനസികാരോഗ്യവിദഗ്ദർ അവരുടെ യോഗ്യതകൾ കരസ്ഥമാക്കുന്നു.","ഒരു ഇന്ത്യൻ മെഡിക്കൽ കൗൺസിൽ കേന്ദ്രത്തിൽ നിന്നുള്ള എം. ബി. ബി. എസിന് ശേഷം സൈക്യാട്രിയിൽ എം. ഡിയോ , സൈക്യാട്രിക്ക് മെഡിസിനിൽ ഡിപ്ലോമ (ഡി. പി. എം)യോ , സൈക്യാട്രിയിൽ നാഷണൽ ബോർഡിൻ്റെ ഡിപ്ലോമേറ്റോ (ഡി. എൻ. ബി) പൂർത്തിയാക്കിയാണ് സൈക്യാട്രിസ്റ്റുകളെപ്പോലുള്ള മാനസികാരോഗ്യവിദഗ്ദർ അവരുടെ യോഗ്യതകൾ കരസ്ഥമാക്കുന്നത്.""",False,NONE,Word order / clausal attachment variation,10,11,69,ശേഷം,ശേഷമാണ്,"ഒരു ഇന്ത്യൻ മെഡിക്കൽ കൗൺസിൽ കേന്ദ്രത്തിൽ നിന്നുള്ള എം. ബി. ബി. എസിന് ശേഷമാണ് സൈക്യാട്രിയിൽ എം. ഡിയോ, സൈക്യാട്രിക് മെഡിസിനിൽ ഡിപ്ലോമ (ഡി. പി. എം)യോ, സൈക്യാട്രിയിൽ നാഷണൽ ബോർഡിന്റെ ഡിപ്ലോമേറ്റോ (ഡി. എൻ. ബി) പൂർത്തിയാക്കി സൈക്യാട്രിസ്റ്റുകളെപ്പോലുള്ള മാനസികാരോഗ്യവിദഗ്ദർ അവരുടെ യോഗ്യതകൾ കരസ്ഥമാക്കുന്നത്.","ഒരു ഇന്ത്യൻ മെഡിക്കൽ കൗൺസിൽ കേന്ദ്രത്തിൽ നിന്നുള്ള എം. ബി. ബി. ശേഷം എസിന് സൈക്യാട്രിയിൽ എം. ഡിയോ, സൈക്യാട്രിക് മെഡിസിനിൽ ഡിപ്ലോമ (ഡി. പി. എം)യോ, സൈക്യാട്രിയിൽ നാഷണൽ ബോർഡിന്റെ ഡിപ്ലോമേറ്റോ (ഡി. എൻ. ബി) പൂർത്തിയാക്കി സൈക്യാട്രിസ്റ്റുകളെപ്പോലുള്ള മാനസികാരോഗ്യവിദഗ്ദർ അവരുടെ യോഗ്യതകൾ കരസ്ഥമാക്കുന്നു."
23,22,"A 2003 Battelle Environmental Evaluation System (BEES) evaluation of Bangalore's physical, biological and socioeconomic parameters indicated that Bangalore's water quality and terrestrial and aquatic ecosystems were close to ideal, while the city's socioeconomic parameters (traffic, quality of life) air quality and noise pollution were poor.",were poor,ശബ്ദമലിനീകരണവും,"ബാംഗ്ലൂരിൻ്റെ ജലഗുണനിലവാരം ഉത്തമനിലവാരത്തോടടുത്തതെന്ന്, ഭൗമ, ജല ആവാസവ്യവസ്ഥകളും ഉത്തമനിലവാരത്തോടടുത്തിരിക്കെ, നഗരത്തിൻ്റെ സാമൂഹികസാമ്പത്തികഘടകങ്ങളും (വാഹനത്തിരക്ക്, ജീവിത ഗുണനിലവാരം) വായുമലിനീകരണവും ശബ്ദമലിനീകരണവും മോശമാണെന്ന് ബാംഗ്ലൂരിൻ്റെ ഭൗതികവും ജീവശാസ്ത്രപരവും സാമൂഹിക സാമ്പത്തികവുമായ ഘടകങ്ങളുടെ ബെറ്റൽ എൻവിറോൺമെൻ്റൽ ഇവാല്വേഷൻ സിസ്റ്റ(ബി. ഇ. ഇ. എസ്)ത്തിൻ്റെ 2003ലെ ഒരു വിലയിരുത്തൽ സൂചിപ്പിച്ചു.","ബാംഗ്ലൂരിൻ്റെ ജലഗുണനിലവാരം ഭൗമ, ജല ആവാസവ്യവസ്ഥകളും ഉത്തമനിലവാരത്തോടടുത്തിരിക്കെ, നഗരത്തിൻ്റെ സാമൂഹികസാമ്പത്തികഘടകങ്ങളും (വാഹനത്തിരക്ക്, ജീവിത ഗുണനിലവാരം) വായുമലിനീകരണവും ശബ്ദമലിനീകരണവും മോശമാണെന്നാണ് ബാംഗ്ലൂരിൻ്റെ ഭൗതികവും ജീവശാസ്ത്രപരവും സാമൂഹിക സാമ്പത്തികവുമായ ഘടകങ്ങളുടെ ബെറ്റൽ എൻവിറോൺമെൻ്റൽ ഇവാല്വേഷൻ സിസ്റ്റ(ബി. ഇ. ഇ. എസ്)ത്തിൻ്റെ 2003ലെ ഒരു വിലയിരുത്തൽ സൂചിപ്പിച്ചത്.",False,NONE,Word order / clausal attachment variation,2,3,27,ഭൗമ,ഉത്തമനിലവാരത്തോടടുത്തതെന്ന്,"ബാംഗ്ലൂരിൻ്റെ ജലഗുണനിലവാരം ഉത്തമനിലവാരത്തോടടുത്തതെന്ന്, ഭൗമ, ജല ആവാസവ്യവസ്ഥകളും ഉത്തമനിലവാരത്തോടടുത്തിരിക്കെ, നഗരത്തിൻ്റെ സാമൂഹികസാമ്പത്തികഘടകങ്ങളും (വാഹനത്തിരക്ക്, ജീവിത ഗുണനിലവാരം) വായുമലിനീകരണവും ശബ്ദമലിനീകരണവും മോശമാണെന്ന് ബാംഗ്ലൂരിൻ്റെ ഭൗതികവും ജീവശാസ്ത്രപരവും സാമൂഹിക സാമ്പത്തികവുമായ ഘടകങ്ങളുടെ ബെറ്റൽ എൻവിറോൺമെൻ്റൽ ഇവാല്വേഷൻ സിസ്റ്റ(ബി. ഇ. ഇ. എസ്)ത്തിൻ്റെ 2003ലെ ഒരു വിലയിരുത്തൽ സൂചിപ്പിച്ചു.","ശബ്ദമലിനീകരണവും ബാംഗ്ലൂരിൻ്റെ ജലഗുണനിലവാരം ഉത്തമനിലവാരത്തോടടുത്തതെന്ന്, ഭൗമ, ജല ആവാസവ്യവസ്ഥകളും ഉത്തമനിലവാരത്തോടടുത്തിരിക്കെ, നഗരത്തിൻ്റെ സാമൂഹികസാമ്പത്തികഘടകങ്ങളും (വാഹനത്തിരക്ക്, ജീവിത ഗുണനിലവാരം) വായുമലിനീകരണവും മോശമാണെന്ന് ബാംഗ്ലൂരിൻ്റെ ഭൗതികവും ജീവശാസ്ത്രപരവും സാമൂഹിക സാമ്പത്തികവുമായ ഘടകങ്ങളുടെ ബെറ്റൽ എൻവിറോൺമെൻ്റൽ ഇവാല്വേഷൻ സിസ്റ്റ(ബി. ഇ. ഇ. എസ്)ത്തിൻ്റെ 2003ലെ ഒരു വിലയിരുത്തൽ സൂചിപ്പിച്ചു."
25,24,"It envisions an ASEAN Community that is people-centered and socially responsible with a view to achieving enduring solidarity and unity among the countries and peoples of ASEAN by forging a common identity and building a caring and sharing society that is inclusive and harmonious where the well-being, livelihood, and welfare of the peoples are enhanced.",ASEAN Community,ആസിയാനിലെ,"ഒരു പൊതുസ്വത്വം പടുത്തെടുത്തും, ജനങ്ങളുടെ സുസ്ഥിതിയും ജീവനോപാധിയും ക്ഷേമവും വളർത്തുന്നതും കരുതലും പങ്കുവെക്കുന്ന മനസ്ഥിതിയുള്ളതുമായ ഒരു സമൂഹം സൃഷ്ടിച്ചുംകൊണ്ട്, ആസിയാനിലെ ജനങ്ങൾക്കും രാജ്യങ്ങൾക്കും ഇടയിൽ നീണ്ടുനിൽക്കുന്ന ആദർശൈക്യവും ഐകമത്യവും നേടിയെടുക്കണം എന്ന ലക്ഷ്യത്തോടെ പ്രവർത്തിക്കുന്ന ജനകേന്ദ്രിതവും സാമൂഹികപ്രതിബദ്ധതയുള്ളതുമായ ആസിയാൻ സമൂഹം അത് വിഭാവനം ചെയ്യുന്നു.","ഒരു പൊതുസ്വത്വം പടുത്തെടുത്തും, ജനങ്ങളുടെ സുസ്ഥിതിയും ജീവനോപാധിയും ക്ഷേമവും വളര്‍ത്തുന്നതും കരുതലും പങ്കുവെക്കുന്ന മനസ്ഥിതിയുള്ളതുമായ ഒരു സമൂഹം സൃഷ്ടിച്ചുംകൊണ്ട്, ആസിയാനിലെ ജനങ്ങള്‍ക്കും രാജ്യങ്ങള്‍ക്കും ഇടയില്‍ നീണ്ടുനില്‍ക്കുന്ന ആദര്‍ശൈക്യവും ഐകമത്യവും നേടിയെടുക്കണം എന്ന ലക്ഷ്യത്തോടെ പ്രവര്‍ത്തിക്കുന്ന ജനകേന്ദ്രിതവും സാമൂഹികപ്രതിബദ്ധതയുള്ളതുമായ ആസിയാന്‍ സമൂഹമാണ് അത് വിഭാവനം ചെയ്യുന്നത്.",False,NONE,Word order / clausal attachment variation,14,15,168,ആസിയാനിലെ,ആസിയാനിലെയാണ്,"ഒരു പൊതുസ്വത്വം പടുത്തെടുത്തും, ജനങ്ങളുടെ സുസ്ഥിതിയും ജീവനോപാധിയും ക്ഷേമവും വളർത്തുന്നതും കരുതലും പങ്കുവെക്കുന്ന മനസ്ഥിതിയുള്ളതുമായ ഒരു സമൂഹം സൃഷ്ടിച്ചുംകൊണ്ട്, ആസിയാനിലെയാണ് ജനങ്ങൾക്കും രാജ്യങ്ങൾക്കും ഇടയിൽ നീണ്ടുനിൽക്കുന്ന ആദർശൈക്യവും ഐകമത്യവും നേടിയെടുക്കണം എന്ന ലക്ഷ്യത്തോടെ പ്രവർത്തിക്കുന്ന ജനകേന്ദ്രിതവും സാമൂഹികപ്രതിബദ്ധതയുള്ളതുമായ ആസിയാൻ സമൂഹം അത് വിഭാവനം ചെയ്യുന്നത്.",
28,27,"Dehradun city receives potable water from two primary sources: surface water and groundwater, to meet its supply needs.",two primary sources,പ്രാഥമികസ്രോതസ്സുകളിൽനിന്ന്,"രണ്ട് പ്രാഥമികസ്രോതസ്സുകളിൽനിന്ന് ഡെറാഡൂൺ നഗരത്തിന് അതിൻ്റെ കുടിവെള്ളം കിട്ടുന്നു. ഉപരിതലജലം, ഭൂഗർഭ ജലം എന്നിവ വിതരണാവശ്യങ്ങൾ നിറവേറ്റുന്നു.","രണ്ട് പ്രാഥമികസ്രോതസ്സുകളിൽനിന്നാണ് ഡെറാഡൂൺ നഗരത്തിന് അതിൻ്റെ കുടിവെള്ളം കിട്ടുന്നത് : ഉപരിതലജലം, ഭൂഗർഭ ജലം എന്നിവ വിതരണാവശ്യങ്ങൾ നിറവേറ്റുന്നു.",False,NONE,Focus projection span boundary difference (Pipeline projected 'പ്രാഥമികസ്രോതസ്സുകളിൽനിന്ന്'),6,7,82,കിട്ടുന്നത്,കിട്ടുന്നു,"രണ്ട് പ്രാഥമികസ്രോതസ്സുകളിൽനിന്നാണ് ഡെറാഡൂൺ നഗരത്തിന് അതിൻ്റെ കുടിവെള്ളം കിട്ടുന്നു. ഉപരിതലജലം, ഭൂഗർഭ ജലം എന്നിവ വിതരണാവശ്യങ്ങൾ നിറവേറ്റുന്നത്.",
29,28,"Citrus fruit is mainly grown in the central parts of Jamaica, particularly between the elevations of 1,000 - 2,500 feet.","1,000 – 2,500 feet",അടിവരെയുള്ള,"ജമൈക്കയുടെ മദ്ധ്യഭാഗങ്ങളിൽ, വിശേഷിച്ചും 1,000 മുതൽ 2,500 അടിവരെയുള്ള ഉയരങ്ങളിൽ, നാരകവർഗ്ഗപ്പഴങ്ങൾ പ്രധാനമായും കൃഷി ചെയ്യുന്നു.","ജമൈക്കയുടെ മദ്ധ്യഭാഗങ്ങളില്‍, വിശേഷിച്ചും 1,000 മുതല്‍ 2,500 അടിവരെയുള്ള ഉയരങ്ങളിലാണ്, നാരകവര്‍ഗ്ഗപ്പഴങ്ങള്‍ പ്രധാനമായും കൃഷി ചെയ്യുന്നത്.",False,NONE,Word order / clausal attachment variation,9,10,76,ഉയരങ്ങളിലാണ്,ഉയരങ്ങളിൽ,"ജമൈക്കയുടെ മദ്ധ്യഭാഗങ്ങളിൽ, വിശേഷിച്ചും 1,000 മുതൽ 2,500 അടിവരെയുള്ള ഉയരങ്ങളിൽ, നാരകവർഗ്ഗപ്പഴങ്ങൾ പ്രധാനമായും കൃഷി ചെയ്യുന്നു.",
30,29,"According to a 2010 report, only about 2.1% (or 1,350,000 ha) of Afghanistan is forested.",only about 2.1%,ഏകദേശം,"2010ലെ ഒരു റിപ്പോർട്ട് പ്രകാരം അഫ്ഗാനിസ്ഥാൻ്റെ ഏകദേശം 2.1 ശതമാനത്തിൽ (അഥവാ 1,35,000 ഹെക്ടറിൽ) മാത്രം വനം ഉണ്ട്.","2010ലെ ഒരു റിപ്പോർട്ട് പ്രകാരം അഫ്‌ഗാനിസ്ഥാൻ്റെ ഏകദേശം 2.1 ശതമാനത്തിൽ (അഥവാ 1,35,000 ഹെക്ടറിൽ ) മാത്രമാണ് വനമുള്ളത്.",False,NONE,Word order / clausal attachment variation,14,15,97,മാത്രമാണ്,മാത്രം,"2010ലെ ഒരു റിപ്പോർട്ട് പ്രകാരം അഫ്ഗാനിസ്ഥാൻ്റെ ഏകദേശം 2.1 ശതമാനത്തിൽ (അഥവാ 1,35,000 ഹെക്ടറിൽ) മാത്രം വനം ഉണ്ട്.",
31,30,About 44 million metric tonnes of cargo are moved annually through the country's major rivers and waterways., cargo,മെട്രിക്,"രാജ്യത്തെ പ്രധാന നദികൾ, ജലമാർഗ്ഗങ്ങൾ എന്നിവയിലൂടെ ഏതാണ്ട് 44 ദശലക്ഷം മെട്രിക് ടൺ ചരക്ക് പ്രതിവർഷം നീക്കുന്നു.","രാജ്യത്തെ പ്രധാന നദികള്‍, ജലമാര്‍ഗ്ഗങ്ങള്‍ എന്നിവയിലൂടെ ഏതാണ്ട് 44 ദശലക്ഷം മെട്രിക് ടണ്‍ ചരക്കാണ് പ്രതിവര്‍ഷം നീക്കുന്നത്.",False,NONE,Word order / clausal attachment variation,10,11,85,ചരക്കാണ്,ചരക്ക്,"രാജ്യത്തെ പ്രധാന നദികൾ, ജലമാർഗ്ഗങ്ങൾ എന്നിവയിലൂടെ ഏതാണ്ട് 44 ദശലക്ഷം മെട്രിക് ടൺ ചരക്ക് പ്രതിവർഷം നീക്കുന്നു.",
33,32,"Although it is inferred as a Filmfare Award, he said in an interview that I did not write a Filmfare Award.",I did not write,ഞാന്,അതൊരു ഫിലിം ഫെയർ അവാർഡായി കരുതപ്പെടുന്നുണ്ടെങ്കിലും ഞാന്‍ ഒരു ഫിലിം ഫെയർ അവാർഡ് എന്ന് എഴുതിയിട്ടില്ല എന്ന് ഒരു അഭിമുഖത്തിൽ അദ്ദേഹം പറഞ്ഞു.,അതൊരു ഫിലിം ഫെയര്‍ അവാര്‍ഡായി കരുതപ്പെടുന്നുണ്ടെങ്കിലും ഞാന്‍ ഒരു ഫിലിം ഫെയര്‍ അവാര്‍ഡ് എന്ന് എഴുതിയിട്ടില്ല  എന്നാണ് ഒരു അഭിമുഖത്തില്‍ അദ്ദേഹം പറഞ്ഞത്.,False,NONE,Focus projection span boundary difference (Pipeline projected 'ഞാന്'),12,13,103,എന്നാണ്,എന്ന്,അതൊരു ഫിലിം ഫെയർ അവാർഡായി കരുതപ്പെടുന്നുണ്ടെങ്കിലും ഞാന്‍ ഒരു ഫിലിം ഫെയർ അവാർഡ് എന്ന് എഴുതിയിട്ടില്ല എന്ന് ഒരു അഭിമുഖത്തിൽ അദ്ദേഹം പറഞ്ഞു.,
34,33,"He is best known for directing the critically acclaimed films Gharaonda (1977), starring Amol Palekar and Zarina Wahab, and Dooriyaan (1979), starring Sharmila Tagore and Uttam Kumar.",for directing,സംവിധാനം,"അമോൽ പലേക്കറും സറീന വഹാബും അഭിനയിച്ച ഘരൌന്ദാ (1977), ഷർമിളാ ടാഗോറും ഉത്തം കുമാറും അഭിനയിച്ച ദൂരിയാൻ (1979) എന്നീ നിരൂപകപ്രശംസ നേടിയ ചിത്രങ്ങൾ സംവിധാനം ചെയ്തതിന് അദ്ദേഹം പ്രശസ്തനായി.","
അമോല്‍ പലേക്കറും സറീന വഹാബും അഭിനയിച്ച ഘരൌന്ദാ (1977), ഷര്‍മിളാ ടാഗോറും ഉത്തം കുമാറും അഭിനയിച്ച ദൂരിയാന്‍ (1979) എന്നീ നിരൂപകപ്രശംസ നേടിയ ചിത്രങ്ങള്‍ സംവിധാനം ചെയ്തതിനാണ് അദ്ദേഹം പ്രശസ്തനായത്",False,NONE,Word order / clausal attachment variation,18,19,144,സംവിധാനം,സംവിധാനമാണ്,"അമോൽ പലേക്കറും സറീന വഹാബും അഭിനയിച്ച ഘരൌന്ദാ (1977), ഷർമിളാ ടാഗോറും ഉത്തം കുമാറും അഭിനയിച്ച ദൂരിയാൻ (1979) എന്നീ നിരൂപകപ്രശംസ നേടിയ ചിത്രങ്ങൾ സംവിധാനമാണ് ചെയ്തതിന് അദ്ദേഹം പ്രശസ്തനായിയത്.",
35,34,"It is published by Encyclopedia Britannica, Inc.; the company has existed since the 18th century, although it has changed ownership various times through the centuries.","Encyclopedia Britannica, Inc",ഇൻകോർപറേറ്റഡ്,എൻസൈക്ലോപീഡിയ ബ്രിട്ടാനിക്കാ ഇൻകോർപറേറ്റഡ് അത് പ്രസിദ്ധീകരിച്ചു; ഈ കമ്പനി പതിനെട്ടാംനൂറ്റാണ്ടുമുതൽ നിലനിൽക്കുന്നതാണെങ്കിലും അതിൻ്റെ ഉടമസ്ഥാവകാശം നൂറ്റാണ്ടുകൾ കടന്നുപോകവേ പലതവണ കൈമാറ്റം ചെയ്യപ്പെട്ടിട്ടുണ്ട്.,എൻസൈക്ലോപീഡിയ ബ്രിട്ടാനിക്കാ ഇൻകോർപറേറ്റഡ് ആണ് അത് പ്രസിദ്ധീകരിച്ചത്; ഈ കമ്പനി പതിനെട്ടാംനൂറ്റാണ്ടുമുതൽ നിലനിൽക്കുന്നതാണെങ്കിലും അതിൻ്റെ ഉടമസ്ഥാവകാശം നൂറ്റാണ്ടുകൾ കടന്നുപോകവേ പലതവണ കൈമാറ്റം ചെയ്യപ്പെട്ടിട്ടുണ്ട്.,False,NONE,Word order / clausal attachment variation,2,3,41,ഇൻകോർപറേറ്റഡ്,ഇൻകോർപറേറ്റഡാണ്,എൻസൈക്ലോപീഡിയ ബ്രിട്ടാനിക്കാ ഇൻകോർപറേറ്റഡാണ് അത് പ്രസിദ്ധീകരിച്ചത്; ഈ കമ്പനി പതിനെട്ടാംനൂറ്റാണ്ടുമുതൽ നിലനിൽക്കുന്നതാണെങ്കിലും അതിൻ്റെ ഉടമസ്ഥാവകാശം നൂറ്റാണ്ടുകൾ കടന്നുപോകവേ പലതവണ കൈമാറ്റം ചെയ്യപ്പെട്ടിട്ടുണ്ട്.,
36,35,"Although Thomas precession (net rotation after a trajectory that returns to its initial velocity) is a purely kinematic effect, it only occurs in curvilinear motion and therefore cannot be observed independently of some external force causing the curvilinear motion, such as that caused by an electromagnetic field, a gravitational field, or a mechanical force, so Thomas precession is usually accompanied by dynamical effects.",accompanied by dynamical effects,സാധാരണമായി ചലനാത്മക പ്രഭാവങ്ങളോടൊപ്പം,"തോമസ് പ്രിസെഷൻ (പ്രാരംഭവേഗതയിലേക്ക് മടങ്ങുന്ന ഒരു സഞ്ചാരപഥത്തിന് ശേഷമുള്ള നെറ്റ് റൊട്ടേഷൻ) ഒരു കേവലം ചലനാത്മകമായ പ്രഭാവമാണെങ്കിലും, അത് വക്രരേഖീയമായ ചലനത്തിൽ മാത്രം സംഭവിക്കുന്നതും അതിനാൽ വക്രരേഖീയമായ ചലനമുണ്ടാക്കുന്ന വൈദ്യുതകാന്തിക മണ്ഡലം, ഗുരുത്വാകർഷണ മണ്ഡലം, മെക്കാനിക്കൽ ബലം തുടങ്ങിയ ബാഹ്യബലത്തിൽനിന്ന് സ്വതന്ത്രമായി നിരീക്ഷിക്കാനാകാത്തതും ആയതിനാൽ തോമസ് പ്രിസെഷൻ സാധാരണമായി ചലനാത്മക പ്രഭാവങ്ങളോടൊപ്പം സംഭവിക്കുന്നു.","തോമസ് പ്രിസെഷൻ (പ്രാരംഭവേഗതയിലേക്ക് മടങ്ങുന്ന ഒരു സഞ്ചാരപഥത്തിന് ശേഷമുള്ള നെറ്റ് റൊട്ടേഷൻ ) ഒരു കേവലം ചലനാത്മകമായ പ്രഭാവമാണെങ്കിലും, അത് വക്രരേഖീയമായ ചലനത്തിൽ മാത്രം സംഭവിക്കുന്നതും അതിനാൽ വക്രരേഖീയമായ ചലനമുണ്ടാക്കുന്ന വൈദ്യുതകാന്തിക മണ്ഡലം, ഗുരുത്വാകർഷണ മണ്ഡലം, മെക്കാനിക്കൽ ബലം തുടങ്ങിയ ബാഹ്യബലത്തിൽനിന്ന് സ്വതന്ത്രമായി നിരീക്ഷിക്കാനാകാത്തതും ആയതിനാൽ തോമസ് പ്രിസെഷൻ സാധാരണമായി ചലനാത്മക പ്രഭാവങ്ങളോടൊപ്പം സംഭവിക്കുന്നതാണ്.",False,NONE,Word order / clausal attachment variation,36,37,398,പ്രഭാവങ്ങളോടൊപ്പം,പ്രഭാവങ്ങളോടൊപ്പമാണ്,"തോമസ് പ്രിസെഷൻ (പ്രാരംഭവേഗതയിലേക്ക് മടങ്ങുന്ന ഒരു സഞ്ചാരപഥത്തിന് ശേഷമുള്ള നെറ്റ് റൊട്ടേഷൻ) ഒരു കേവലം ചലനാത്മകമായ പ്രഭാവമാണെങ്കിലും, അത് വക്രരേഖീയമായ ചലനത്തിൽ മാത്രം സംഭവിക്കുന്നതും അതിനാൽ വക്രരേഖീയമായ ചലനമുണ്ടാക്കുന്ന വൈദ്യുതകാന്തിക മണ്ഡലം, ഗുരുത്വാകർഷണ മണ്ഡലം, മെക്കാനിക്കൽ ബലം തുടങ്ങിയ ബാഹ്യബലത്തിൽനിന്ന് സ്വതന്ത്രമായി നിരീക്ഷിക്കാനാകാത്തതും ആയതിനാൽ തോമസ് പ്രിസെഷൻ സാധാരണമായി ചലനാത്മക പ്രഭാവങ്ങളോടൊപ്പമാണ് സംഭവിക്കുന്നത്.","സാധാരണമായി ചലനാത്മക പ്രഭാവങ്ങളോടൊപ്പം തോമസ് പ്രിസെഷൻ (പ്രാരംഭവേഗതയിലേക്ക് മടങ്ങുന്ന ഒരു സഞ്ചാരപഥത്തിന് ശേഷമുള്ള നെറ്റ് റൊട്ടേഷൻ) ഒരു കേവലം ചലനാത്മകമായ പ്രഭാവമാണെങ്കിലും, അത് വക്രരേഖീയമായ ചലനത്തിൽ മാത്രം സംഭവിക്കുന്നതും അതിനാൽ വക്രരേഖീയമായ ചലനമുണ്ടാക്കുന്ന വൈദ്യുതകാന്തിക മണ്ഡലം, ഗുരുത്വാകർഷണ മണ്ഡലം, മെക്കാനിക്കൽ ബലം തുടങ്ങിയ ബാഹ്യബലത്തിൽനിന്ന് സ്വതന്ത്രമായി നിരീക്ഷിക്കാനാകാത്തതും ആയതിനാൽ തോമസ് പ്രിസെഷൻ സംഭവിക്കുന്നു."
38,37,Mains filter capacitors are usually encapsulated in wound plastic film types since these deliver high voltage ratings at a low cost and may be made self-healing and fusible.,in wound plastic film type,സാധാരണ പ്ലാസ്റ്റിക്,"കുറഞ്ഞ ചിലവിൽ ഉയർന്ന റേറ്റിംഗുകൾ നല്കുന്നതിനാലും, സ്വയം ശരിപ്പെടുത്തുന്നതും ഫ്യൂസിബിളും ആക്കാമെന്നതിനാലും മെയിൻസ് ഫിൽറ്റർ കപ്പാസിറ്ററുകൾ സാധാരണ പ്ലാസ്റ്റിക് ഫിലിമിൻ്റെ ആവരണം നൽകപ്പെട്ട് ഒതുക്കിയരൂപത്തിലാക്കുന്നു.
","കുറഞ്ഞ ചിലവിൽ ഉയർന്ന റേറ്റിംഗുകൾ നല്കുന്നതിനാലും , സ്വയം ശരിപ്പെടുത്തുന്നതും ഫ്യൂസിബിളും ആക്കാമെന്നതിനാലും മെയിൻസ് ഫിൽറ്റർ കപ്പാസിറ്ററുകൾ സാധാരണ പ്ലാസ്റ്റിക് ഫിലിമിൻ്റെ ആവരണം നൽകപ്പെട്ട് ഒതുക്കിയരൂപത്തിലാക്കിയതാണ്.",False,NONE,Word order / clausal attachment variation,13,14,154,പ്ലാസ്റ്റിക്,പ്ലാസ്റ്റികാണ്,"കുറഞ്ഞ ചിലവിൽ ഉയർന്ന റേറ്റിംഗുകൾ നല്കുന്നതിനാലും, സ്വയം ശരിപ്പെടുത്തുന്നതും ഫ്യൂസിബിളും ആക്കാമെന്നതിനാലും മെയിൻസ് ഫിൽറ്റർ കപ്പാസിറ്ററുകൾ സാധാരണ പ്ലാസ്റ്റികാണ് ഫിലിമിൻ്റെ ആവരണം നൽകപ്പെട്ട് ഒതുക്കിയരൂപത്തിലാക്കുന്നത്.",
41,40,Technology has helped teachers create better assessments to help understand where students who are having trouble with the material are having issues.,where students,വിദ്യാർത്ഥികൾ,പഠനഭാഗത്തിൽ ബുദ്ധിമുട്ട് നേരിടുന്ന വിദ്യാർത്ഥികൾ എവിടെ പ്രശ്നമനുഭവിക്കുന്നു എന്ന് മനസ്സിലാക്കാനായി മെച്ചപ്പെട്ട വിലയിരുത്തലുകൾ നടത്തുന്നതിൽ സാങ്കേതികവിദ്യ അധ്യാപകരെ സഹായിച്ചിട്ടുണ്ട്.,പഠനഭാഗത്തിൽ ബുദ്ധിമുട്ട് നേരിടുന്ന വിദ്യാർത്ഥികൾ എവിടെയാണ് പ്രശ്നമനുഭവിക്കുന്നത് എന്ന് മനസ്സിലാക്കാനായി മെച്ചപ്പെട്ട വിലയിരുത്തലുകൾ നടത്തുന്നതിൽ സാങ്കേതികവിദ്യ അധ്യാപകരെ സഹായിച്ചിട്ടുണ്ട്,False,NONE,Word order / clausal attachment variation,3,4,47,വിദ്യാർത്ഥികൾ,വിദ്യാർത്ഥികളാണ്,പഠനഭാഗത്തിൽ ബുദ്ധിമുട്ട് നേരിടുന്ന വിദ്യാർത്ഥികളാണ് എവിടെ പ്രശ്നമനുഭവിക്കുന്നത് എന്ന് മനസ്സിലാക്കാനായി മെച്ചപ്പെട്ട വിലയിരുത്തലുകൾ നടത്തുന്നതിൽ സാങ്കേതികവിദ്യ അധ്യാപകരെ സഹായിച്ചിട്ടുണ്ട്.,വിദ്യാർത്ഥികൾ പഠനഭാഗത്തിൽ ബുദ്ധിമുട്ട് നേരിടുന്ന എവിടെ പ്രശ്നമനുഭവിക്കുന്നു എന്ന് മനസ്സിലാക്കാനായി മെച്ചപ്പെട്ട വിലയിരുത്തലുകൾ നടത്തുന്നതിൽ സാങ്കേതികവിദ്യ അധ്യാപകരെ സഹായിച്ചിട്ടുണ്ട്.
42,41,"Determining the complexity of an algorithm means finding upper bounds or estimates of how many elementary operations, such as additions and multiplications of scalars, are necessary to perform some algorithm, for example, the multiplication of matrices.",finding upper bounds,പരിധികളോ,"മാട്രിക്സുകൾ ഗുണനം ചെയ്യുന്നത് പോലെ ഒരു അൽഗൊരിതം ചെയ്യാൻ സംഖ്യകളുടെ കൂട്ടലും ഗുണിക്കലും പോലുള്ള എത്ര പ്രാഥമികപ്രവർത്തനങ്ങൾ ആവശ്യമാണ് എന്നതിൻ്റെ ഉയർന്ന പരിധികളോ എസ്റ്റിമേറ്റുകളോ കണ്ടെത്തുക ഒരു അൽഗൊരിതത്തിൻ്റെ സങ്കീർണത നിർണ്ണയിക്കുക എന്നതുകൊണ്ട് അർത്ഥമാക്കുന്നു.
",മാട്രിക്സുകൾ ഗുണനം ചെയ്യുന്നത് പോലെ ഒരു അൽഗൊരിതം ചെയ്യാൻ സംഖ്യകളുടെ കൂട്ടലും ഗുണിക്കലും പോലുള്ള എത്ര പ്രാഥമികപ്രവർത്തനങ്ങൾ ആവശ്യമാണ് എന്നതിൻ്റെ ഉയർന്ന പരിധികളോ എസ്റ്റിമേറ്റുകളോ കണ്ടെത്തുക എന്നാണ് ഒരു അൽഗൊരിതത്തിൻ്റെ സങ്കീർണത നിർണ്ണയിക്കുക എന്നതുകൊണ്ട് അർത്ഥമാക്കുന്നത്.,False,NONE,Word order / clausal attachment variation,19,20,188,എന്നാണ്,ഒരു,മാട്രിക്സുകൾ ഗുണനം ചെയ്യുന്നത് പോലെ ഒരു അൽഗൊരിതം ചെയ്യാൻ സംഖ്യകളുടെ കൂട്ടലും ഗുണിക്കലും പോലുള്ള എത്ര പ്രാഥമികപ്രവർത്തനങ്ങൾ ആവശ്യമാണ് എന്നതിൻ്റെ ഉയർന്ന പരിധികളോ എസ്റ്റിമേറ്റുകളോ കണ്ടെത്തുക ഒരു അൽഗൊരിതത്തിൻ്റെ സങ്കീർണത നിർണ്ണയിക്കുക എന്നതുകൊണ്ട് അർത്ഥമാക്കുന്നു.,
44,43,"He first investigated the rate of decrease in mean temperature with the increase in elevation above sea level, which afforded, by his inquiries regarding the origin of tropical storms, the earliest clue to the detection of the more complicated law governing atmospheric disturbances in higher latitudes.", investigated the rate of decrease,അന്വേഷണം അദ്ദേഹം ആദ്യം,"ഉഷ്ണമേഖലാപ്രദേശങ്ങളിലെ കൊടുങ്കാറ്റുകളുടെ ഉത്ഭവവുമായി ബന്ധപ്പെട്ട അദ്ദേഹത്തിൻ്റെ അന്വേഷണങ്ങളിലൂടെ, ഉയർന്ന അക്ഷാംശങ്ങളിലെ അന്തരീക്ഷക്ഷോഭങ്ങളെ നിയന്ത്രിക്കുന്ന കൂടുതൽ സങ്കീർണമായ നിയമം കണ്ടുപിടിക്കുന്നതിലേക്കുള്ള ഏറ്റവും ആദ്യത്തെ സൂചന നൽകിയ, സമുദ്രനിരപ്പിന് മുകളിലുള്ള വിതാനവർദ്ധനവിനോടൊപ്പം ശരാശരി താപനില കുറയുന്നതിൻ്റെ നിരക്കിനെ കുറിച്ചുള്ള അന്വേഷണം അദ്ദേഹം ആദ്യം നടത്തി.","ഉഷ്ണമേഖലാപ്രദേശങ്ങളിലെ കൊടുങ്കാറ്റുകളുടെ ഉത്ഭവവുമായി ബന്ധപ്പെട്ട അദ്ദേഹത്തിൻ്റെ അന്വേഷണങ്ങളിലൂടെ, ഉയർന്ന അക്ഷാംശങ്ങളിലെ അന്തരീക്ഷക്ഷോഭങ്ങളെ നിയന്ത്രിക്കുന്ന കൂടുതൽ സങ്കീർണമായ നിയമം കണ്ടുപിടിക്കുന്നതിലേക്കുള്ള ഏറ്റവും ആദ്യത്തെ സൂചന നൽകിയ, സമുദ്രനിരപ്പിന് മുകളിലുള്ള വിതാനവർദ്ധനവിനോടൊപ്പം ശരാശരി താപനില കുറയുന്നതിൻ്റെ നിരക്കിനെ കുറിച്ചുള്ള അന്വേഷണമാണ് അദ്ദേഹമാദ്യം നടത്തിയത്.",False,NONE,Focus projection span boundary difference (Pipeline projected 'അന്വേഷണം അദ്ദേഹം ആദ്യം'),26,27,343,അന്വേഷണമാണ്,അന്വേഷണം,"ഉഷ്ണമേഖലാപ്രദേശങ്ങളിലെ കൊടുങ്കാറ്റുകളുടെ ഉത്ഭവവുമായി ബന്ധപ്പെട്ട അദ്ദേഹത്തിൻ്റെ അന്വേഷണങ്ങളിലൂടെ, ഉയർന്ന അക്ഷാംശങ്ങളിലെ അന്തരീക്ഷക്ഷോഭങ്ങളെ നിയന്ത്രിക്കുന്ന കൂടുതൽ സങ്കീർണമായ നിയമം കണ്ടുപിടിക്കുന്നതിലേക്കുള്ള ഏറ്റവും ആദ്യത്തെ സൂചന നൽകിയ, സമുദ്രനിരപ്പിന് മുകളിലുള്ള വിതാനവർദ്ധനവിനോടൊപ്പം ശരാശരി താപനില കുറയുന്നതിൻ്റെ നിരക്കിനെ കുറിച്ചുള്ള അന്വേഷണം അദ്ദേഹം ആദ്യമാണ് നടത്തിയത്.",
45,44,"As noted above, most DNA molecules are two polymer strands bound together in a helical fashion by noncovalent bonds; this double-stranded structure is maintained largely by the intrastrand base stacking interactions, which are strongest for G and C stacks.",base stacking interactions,പിരികളാണ്,"മുകളിൽ പരാമർശിച്ചതുപോലെ, നോൺകോവാലൻ്റ് ആയ ബോണ്ടുകളാൽ വളയ രൂപത്തിൽ പരസ്പരം ബന്ധിപ്പിക്കപ്പെട്ട രണ്ട് പോളിമർ പിരികളാണ് മിക്ക ഡി. എൻ. എ തന്മാത്രകളും; ജി സ്റ്റാക്കുകളിലും സി സ്റ്റാക്കുകളിലും ഏറ്റവും ശക്തമാവുന്ന, പിരികൾക്കിടയിലെ ബേസ് സ്റ്റാക്കിങ് പാരസ്പര്യങ്ങളിലൂടെ ഈ ഇരട്ടപ്പിരിയൻ ഘടന പ്രധാനമായും നിലനിർത്തപ്പെടുന്നു.
","മുകളിൽ പരാമർശിച്ചതുപോലെ, നോൺകോവാലൻ്റ് ആയ ബോണ്ടുകളാൽ വളയ രൂപത്തിൽ പരസ്പരം ബന്ധിപ്പിക്കപ്പെട്ട രണ്ട് പോളിമർ പിരികളാണ് മിക്ക ഡി. എൻ. എ തന്മാത്രകളും; ജി സ്റ്റാക്കുകളിലും സി സ്റ്റാക്കുകളിലും ഏറ്റവും ശക്തമാവുന്ന, പിരികൾക്കിടയിലെ ബേസ് സ്റ്റാക്കിങ് പാരസ്പര്യങ്ങളിലൂടെയാണ് ഈ ഇരട്ടപ്പിരിയൻ ഘടന പ്രധാനമായും നിലനിർത്തപ്പെടുന്നത്.",False,NONE,Word order / clausal attachment variation,26,27,254,പാരസ്പര്യങ്ങളിലൂടെയാണ്,പാരസ്പര്യങ്ങളിലൂടെ,"മുകളിൽ പരാമർശിച്ചതുപോലെ, നോൺകോവാലൻ്റ് ആയ ബോണ്ടുകളാൽ വളയ രൂപത്തിൽ പരസ്പരം ബന്ധിപ്പിക്കപ്പെട്ട രണ്ട് പോളിമർ പിരികളാണ് മിക്ക ഡി. എൻ. എ തന്മാത്രകളും; ജി സ്റ്റാക്കുകളിലും സി സ്റ്റാക്കുകളിലും ഏറ്റവും ശക്തമാവുന്ന, പിരികൾക്കിടയിലെ ബേസ് സ്റ്റാക്കിങ് പാരസ്പര്യങ്ങളിലൂടെ ഈ ഇരട്ടപ്പിരിയൻ ഘടന പ്രധാനമായും നിലനിർത്തപ്പെടുന്നത്.",
47,46,"It was introduced in 1994 as a subscription service transmitted by satellite television provider DirecTV for 13 hours a day, seven days a week.",a subscription service,ഒരു സബ് സ് ക്രിപ്ഷൻ സേവനമായി 1994ൽ,"ഉപഗ്രഹ ടെലിവിഷൻ ദാതാവായ ഡയറക് ടിവി ദിവസം 13 മണിക്കൂർ വീതം ആഴ്ചയിൽ ഏഴുദിവസവും സംപ്രേക്ഷണം ചെയ്യുന്ന ഒരു സബ്‌സ്‌ക്രിപ്ഷൻ സേവനമായി 1994ൽ അത് അവതരിപ്പിച്ചു.
","""ഉപഗ്രഹ ടെലിവിഷൻ ദാതാവായ ഡയറക് ടിവി ദിവസം 13 മണിക്കൂർ വീതം ആഴ്ചയിൽ ഏഴുദിവസവും സംപ്രേക്ഷണം ചെയ്യുന്ന ഒരു സബ്‌സ്‌ക്രിപ്ഷൻ സേവനമായാണ് 1994ൽ അത് അവതരിപ്പിച്ചത്.",False,NONE,Focus projection span boundary difference (Pipeline projected 'ഒരു സബ് സ് ക്രിപ്ഷൻ സേവനമായി 1994ൽ'),15,16,124,സേവനമായാണ്,സേവനമായി,ഉപഗ്രഹ ടെലിവിഷൻ ദാതാവായ ഡയറക് ടിവി ദിവസം 13 മണിക്കൂർ വീതം ആഴ്ചയിൽ ഏഴുദിവസവും സംപ്രേക്ഷണം ചെയ്യുന്ന ഒരു സബ്‌സ്‌ക്രിപ്ഷൻ സേവനമായി 1994ലാണ് അത് അവതരിപ്പിച്ചത്.,"സംപ്രേക്ഷണം ചെയ്യുന്ന ഒരു സബ്‌സ്‌ക്രിപ്ഷൻ സേവനമായി 1994ൽ ഉപഗ്രഹ ടെലിവിഷൻ ദാതാവായ ഡയറക് ടിവി ദിവസം 13 മണിക്കൂർ വീതം ആഴ്ചയിൽ ഏഴുദിവസവും അത് അവതരിപ്പിച്ചു.
"
48,47,"Apple evangelist Guy Kawasaki has called brand fanaticism something that was stumbled upon, while I've explained in 2014 that people have an incredibly personal relationship with Apple's products.",something that was stumbled upon,വ്യക്തിപരമായ ഒരു ബന്ധമാണുള്ളത്,"ആപ്പിൾ ഉൽപ്പന്നങ്ങളുമായി ആളുകൾക്ക് അവിശ്വസനീയമാംവിധം വ്യക്തിപരമായ ഒരു ബന്ധമാണുള്ളത് എന്ന് ഞാൻ 2014ൽ വിശദീകരിച്ചിരിക്കെ, ആപ്പിൾ സുവിശേഷകൻ ഗയ് കവാസാക്കി ബ്രാൻഡ് ഭ്രാന്തിനെ യാദൃശ്ചികമായി കിട്ടിയ ഒന്ന് എന്ന് വിശേഷിപ്പിച്ചു.
","ആപ്പിൾ ഉൽപ്പന്നങ്ങളുമായി ആളുകൾക്ക് അവിശ്വസനീയമാംവിധം വ്യക്തിപരമായ ഒരു ബന്ധമാണുള്ളത് എന്ന് ഞാൻ 2014ൽ വിശദീകരിച്ചിരിക്കെ, ആപ്പിൾ സുവിശേഷകൻ ഗയ് കവാസാക്കി ബ്രാൻഡ് ഭ്രാന്തിനെ യാദൃശ്ചികമായി കിട്ടിയ ഒന്ന് എന്നാണ് വിശേഷിപ്പിച്ചത്.",False,NONE,Word order / clausal attachment variation,6,7,82,ബന്ധമാണുള്ളത്,ബന്ധമാണുള്ളതാണ്,"ആപ്പിൾ ഉൽപ്പന്നങ്ങളുമായി ആളുകൾക്ക് അവിശ്വസനീയമാംവിധം വ്യക്തിപരമായ ഒരു ബന്ധമാണുള്ളതാണ് എന്ന് ഞാൻ 2014ൽ വിശദീകരിച്ചിരിക്കെ, ആപ്പിൾ സുവിശേഷകൻ ഗയ് കവാസാക്കി ബ്രാൻഡ് ഭ്രാന്തിനെ യാദൃശ്ചികമായി കിട്ടിയ ഒന്ന് എന്ന് വിശേഷിപ്പിച്ചത്.",
49,48,"The bulk of the scripture is divided into 31 main ragas, with each Granth raga subdivided according to length and author.",is divided into 31 main ragas,31 പ്രധാനരാഗങ്ങളായി,"വേദഗ്രന്ഥത്തിന്റെ ഭൂരിഭാഗവും ഓരോ ഗ്രന്ഥരാഗവും നീളത്തിനും രചയിതാവിനും അനുസരിച്ച് പുനർവിഭജനം ചെയ്ത 31 പ്രധാനരാഗങ്ങളായി വിഭജിച്ചു.
",ഓരോ ഗ്രന്ഥരാഗവും നീളത്തിനും രചയിതാവിനും അനുസരിച്ച് പുനര്‍വിഭജനം ചെയ്ത 31 പ്രധാനരാഗങ്ങളായി വിഭജിച്ചതാണ് വേദഗ്രന്ഥത്തിന്‍റെ ഭൂരിഭാഗവും.,False,NONE,Word order / clausal attachment variation,0,1,0,ഓരോ,വേദഗ്രന്ഥത്തിന്റെ,വേദഗ്രന്ഥത്തിന്റെ ഭൂരിഭാഗവും ഓരോ ഗ്രന്ഥരാഗവും നീളത്തിനും രചയിതാവിനും അനുസരിച്ച് പുനർവിഭജനം ചെയ്ത 31 പ്രധാനരാഗങ്ങളായിയാണ് വിഭജിച്ചത്.,"31 പ്രധാനരാഗങ്ങളായി വേദഗ്രന്ഥത്തിന്റെ ഭൂരിഭാഗവും ഓരോ ഗ്രന്ഥരാഗവും നീളത്തിനും രചയിതാവിനും അനുസരിച്ച് പുനർവിഭജനം ചെയ്ത വിഭജിച്ചു.
"
51,50,Munnar is carpeted by thick forests and tea estates.,carpeted,വനങ്ങളാലും തേയിലത്തോട്ടങ്ങളാലും,"ഇടതൂർന്ന വനങ്ങളാലും തേയിലത്തോട്ടങ്ങളാലും പരവതാനി വിരിച്ചു മൂന്നാർ.
",ഇടതൂര്‍ന്ന വനങ്ങളാലും തേയിലത്തോട്ടങ്ങളാലും പരവതാനി വിരിച്ചതാണ് മൂന്നാര്‍.,False,NONE,Word order / clausal attachment variation,2,3,39,തേയിലത്തോട്ടങ്ങളാലും,തേയിലത്തോട്ടങ്ങളാലുമാണ്,ഇടതൂർന്ന വനങ്ങളാലും തേയിലത്തോട്ടങ്ങളാലുമാണ് പരവതാനി വിരിച്ചത് മൂന്നാർ.,"വനങ്ങളാലും തേയിലത്തോട്ടങ്ങളാലും ഇടതൂർന്ന പരവതാനി വിരിച്ചു മൂന്നാർ.
"
52,51,The idea of using a net was borrowed from tennis.,was borrowed from tennis,കടമെടുത്തതാണ്,"വല ഉപയോഗിക്കുക എന്ന ആശയം ടെന്നീസിൽ നിന്ന് കടമെടുത്തതാണ്.
",ടെന്നീസില്‍ നിന്ന് കടമെടുത്തതാണ് വല ഉപയോഗിക്കുക എന്ന ആശയം.,False,NONE,Word order / clausal attachment variation,0,1,0,ടെന്നീസിൽ,വല,വല ഉപയോഗിക്കുക എന്ന ആശയം ടെന്നീസിൽ നിന്ന് കടമെടുത്തതാണ്.,
57,56,"Thus, in a significant verse, those who are self-reliant in the first rung of the Magha brotherhood should beware of perverse thought, the idea being that humility and not arrogance ought to be followed by persons who have reached the highest grade.",humility,ഉയർന്നപടിയിലെത്തിയവർ,"അങ്ങനെ, ഏറ്റവും ഉയർന്നപടിയിലെത്തിയവർ അഹങ്കാരമല്ല, വിനയം പാലിക്കണം  എന്ന ആശയം വരുംവിധം മാഘാ സാഹോദര്യത്തിലെ ആദ്യപടിയിലെ സ്വാശ്രയശീലമുള്ളവർ വികലചിന്തകളിൽനിന്ന് അകന്നുനിൽക്കണമെന്ന് ഒരു നിർണ്ണായകമായ പദ്യത്തിൽ പറയുന്നു.
","അങ്ങനെ, ഏറ്റവും ഉയർന്നപടിയിലെത്തിയവർ അഹങ്കാരമല്ല, വിനയമാണ് പാലിക്കേണ്ടത് എന്ന ആശയം വരുംവിധം മാഘാ സാഹോദര്യത്തിലെ ആദ്യപടിയിലെ സ്വാശ്രയശീലമുള്ളവർ വികലചിന്തകളിൽനിന്ന് അകന്നുനിൽക്കണമെന്ന് ഒരു നിര്‍ണ്ണായകമായ പദ്യത്തിൽ പറയുന്നു.",False,NONE,Word order / clausal attachment variation,2,3,34,ഉയർന്നപടിയിലെത്തിയവർ,ഉയർന്നപടിയിലെത്തിയവരാണ്,"അങ്ങനെ, ഏറ്റവും ഉയർന്നപടിയിലെത്തിയവരാണ് അഹങ്കാരമല്ല, വിനയം പാലിക്കണം എന്ന ആശയം വരുംവിധം മാഘാ സാഹോദര്യത്തിലെ ആദ്യപടിയിലെ സ്വാശ്രയശീലമുള്ളവർ വികലചിന്തകളിൽനിന്ന് അകന്നുനിൽക്കണമെന്ന് ഒരു നിർണ്ണായകമായ പദ്യത്തിൽ പറയുന്നത്.",
59,58,"This part of the Gita culminates in an overwhelming vision: Krishna allows Arjuna to see his supernal form, the Vishvarupa, which strikes terror into Arjuna's heart.",overwhelming vision,കാണാൻ,ഗീതയുടെ ഈ ഭാഗം അതിശക്തമായ ഒരു ദർശനത്തോടെ അവസാനിക്കുന്നു: വിശ്വരൂപം എന്ന തന്റെ അതീന്ദ്രിയ രൂപം കാണാൻ കൃഷ്ണൻ അർജുനനെ അനുവദിക്കുകയും അത് അർജുനന്റെ ഹൃദയത്തിൽ കടുത്ത ഭീതിയുണ്ടാക്കുകയും ചെയ്യുന്നു.,ഗീതയുടെ ഈ ഭാഗം അതിശക്തമായ ഒരു ദർശനത്തോടെയാണ് അവസാനിക്കുന്നത്: വിശ്വരൂപം എന്ന തൻ്റെ അതീന്ദ്രിയ രൂപം കാണാൻ കൃഷ്‌ണൻ അർജ്ജുനനെ അനുവദിക്കുകയും അത് അർജുനൻ്റെ ഹൃദയത്തിൽ കടുത്ത ഭീതിയുണ്ടാക്കുകയും ചെയ്യുന്നു.,False,NONE,Word order / clausal attachment variation,5,6,40,ദർശനത്തോടെയാണ്,ദർശനത്തോടെ,ഗീതയുടെ ഈ ഭാഗം അതിശക്തമായ ഒരു ദർശനത്തോടെ അവസാനിക്കുന്നു: വിശ്വരൂപം എന്ന തന്റെ അതീന്ദ്രിയ രൂപം കാണാൻ കൃഷ്ണൻ അർജുനനെ അനുവദിക്കുകയും അത് അർജുനന്റെ ഹൃദയത്തിൽ കടുത്ത ഭീതിയുണ്ടാക്കുകയും ചെയ്യുന്നു.,
60,59,"The idealistic approach of Sikhism is that it recognises the existence of the same heavenly light in every human being, rich or poor, high or low, irrespective of caste, creed, color, race, sex, religion, or nationality.",same heavenly light,ഒരേ സ്വർഗീയ,"സിഖ് മതത്തിൻ്റെ ആദർശപരമായ സമീപനം ജാതി, വിശ്വാസം, നിറം, വംശം, ലിംഗം, മതം, ദേശീയത എന്നിവ എന്തുതന്നെയായാലും സമ്പന്നരോ, ദരിദ്രരോ, ഉയർന്ന നിലയിലുള്ളവരോ താഴ്ന്ന നിലയിലുള്ളവരോ ആയ എല്ലാ മനുഷ്യരിലും ഒരേ സ്വർഗീയ പ്രകാശമുള്ളതായി അംഗീകരിക്കുന്നു എന്നതാണ്.
","ജാതി, വിശ്വാസം, നിറം, വംശം, ലിംഗം, മതം, ദേശീയത എന്നിവ എന്തുതന്നെയായാലും സമ്പന്നരോ, ദരിദ്രരോ, ഉയർന്ന നിലയിലുള്ളവരോ താഴ്ന്ന നിലയിലുള്ളവരോ ആയ എല്ലാ മനുഷ്യരിലും ഒരേ സ്വർഗീയ പ്രകാശമുള്ളതായി അംഗീകരിക്കുന്നുവെന്നതാണ് സിഖ് മതത്തിൻ്റെ ആദർശപരമായ സമീപനം.",False,NONE,Word order / clausal attachment variation,0,1,0,ജാതി,സിഖ്,"സിഖ് മതത്തിൻ്റെ ആദർശപരമായ സമീപനം ജാതി, വിശ്വാസം, നിറം, വംശം, ലിംഗം, മതം, ദേശീയത എന്നിവ എന്തുതന്നെയായാലും സമ്പന്നരോ, ദരിദ്രരോ, ഉയർന്ന നിലയിലുള്ളവരോ താഴ്ന്ന നിലയിലുള്ളവരോ ആയ എല്ലാ മനുഷ്യരിലും ഒരേ സ്വർഗീയയാണ് പ്രകാശമുള്ളതായി അംഗീകരിക്കുന്നത് എന്നതാണ്.",
61,60,The program concluded with a cultural event entitled 'Partition and Independence: Reflections in Literature & Cinema' organized by the employees of the Society.,cultural event,സാംസ്കാരികപരിപാടിയോടെ,"സൊസൈറ്റിയുടെ ജീവനക്കാർ സംഘടിപ്പിച്ച ""വിഭജനവും സ്വാതന്ത്ര്യവും: സാഹിത്യത്തിലേയും സിനിമയിലെയും പ്രതിഫലനങ്ങൾ"" എന്ന് പേരിട്ട ഒരു സാംസ്കാരികപരിപാടിയോടെ കാര്യക്രമം അവസാനിച്ചു.
","സൊസൈറ്റിയുടെ ജീവനക്കാര്‍ സംഘടിപ്പിച്ച  ""വിഭജനവും സ്വാതന്ത്ര്യവും: സാഹിത്യത്തിലേയും സിനിമയിലെയും പ്രതിഫലനങ്ങള്‍ "" എന്ന് പേരിട്ട ഒരു സാംസ്കാരികപരിപാടിയോടെയാണ് കാര്യക്രമം അവസാനിച്ചത്.",False,NONE,Word order / clausal attachment variation,11,12,143,സാംസ്കാരികപരിപാടിയോടെയാണ്,സാംസ്കാരികപരിപാടിയോടെ,"സൊസൈറ്റിയുടെ ജീവനക്കാർ സംഘടിപ്പിച്ച ""വിഭജനവും സ്വാതന്ത്ര്യവും: സാഹിത്യത്തിലേയും സിനിമയിലെയും പ്രതിഫലനങ്ങൾ"" എന്ന് പേരിട്ട ഒരു സാംസ്കാരികപരിപാടിയോടെ കാര്യക്രമം അവസാനിച്ചു.",
62,61,"The object of the proceedings is merely to ascertain whether a person has died under suspicious circumstances or an unnatural death, and if so, what is the apparent cause of the death.",merely to ascertain,ലക്ഷ്യം,നടപടിക്രമങ്ങളുടെ ലക്ഷ്യം ഒരു വ്യക്തിയുടെ മരണം സംശയകരമായ സാഹചര്യത്തിലാണോ അല്ല അത് അസ്വാഭാവികമരണമാണോ എന്നും അസ്വാഭാവികമരണമാണെങ്കിൽ പ്രത്യക്ഷത്തിൽ മരണകാരണം എന്താണ് എന്നും തീർച്ചയാക്കുക മാത്രമാണ്.,ഒരു വ്യക്തിയുടെ മരണം സംശയകരമായ സാഹചര്യത്തിലാണോ അല്ല അത് അസ്വാഭാവികമരണമാണോ എന്നും അസ്വാഭാവികമരണമാണെങ്കില്‍ പ്രത്യക്ഷത്തില്‍ മരണകാരണം എന്താണ് എന്നും തീര്‍ച്ചയാക്കുക മാത്രമാണ് നടപടിക്രമങ്ങളുടെ ലക്‌ഷ്യം.,False,NONE,Word order / clausal attachment variation,0,1,0,ഒരു,നടപടിക്രമങ്ങളുടെ,നടപടിക്രമങ്ങളുടെ ലക്ഷ്യമാണ് ഒരു വ്യക്തിയുടെ മരണം സംശയകരമായ സാഹചര്യത്തിലാണോ അല്ല അത് അസ്വാഭാവികമരണമാണോ എന്നും അസ്വാഭാവികമരണമാണെങ്കിൽ പ്രത്യക്ഷത്തിൽ മരണകാരണം എന്താണ് എന്നും തീർച്ചയാക്കുക മാത്രം.,
64,63,The use of chilli powder in this region is done cautiously.,cautiously,ഈ,"ഈ പ്രദേശത്ത് മുളകുപൊടി സൂക്ഷിച്ച് ഉപയോഗിക്കുന്നു.
",ഈ പ്രദേശത്ത് മുളകുപൊടി സൂക്ഷിച്ചാണ് ഉപയോഗിക്കുന്നത്.,False,NONE,Word order / clausal attachment variation,3,4,32,സൂക്ഷിച്ചാണ്,സൂക്ഷിച്ച്,ഈ പ്രദേശത്ത് മുളകുപൊടി സൂക്ഷിച്ച് ഉപയോഗിക്കുന്നു.,
65,64,"The word Yoga is derived from the Sanskrit root Yuj, meaning to join or to yoke or to unite.",is derived from,നിന്ന്,"കൂട്ടിച്ചേർക്കുക, ഇണക്കുക, അല്ലെങ്കിൽ ഒരുമിപ്പിക്കുക എന്നർത്ഥമുള്ള യുജ് എന്ന സംസ്കൃതധാതുവിൽ നിന്ന് യോഗശബ്ദം വ്യുൽപാദിപ്പിച്ചു.","കൂട്ടിച്ചേര്‍ക്കുക, ഇണക്കുക, അല്ലെങ്കില്‍ ഒരുമിപ്പിക്കുക എന്നര്‍ത്ഥമുള്ള യുജ് എന്ന സംസ്കൃതധാതുവില്‍ നിന്ന് വ്യുല്‍പാദിപ്പിച്ചതാണ് യോഗശബ്ദം",False,NONE,Word order / clausal attachment variation,8,9,95,നിന്ന്,നിന്നാണ്,"കൂട്ടിച്ചേർക്കുക, ഇണക്കുക, അല്ലെങ്കിൽ ഒരുമിപ്പിക്കുക എന്നർത്ഥമുള്ള യുജ് എന്ന സംസ്കൃതധാതുവിൽ നിന്നാണ് യോഗശബ്ദം വ്യുൽപാദിപ്പിച്ചത്.",
66,65,Today's Odissi has evolved from the endless sculptures in various motifs carved on the temple walls of Orissa.,endless sculptures in various motifs,ക്ഷേത്രച്ചുവരുകളിൽ,"ഒറീസയിലെ ക്ഷേത്രച്ചുവരുകളിൽ കൊത്തിവച്ചിട്ടുള്ള എണ്ണമറ്റ ശിൽപ്പങ്ങളിലെ വിവിധ അലങ്കാരമുദ്രകളിൽ നിന്ന് ഇന്നത്തെ ഒഡീസി രൂപം കൊണ്ടു.
",ഒറീസയിലെ ക്ഷേത്രച്ചുവരുകളില്‍ കൊത്തിവച്ചിട്ടുള്ള എണ്ണമറ്റ ശില്‍പ്പങ്ങളിലെ വിവിധ അലങ്കാരമുദ്രകളില്‍നിന്നാണ് ഇന്നത്തെ ഒഡീസി രൂപം കൊണ്ടത്.,False,NONE,Word order / clausal attachment variation,1,2,26,ക്ഷേത്രച്ചുവരുകളിൽ,ക്ഷേത്രച്ചുവരുകളിലാണ്,ഒറീസയിലെ ക്ഷേത്രച്ചുവരുകളിലാണ് കൊത്തിവച്ചിട്ടുള്ള എണ്ണമറ്റ ശിൽപ്പങ്ങളിലെ വിവിധ അലങ്കാരമുദ്രകളിൽ നിന്ന് ഇന്നത്തെ ഒഡീസി രൂപം കൊണ്ടത്.,
68,67,High-frequency data for Q2 indicates that economic activity remains resilient.,that economic activity remains resilient,തുടരുന്നു,"സാമ്പത്തിക പ്രവർത്തനം പ്രതിരോധശക്തിയോടെ തന്നെ തുടരുന്നു എന്ന് രണ്ടാം മാസത്രയത്തിൻ്റെ ഉയർന്ന ഫ്രീക്വൻസി ഡാറ്റ സൂചിപ്പിക്കുന്നു.
",സാമ്പത്തിക പ്രവർത്തനം പ്രതിരോധശക്തിയോടെ തന്നെ തുടരുന്നു എന്നാണ് രണ്ടാം മാസത്രയത്തിൻ്റെ ഉയർന്ന ഫ്രീക്വൻസി ഡാറ്റ സൂചിപ്പിക്കുന്നത്.,False,NONE,Word order / clausal attachment variation,4,5,54,തുടരുന്നു,തുടരുന്നതാണ്,സാമ്പത്തിക പ്രവർത്തനം പ്രതിരോധശക്തിയോടെ തന്നെ തുടരുന്നതാണ് എന്ന് രണ്ടാം മാസത്രയത്തിൻ്റെ ഉയർന്ന ഫ്രീക്വൻസി ഡാറ്റ സൂചിപ്പിക്കുന്നത്.,"തുടരുന്നു സാമ്പത്തിക പ്രവർത്തനം പ്രതിരോധശക്തിയോടെ തന്നെ എന്ന് രണ്ടാം മാസത്രയത്തിൻ്റെ ഉയർന്ന ഫ്രീക്വൻസി ഡാറ്റ സൂചിപ്പിക്കുന്നു.
"
69,68,Liquidity refers to the extent to which financial assets can be sold at close to full market value at short notice.,the extent to which financial assets can be sold at close to full market value at short notice,സമയത്തിനുള്ളിൽ,"കുറഞ്ഞ സമയത്തിനുള്ളിൽ സാമ്പത്തിക ആസ്തികൾ എത്രത്തോളം വിപണനമൂല്യത്തിനടുത്തായി വിൽക്കാം എന്നതിനെ ലിക്വിഡിറ്റി സൂചിപ്പിക്കുന്നു.
",കുറഞ്ഞ സമയത്തിനുള്ളിൽ സാമ്പത്തിക ആസ്തികൾ എത്രത്തോളം വിപണനമൂല്യത്തിനടുത്തായി വിൽക്കാം എന്നതിനെയാണ് ലിക്വിഡിറ്റി സൂചിപ്പിക്കുന്നത്.,False,NONE,Word order / clausal attachment variation,1,2,20,സമയത്തിനുള്ളിൽ,സമയത്തിനുള്ളിലാണ്,കുറഞ്ഞ സമയത്തിനുള്ളിലാണ് സാമ്പത്തിക ആസ്തികൾ എത്രത്തോളം വിപണനമൂല്യത്തിനടുത്തായി വിൽക്കാം എന്നതിനെ ലിക്വിഡിറ്റി സൂചിപ്പിക്കുന്നത്.,
71,70,"The moving spirits of revolutions are deemed holy or unholy in proportion, as the principle underlying them is beneficial or wicked.",in proportion,വിപ്ലവങ്ങളുടെ ചാലകശക്തികൾ,"അടിസ്ഥാനതത്ത്വം ഗുണപ്രദമോ ക്രൂരമോ എന്നതിന് ആനുപാതികമായിട്ട് വിപ്ലവങ്ങളുടെ ചാലകശക്തികൾ പവിത്രമെന്നോ അപവിത്രമെന്നോ കരുതപ്പെടുന്നു.
",അടിസ്ഥാനതത്ത്വം ഗുണപ്രദമോ ക്രൂരമോ എന്നതിന് ആനുപാതികമായിട്ടാണ് വിപ്ലവങ്ങളുടെ ചാലകശക്തികള്‍ പവിത്രമെന്നോ അപവിത്രമെന്നോ കരുതപ്പെടുന്നത്.,False,NONE,Word order / clausal attachment variation,4,5,58,ആനുപാതികമായിട്ടാണ്,ആനുപാതികമായിട്ട്,അടിസ്ഥാനതത്ത്വം ഗുണപ്രദമോ ക്രൂരമോ എന്നതിന് ആനുപാതികമായിട്ട് വിപ്ലവങ്ങളുടെ ചാലകശക്തികളാണ് പവിത്രമെന്നോ അപവിത്രമെന്നോ കരുതപ്പെടുന്നത്.,"വിപ്ലവങ്ങളുടെ ചാലകശക്തികൾ അടിസ്ഥാനതത്ത്വം ഗുണപ്രദമോ ക്രൂരമോ എന്നതിന് ആനുപാതികമായിട്ട് പവിത്രമെന്നോ അപവിത്രമെന്നോ കരുതപ്പെടുന്നു.
"
72,71,"You have earned your breakfast, British soldiers, by the sweat of your brow, not, by the free flow of blood from your bodies.",sweat of your brow,പുരികങ്ങളിലെ,"ബ്രിട്ടീഷ് സൈനികരേ, നിങ്ങളുടെ ശരീരത്തിൽനിന്നും ധാരയായൊഴുകിയ രക്തംകൊണ്ടല്ല, നിങ്ങളുടെ പുരികങ്ങളിലെ വിയർപ്പിനാൽ നിങ്ങളീ പ്രഭാതഭക്ഷണത്തിന് അർഹരായിരിക്കുന്നു.
","ബ്രിട്ടീഷ് സൈനികരേ, നിങ്ങളുടെ ശരീരത്തിൽനിന്നും ധാരയായൊഴുകിയ രക്തംകൊണ്ടല്ല, നിങ്ങളുടെ പുരികങ്ങളിലെ വിയർപ്പിനാലാണ് നിങ്ങളീ പ്രഭാതഭക്ഷണത്തിന് അർഹരായിരിക്കുന്നത്.",False,NONE,Word order / clausal attachment variation,7,8,95,പുരികങ്ങളിലെ,പുരികങ്ങളിലെയാണ്,"ബ്രിട്ടീഷ് സൈനികരേ, നിങ്ങളുടെ ശരീരത്തിൽനിന്നും ധാരയായൊഴുകിയ രക്തംകൊണ്ടല്ല, നിങ്ങളുടെ പുരികങ്ങളിലെയാണ് വിയർപ്പിനാൽ നിങ്ങളീ പ്രഭാതഭക്ഷണത്തിന് അർഹരായിരിക്കുന്നത്.",
73,72,"The course was organised in coordination with the National Film Archives of India, Pune.",in coordination with,സഹകരിച്ച്,"പൂനെയിലെ നാഷണൽ ഫിലിം ആർക്കൈവ്സ് ഓഫ് ഇന്ത്യയുമായി സഹകരിച്ച് പാഠ്യപദ്ധതി സംഘടിപ്പിച്ചു.
",പൂനെയിലെ നാഷണല്‍ ഫിലിം ആര്‍ക്കൈവ്‌സ് ഓഫ് ഇന്ത്യയുമായി സഹകരിച്ചാണ് പാഠ്യപദ്ധതി സംഘടിപ്പിച്ചത്.,False,NONE,Focus projection span boundary difference (Pipeline projected 'സഹകരിച്ച്'),6,7,57,സഹകരിച്ചാണ്,സഹകരിച്ച്,പൂനെയിലെ നാഷണൽ ഫിലിം ആർക്കൈവ്സ് ഓഫ് ഇന്ത്യയുമായി സഹകരിച്ച് പാഠ്യപദ്ധതി സംഘടിപ്പിച്ചു.,
76,75,"What drives us, the audience, is a nostalgia for the present times of the novel, the lived moment of Austen's heroines, or Pagnol's and Forster's characters, our imagined past, not that of the original text for which that present time represents unwanted change.",is a nostalgia,തോന്നുന്ന ഗൃഹാതുരത്വമാണ്,"അനുവാചകരായ നമ്മെ പ്രചോദിപ്പിക്കുന്നത് നോവലിലെ വർത്തമാനകാലത്തെക്കുറിച്ചും, ഓസ്റ്റിന്റെ നായികമാരുടെയും പാഗ്നോളിന്റെയും, ഫോസ്റ്ററുടെയും കഥാപാത്രങ്ങളുടെയും ജീവത്തായ നിമിഷങ്ങളെക്കുറിച്ചും, നമ്മുടെ സങ്കൽപ്പത്തിലുള്ള ഭൂതകാലത്തെക്കുറിച്ചും, തോന്നുന്ന ഗൃഹാതുരത്വമാണ്, അല്ലാതെ അനാവശ്യമായ മാറ്റം പ്രതിനിധീകരിക്കുന്ന മൂലകൃതിയിലെ വർത്തമാനകാലമല്ല.
","അനുവാചകരായ നമ്മെ പ്രചോദിപ്പിക്കുന്നത് നോവലിലെ വര്‍ത്തമാനകാലത്തെക്കുറിച്ചും, ഓസ്റ്റിന്‍റെ നായികമാരുടെയും പാഗ്നോളിന്‍റെയും, ഫോസ്റ്ററുടെയും കഥാപാത്രങ്ങളുടെയും ജീവത്തായ നിമിഷങ്ങളെക്കുറിച്ചും, നമ്മുടെ സങ്കൽപ്പത്തിലുള്ള ഭൂതകാലത്തെക്കുറിച്ചും, തോന്നുന്ന ഗൃഹാതുരത്വമാണ്, അല്ലാതെ അനാവശ്യമായ മാറ്റം പ്രതിനിധീകരിക്കുന്ന മൂലകൃതിയിലെ വര്‍ത്തമാനകാലമല്ല.",False,NONE,Word order / clausal attachment variation,16,17,249,ഗൃഹാതുരത്വമാണ്,ഗൃഹാതുരത്വം,"അനുവാചകരായ നമ്മെ പ്രചോദിപ്പിക്കുന്നത് നോവലിലെ വർത്തമാനകാലത്തെക്കുറിച്ചും, ഓസ്റ്റിന്റെ നായികമാരുടെയും പാഗ്നോളിന്റെയും, ഫോസ്റ്ററുടെയും കഥാപാത്രങ്ങളുടെയും ജീവത്തായ നിമിഷങ്ങളെക്കുറിച്ചും, നമ്മുടെ സങ്കൽപ്പത്തിലുള്ള ഭൂതകാലത്തെക്കുറിച്ചും, തോന്നുന്ന ഗൃഹാതുരത്വം, അല്ലാതെ അനാവശ്യമായ മാറ്റം പ്രതിനിധീകരിക്കുന്ന മൂലകൃതിയിലെ വർത്തമാനകാലമല്ല.",
77,76,Thornthwaite and Mather model is widely used for computing water balance.,Thornthwaite and Mather model,മാതൃക വാട്ടർ,"തോൺത്വെയ്റ്റ് ആൻഡ് മാതർ മാതൃക വാട്ടർ ബാലൻസ് കണക്കാക്കാൻ വ്യാപകമായി ഉപയോഗിക്കുന്നു.
",തോണ്‍ത്വെയ്റ്റ് ആന്‍ഡ് മാതര്‍ മാതൃകയാണ് വാട്ടർ ബാലൻസ് കണക്കാക്കാന്‍ വ്യാപകമായി ഉപയോഗിക്കുന്നത്.,False,NONE,Focus projection span boundary difference (Pipeline projected 'മാതൃക വാട്ടർ'),3,4,29,മാതൃകയാണ്,മാതൃക,തോൺത്വെയ്റ്റ് ആൻഡ് മാതർ മാതൃക വാട്ടരാണ് ബാലൻസ് കണക്കാക്കാൻ വ്യാപകമായി ഉപയോഗിക്കുന്നത്.,
79,78,The live telecast of proceedings started in 1994., in 1994,ആരംഭിച്ചു,"1994ൽ നടപടിക്രമങ്ങളുടെ തത്സമയ സംപ്രേക്ഷണം ആരംഭിച്ചു.
",1994ലാണ് നടപടിക്രമങ്ങളുടെ തത്സമയ സംപ്രേക്ഷണം ആരംഭിച്ചത്.,False,NONE,Focus projection span boundary difference (Pipeline projected 'ആരംഭിച്ചു'),0,1,4,1994ലാണ്,1994ൽ,1994ൽ നടപടിക്രമങ്ങളുടെ തത്സമയ സംപ്രേക്ഷണം ആരംഭിച്ചുവാണ്.,"ആരംഭിച്ചു 1994ൽ നടപടിക്രമങ്ങളുടെ തത്സമയ സംപ്രേക്ഷണം.
"
84,83,"If the animal stays away from other animals in a herd, it indicates that it is having some health problem.",having some health problem,അതിനു ചില ആരോഗ്യപ്രശ്നങ്ങൾ,"ഒരു മൃഗം കൂട്ടത്തിലുള്ള മറ്റു മൃഗങ്ങളിൽ നിന്ന് മാറിനിൽക്കുകയാണെങ്കിൽ അത് സൂചിപ്പിക്കുന്നത് അതിനു ചില ആരോഗ്യപ്രശ്നങ്ങൾ ഉണ്ടെന്ന്.
",ഒരു മൃഗം കൂട്ടത്തിലുള്ള മറ്റു മൃഗങ്ങളില്‍ നിന്ന് മാറിനില്‍ക്കുകയാണെങ്കില്‍ അത് സൂചിപ്പിക്കുന്നത് അതിനു ചില ആരോഗ്യപ്രശ്നങ്ങള്‍ ഉണ്ടെന്നാണ്.,False,NONE,Verb lexical/derivation difference ('ഉണ്ടെന്ന്' vs 'ഉണ്ടെന്നാണ്'),12,13,126,ഉണ്ടെന്നാണ്,ഉണ്ടെന്ന്,ഒരു മൃഗം കൂട്ടത്തിലുള്ള മറ്റു മൃഗങ്ങളിൽ നിന്ന് മാറിനിൽക്കുകയാണെങ്കിൽ അത് സൂചിപ്പിക്കുന്നത് അതിനു ചില ആരോഗ്യപ്രശ്നങ്ങൾ ഉണ്ടെന്ന്.,"അതിനു ചില ആരോഗ്യപ്രശ്നങ്ങൾ ഒരു മൃഗം കൂട്ടത്തിലുള്ള മറ്റു മൃഗങ്ങളിൽ നിന്ന് മാറിനിൽക്കുകയാണെങ്കിൽ അത് സൂചിപ്പിക്കുന്നത് ഉണ്ടെന്ന്.
"
87,86,"Basically, it involves the generation of biomass that can be converted to convenient energy-containing substances in different ways, such as thermal conversion, chemical conversion, and biochemical conversion.",generation of biomass,ജൈവദ്രവ്യങ്ങളുടെ ഉത്പാദനം,"അടിസ്ഥാനപരമായി, തെർമൽ പരിവർത്തനം, രാസപരിവർത്തനം, ബയോകെമിക്കൽ പരിവർത്തനം തുടങ്ങിയ വ്യത്യസ്തമായ രീതികളിൽ, ഊർജ്ജമുൾക്കൊള്ളുന്ന സൗകര്യപ്രദമായ പദാര്‍ത്ഥങ്ങളായി പരിവർത്തനം ചെയ്യാവുന്ന ജൈവദ്രവ്യങ്ങളുടെ ഉത്പാദനം അത് ഉൾക്കൊള്ളുന്നു.
","അടിസ്ഥാനപരമായി, തെർമൽ പരിവർത്തനം, രാസപരിവർത്തനം, ബയോകെമിക്കൽ പരിവർത്തനം തുടങ്ങിയ വ്യത്യസ്തമായ രീതികളിൽ, ഊർജ്ജമുൾക്കൊള്ളുന്ന സൗകര്യപ്രദമായ പദാര്‍ത്ഥങ്ങളായി പരിവർത്തനം ചെയ്യാവുന്ന ജൈവദ്രവ്യങ്ങളുടെ ഉത്പാദനമാണ് അതുൾക്കൊള്ളുന്നത്.",False,NONE,Focus projection span boundary difference (Pipeline projected 'ജൈവദ്രവ്യങ്ങളുടെ ഉത്പാദനം'),16,17,203,അതുൾക്കൊള്ളുന്നത്,അത്,"അടിസ്ഥാനപരമായി, തെർമൽ പരിവർത്തനം, രാസപരിവർത്തനം, ബയോകെമിക്കൽ പരിവർത്തനം തുടങ്ങിയ വ്യത്യസ്തമായ രീതികളിൽ, ഊർജ്ജമുൾക്കൊള്ളുന്ന സൗകര്യപ്രദമായ പദാര്‍ത്ഥങ്ങളായി പരിവർത്തനം ചെയ്യാവുന്ന ജൈവദ്രവ്യങ്ങളുടെ ഉത്പാദനമാണ് അത് ഉൾക്കൊള്ളുന്നത്.",
89,88,"Human safety mainly focuses on the health, hygiene, and environment of all people, including customers, employees, and management.",environment,ആരോഗ്യം,"ആരോഗ്യം, ശുചിത്വം, എന്നിവയിലും ഉപഭോക്താക്കൾ, ജീവനക്കാർ, മാനേജ്‌മെൻ്റ് തുടങ്ങിയ എല്ലാവരുടെയും ചുറ്റുപാടുകളിലും മാനവസുരക്ഷ പ്രധാനമായും കേന്ദ്രീകരിക്കുന്നു.
","ആരോഗ്യം, ശുചിത്വം, എന്നിവയിലും ഉപഭോക്താക്കൾ, ജീവനക്കാർ, മാനേജ്‌മെൻ്റ് തുടങ്ങിയ എല്ലാവരുടെയും ചുറ്റുപാടുകളിലുമാണ് മാനവസുരക്ഷ പ്രധാനമായും കേന്ദ്രീകരിക്കുന്നത്.",False,NONE,Word order / clausal attachment variation,0,1,6,ആരോഗ്യം,ആരോഗ്യമാണ്,"ആരോഗ്യമാണ്, ശുചിത്വം, എന്നിവയിലും ഉപഭോക്താക്കൾ, ജീവനക്കാർ, മാനേജ്‌മെൻ്റ് തുടങ്ങിയ എല്ലാവരുടെയും ചുറ്റുപാടുകളിലും മാനവസുരക്ഷ പ്രധാനമായും കേന്ദ്രീകരിക്കുന്നത്.",
