Dataset_Row_Number,English_Sentence,English_Prosody_Focus,Original_Malayalam,Projected_Malayalam_Focus,Generated_Cleft_Sentence,Gold_Target_Sentence,Specific_Variation_Diagnosis
56,"Although it is inferred as a Filmfare Award, he said in an interview that I did not write a Filmfare Award.",in an interview,അതൊരു ഫിലിം ഫെയർ അവാർഡായി കരുതപ്പെടുന്നുണ്ടെങ്കിലും ഞാന്‍ ഒരു ഫിലിം ഫെയർ അവാർഡ് എന്ന് എഴുതിയിട്ടില്ല എന്ന് ഒരു അഭിമുഖത്തിൽ അദ്ദേഹം പറഞ്ഞു.,ഒരു അഭിമുഖത്തിൽ അദ്ദേഹം പറഞ്ഞു,അതൊരു ഫിലിം ഫെയർ അവാർഡായി കരുതപ്പെടുന്നുണ്ടെങ്കിലും ഞാന്‍ ഒരു ഫിലിം ഫെയർ അവാർഡ് എന്ന് എഴുതിയിട്ടില്ല എന്ന് ഒരു അഭിമുഖത്തിൽ അദ്ദേഹം പറഞ്ഞത്വാണ്.,അതൊരു ഫിലിം ഫെയർ അവാർഡായി കരുതപ്പെടുന്നുണ്ടെങ്കിലും ഞാന്‍ ഒരു ഫിലിം ഫെയർ അവാർഡ് എന്ന് എഴുതിയിട്ടില്ല എന്ന് ഒരു അഭിമുഖത്തിലാണ് അദ്ദേഹം പറഞ്ഞത്.,Verb morphology/nominalization difference ('പറഞ്ഞത്വാൺ' vs 'പറഞ്ഞത്') | 'അഭിമുഖത്തിൽ' vs target 'അഭിമുഖത്തിലാൺ'; 'പറഞ്ഞത്വാൺ' vs target 'പറഞ്ഞത്'
57,"He is best known for directing the critically acclaimed films Gharaonda (1977), starring Amol Palekar and Zarina Wahab, and Dooriyaan (1979), starring Sharmila Tagore and Uttam Kumar.",for directing,"അമോൽ പലേക്കറും സറീന വഹാബും അഭിനയിച്ച ഘരൌന്ദാ (1977), ഷർമിളാ ടാഗോറും ഉത്തം കുമാറും അഭിനയിച്ച ദൂരിയാൻ (1979) എന്നീ നിരൂപകപ്രശംസ നേടിയ ചിത്രങ്ങൾ സംവിധാനം ചെയ്തതിന് അദ്ദേഹം പ്രശസ്തനായി.",സംവിധാനം ചെയ്തതിന്,"അമോൽ പലേക്കറും സറീന വഹാബും അഭിനയിച്ച ഘരൌന്ദാ ( 1977 ), ഷർമിളാ ടാഗോറും ഉത്തം കുമാറും അഭിനയിച്ച ദൂരിയാൻ ( 1979 ) എന്നീ നിരൂപകപ്രശംസ നേടിയ ചിത്രങ്ങൾ സംവിധാനം ചെയ്തതിനാണ് അദ്ദേഹം പ്രശസ്തനായിയത്.","
അമോൽ പലേക്കറും സറീന വഹാബും അഭിനയിച്ച ഘരൌന്ദാ (1977), ഷർമിളാ ടാഗോറും ഉത്തം കുമാറും അഭിനയിച്ച ദൂരിയാൻ (1979) എന്നീ നിരൂപകപ്രശംസ നേടിയ ചിത്രങ്ങൾ സംവിധാനം ചെയ്തതിനാണ് അദ്ദേഹം പ്രശസ്തനായത്",Verb morphology/nominalization difference ('പ്രശസ്തനായിയത്' vs 'പ്രശസ്തനായത്') | 'പ്രശസ്തനായിയത്' vs target 'പ്രശസ്തനായത്'
61,"It is published by Encyclopedia Britannica, Inc.; the company has existed since the 18th century, although it has changed ownership various times through the centuries.",since the 18th century,എൻസൈക്ലോപീഡിയ ബ്രിട്ടാനിക്കാ ഇൻകോർപറേറ്റഡ് അത് പ്രസിദ്ധീകരിച്ചു; ഈ കമ്പനി പതിനെട്ടാംനൂറ്റാണ്ടുമുതൽ നിലനിൽക്കുന്നതാണെങ്കിലും അതിൻ്റെ ഉടമസ്ഥാവകാശം നൂറ്റാണ്ടുകൾ കടന്നുപോകവേ പലതവണ കൈമാറ്റം ചെയ്യപ്പെട്ടിട്ടുണ്ട്.,പതിനെട്ടാംനൂറ്റാണ്ടുമുതൽ,എൻസൈക്ലോപീഡിയ ബ്രിട്ടാനിക്കാ ഇൻകോർപറേറ്റഡ് അത് പ്രസിദ്ധീകരിച്ചത്; ഈ കമ്പനി പതിനെട്ടാംനൂറ്റാണ്ടുമുതലാണ് നിലനിൽക്കുന്നതാണെങ്കിലും അതിൻ്റെ ഉടമസ്ഥാവകാശം നൂറ്റാണ്ടുകൾ കടന്നുപോകവേ പലതവണ കൈമാറ്റം ചെയ്യപ്പെട്ടിട്ടുണ്ട്.,എൻസൈക്ലോപീഡിയ ബ്രിട്ടാനിക്കാ ഇൻകോർപറേറ്റഡ് അത് പ്രസിദ്ധീകരിച്ചു; ഈ കമ്പനി പതിനെട്ടാംനൂറ്റാണ്ടുമുതലാണ് നിലനിൽക്കുന്നതെങ്കിലും അതിൻ്റെ ഉടമസ്ഥാവകാശം നൂറ്റാണ്ടുകൾ കടന്നുപോകവേ പലതവണ കൈമാറ്റം ചെയ്യപ്പെട്ടിട്ടുണ്ട്.,'പ്രസിദ്ധീകരിച്ചത്' vs target 'പ്രസിദ്ധീകരിച്ചു'; 'നിലനിൽക്കുൻനതാണെങ്കിലും' vs target 'നിലനിൽക്കുൻനതെങ്കിലും'
64,"It is published by Encyclopedia Britannica, Inc.; the company has existed since the 18th century, although it has changed ownership various times through the centuries.",various times,എൻസൈക്ലോപീഡിയ ബ്രിട്ടാനിക്കാ ഇൻകോർപറേറ്റഡ് അത് പ്രസിദ്ധീകരിച്ചു; ഈ കമ്പനി പതിനെട്ടാംനൂറ്റാണ്ടുമുതൽ നിലനിൽക്കുന്നതാണെങ്കിലും അതിൻ്റെ ഉടമസ്ഥാവകാശം നൂറ്റാണ്ടുകൾ കടന്നുപോകവേ പലതവണ കൈമാറ്റം ചെയ്യപ്പെട്ടിട്ടുണ്ട്.,പലതവണ,എൻസൈക്ലോപീഡിയ ബ്രിട്ടാനിക്കാ ഇൻകോർപറേറ്റഡ് അത് പ്രസിദ്ധീകരിച്ചത്; ഈ കമ്പനി പതിനെട്ടാംനൂറ്റാണ്ടുമുതൽ നിലനിൽക്കുന്നതാണെങ്കിലും അതിൻ്റെ ഉടമസ്ഥാവകാശം നൂറ്റാണ്ടുകൾ കടന്നുപോകവേ പലതവണയാണ് കൈമാറ്റം ചെയ്യപ്പെട്ടിട്ടുണ്ട്.,എൻസൈക്ലോപീഡിയ ബ്രിട്ടാനിക്കാ ഇൻകോർപറേറ്റഡ് അത് പ്രസിദ്ധീകരിച്ചു; ഈ കമ്പനി പതിനെട്ടാംനൂറ്റാണ്ടുമുതൽ നിലനിൽക്കുന്നതാണെങ്കിലും അതിൻ്റെ ഉടമസ്ഥാവകാശം നൂറ്റാണ്ടുകൾ കടന്നുപോകവേ പലതവണയാണ് കൈമാറ്റം ചെയ്യപ്പെട്ടിട്ടുള്ളത്..,Verb morphology/nominalization difference ('ചെയ്യപ്പെട്ടിട്ടുൺട്' vs 'ചെയ്യപ്പെട്ടിട്ടുൾളത്') | 'പ്രസിദ്ധീകരിച്ചത്' vs target 'പ്രസിദ്ധീകരിച്ചു'; 'ചെയ്യപ്പെട്ടിട്ടുൺട്' vs target 'ചെയ്യപ്പെട്ടിട്ടുൾളത്'
90,"Determining the complexity of an algorithm means finding upper bounds or estimates of how many elementary operations, such as additions and multiplications of scalars, are necessary to perform some algorithm, for example, the multiplication of matrices.","finding upper bounds or estimates of how many elementary operations, such as additions and multiplications of scalars, are necessary to perform some algorithm","മാട്രിക്സുകൾ ഗുണനം ചെയ്യുന്നത് പോലെ ഒരു അൽഗൊരിതം ചെയ്യാൻ സംഖ്യകളുടെ കൂട്ടലും ഗുണിക്കലും പോലുള്ള എത്ര പ്രാഥമികപ്രവർത്തനങ്ങൾ ആവശ്യമാണ് എന്നതിൻ്റെ ഉയർന്ന പരിധികളോ എസ്റ്റിമേറ്റുകളോ കണ്ടെത്തുക ഒരു അൽഗൊരിതത്തിൻ്റെ സങ്കീർണത നിർണ്ണയിക്കുക എന്നതുകൊണ്ട് അർത്ഥമാക്കുന്നു.
",ഗുണനം ചെയ്യുന്നത് പോലെ ഒരു അൽഗൊരിതം ചെയ്യാൻ സംഖ്യകളുടെ കൂട്ടലും ഗുണിക്കലും പോലുള്ള എത്ര പ്രാഥമികപ്രവർത്തനങ്ങൾ ആവശ്യമാണ് എന്നതിൻ്റെ ഉയർന്ന പരിധികളോ എസ്റ്റിമേറ്റുകളോ കണ്ടെത്തുക ഒരു,മാട്രിക്സുകൾ ഗുണനം ചെയ്യുന്നത് പോലെ ഒരു അൽഗൊരിതം ചെയ്യാൻ സംഖ്യകളുടെ കൂട്ടലും ഗുണിക്കലും പോലുള്ള എത്ര പ്രാഥമികപ്രവർത്തനങ്ങൾ ആവശ്യമാണ് എന്നതിൻ്റെ ഉയർന്ന പരിധികളോ എസ്റ്റിമേറ്റുകളോ കണ്ടെത്തുക ഒരുവാണ് അൽഗൊരിതത്തിൻ്റെ സങ്കീർണത നിർണ്ണയിക്കുക എന്നതുകൊണ്ട് അർത്ഥമാക്കുന്നത്.,മാട്രിക്സുകൾ ഗുണനം ചെയ്യുന്നത് പോലെ ഒരു അൽഗൊരിതം ചെയ്യാൻ സംഖ്യകളുടെ കൂട്ടലും ഗുണിക്കലും പോലുള്ള എത്ര പ്രാഥമികപ്രവർത്തനങ്ങൾ ആവശ്യമാണ് എന്നതിൻ്റെ ഉയർന്ന പരിധികളോ എസ്റ്റിമേറ്റുകളോ കണ്ടെത്തുക എന്നാണ് ഒരു അൽഗൊരിതത്തിൻ്റെ സങ്കീർണത നിർണ്ണയിക്കുക എന്നതുകൊണ്ട് അർത്ഥമാക്കുന്നത്.,Length difference (25 words vs 26 words) | 'ഒരുവാൺ' vs target 'എൻനാൺ'; 'അൽഗൊരിതത്തിൻ്റെ' vs target 'ഒരു'; 'സങ്കീർണത' vs target 'അൽഗൊരിതത്തിൻ്റെ'
102,The gearshift lever is mounted on the center console between the two front seats.,center console,രണ്ടു മുൻസീറ്റുകളുടെ ഇടയിലുള്ള സെന്റർ കൺസോളിൽ ഗിയർഷിഫ്റ്റ് ലീവർ ഘടിപ്പിച്ചിരിക്കുന്നു.,കൺസോളിൽ,രണ്ടു മുൻസീറ്റുകളുടെ ഇടയിലുള്ള സെന്റർ കൺസോളിലാണ് ഗിയർഷിഫ്റ്റ് ലീവർ ഘടിപ്പിച്ചിരിക്കുന്നത്.,രണ്ടു മുന്‍സീറ്റുകളുടെ ഇടയിലുള്ള സെന്‍റര്‍ കണ്‍സോളിലാണ് ഗിയര്‍ഷിഫ്റ്റ്‌ ലീ വര്‍ ഘടിപ്പിച്ചിരിക്കുന്നത്.,Length difference (8 words vs 9 words) | 'ലീവർ' vs target 'ലീ'; 'ഘടിപ്പിച്ചിരിക്കുൻനത്' vs target 'വർ'
105,"While cesium recovery is aimed in the second cycle, Strontium-Actinide-Lanthanide combined separation is achieved in the third cycle from HLLW.",in the third cycle,രണ്ടാം പരിവൃത്തിയിൽ സീഷ്യം വീണ്ടെടുപ്പ് ലക്ഷ്യം വയ്ക്കുമ്പോൾ എച്ച്.എൽ.എൽ.ഡബ്ല്യൂവിന്റെ മൂന്നാം പരിവൃത്തിയിൽ സ്ട്രോൺഷ്യം-ആക്റ്റിനൈഡ്-ലാന്തനൈഡ് സംയുക്ത വേർതിരിവ് സാധ്യമാകുന്നു.,മൂന്നാം പരിവൃത്തിയിൽ,രണ്ടാം പരിവൃത്തിയിൽ സീഷ്യം വീണ്ടെടുപ്പ് ലക്ഷ്യം വയ്ക്കുമ്പോൾ എച്ച്.എൽ.എൽ.ഡബ്ല്യൂവിന്റെ മൂന്നാം പരിവൃത്തിയിലാണ് സ്ട്രോൺഷ്യം-ആക്റ്റിനൈഡ്-ലാന്തനൈഡ് സംയുക്ത വേർതിരിവ് സാധ്യമാകുന്നത്.,രണ്ടാം പരിവൃത്തിയില്‍ സീഷ്യം വീണ്ടെടുപ്പ് ലക്‌ഷ്യം വയ്ക്കുമ്പോള്‍ എച്ച്.എല്‍.എല്‍.ഡബ്ല്യൂ.വിന്‍റെ മൂന്നാം പരിവൃത്തിയിലാണ് സ്ട്രോണ്‍ഷ്യം-ആക്റ്റിനൈഡ്‌-ലാന്തനൈഡ്‌ സംയുക്ത വേര്‍തിരിവ് സാധ്യമാകുന്നത്.,Length difference (18 words vs 19 words) | 'ഡബ്ൽയൂവിന്റെ' vs target 'ഡബ്ൽയൂ'; 'മൂൻനാം' vs target 'വിന്റെ'; 'പരിവൃത്തിയിലാൺ' vs target 'മൂൻനാം'
120,"The first T-20 international match took place on August 5, 2004, between the women's teams of England and New Zealand.",women's teams of England and New Zealand,ഇംഗ്ലണ്ടിന്‍റെയും ന്യൂസിലാൻഡിന്‍റെയും വനിതാടീമുകള്‍ തമ്മില്‍ 2004 ആഗസ്റ്റ് 5ന്  ആദ്യത്തെ അന്താരാഷ്ട്ര ടി.20 മാച്ച് നടന്നു.,ഇംഗ്ലണ്ടിന്‍റെയും ന്യൂസിലാൻഡിന്‍റെയും വനിതാടീമുകള്‍ തമ്മില്‍ 2004 ആഗസ്റ്റ് 5ന്,ഇംഗ്ലണ്ടിന്‍റെയും ന്യൂസിലാൻഡിന്‍റെയും വനിതാടീമുകള്‍ തമ്മില്‍ 2004 ആഗസ്റ്റ് 5നാണ് ആദ്യത്തെ അന്താരാഷ്ട്ര ടി.20 മാച്ച് നടന്നത്.,ഇംഗ്ലണ്ടിന്‍റെയും ന്യൂസിലാൻഡിന്‍റെയും വനിതാടീമുകള്‍ തമ്മിലാണ് 2004 ആഗസ്റ്റ് 5ന് ആദ്യത്തെ അന്താരാഷ്ട്ര ടി.20 മാച്ച് നടന്നത്.,'തമ്മിൽ' vs target 'തമ്മിലാൺ'; '5നാൺ' vs target '5ൻ'
