Source,Audio,English Sentence,Malayalam Sentence,Unnamed: 4,Marker,English Word,Malayalam Wrod,alternative_malayalam,bhashaverse_malayalam
Ted Talks,Audio ,"This book, Finding Darwin's God, by Kenneth Miller, is one of the most effective attacks on Intelligent Design that I know and it's all the more effective because it's written by a devout Christian.","ഈ കാണുന്ന, കെന്നത്ത് മില്ലര് എഴുതിയ ഫയ്ന്റ്റിംഗ് ഡാര് വിന് സ് ഗോഡ് എന്ന പുസ്തകം എനിക്കരിയാവുന്നതില് വെച്ച് ഐ.ഡി. വാദത്തിനെതിരെയുള്ള ഏറ്റവും ഫലപ്രദമായ ആക്രമണമാണ്. അത് കൂടുതല് ഫലപ്രദമാണ്, കാരണം, അതെഴുതിയത് ഒരു മതാനുഷ്ടാനിയായ ക്രിസ്ത്യാനിയാണ്.",,ആണ്,attacks ,ആക്രമണമാണ്,,"ഈ പുസ്ത കെന്നത്ത് മില്ലർ എഴു ഡാർവിന്റെ ദൈവനെ കണ്ടെത്തൽ, എനിക്ക് അറിയാവുന്ന ഇന്റലിജന്റ് ഡിസൈനിനെതിരായ ഏറ്റവും ഫലപ്രദ മായ ആക്രമണങ്ങളിലൊന്നാണ്, ഇത് ഒരു ഭക്തനായ ക്രിസ്ത്യാനിയുടെ രചനയായതിനാൽ ഇത് കൂടുതൽ ഫലപ്രദ."
,Audio ,"This book, Finding Darwin's God, by Kenneth Miller, is one of the most effective attacks on Intelligent Design that I know and it's all the more effective because it's written by a devout Christian.","ഈ കാണുന്ന, കെന്നത്ത് മില്ലര് എഴുതിയ ഫയ്ന്റ്റിംഗ് ഡാര് വിന് സ് ഗോഡ് എന്ന പുസ്തകം എനിക്കരിയാവുന്നതില് വെച്ച് ഐ.ഡി. വാദത്തിനെതിരെയുള്ള ഏറ്റവും ഫലപ്രദമായ ആക്രമണമാണ്. അത് കൂടുതല് ഫലപ്രദമാണ്, കാരണം, അതെഴുതിയത് ഒരു മതാനുഷ്ടാനിയായ ക്രിസ്ത്യാനിയാണ്.",,ആണ്,effective ,ഫലപ്രദമാണ്,,"ഈ പുസ്ത കെന്നത്ത് മില്ലർ എഴു ഡാർവിന്റെ ദൈവനെ കണ്ടെത്തൽ, എനിക്ക് അറിയാവുന്ന ഇന്റലിജന്റ് ഡിസൈനിനെതിരായ ഏറ്റവും ഫലപ്രദ മായ ആക്രമണങ്ങളിലൊന്നാണ്, ഇത് ഒരു ഭക്തനായ ക്രിസ്ത്യാനിയുടെ രചനയായതിനാൽ ഇത് കൂടുതൽ ഫലപ്രദ."
,Audio ,"This book, Finding Darwin's God, by Kenneth Miller, is one of the most effective attacks on Intelligent Design that I know and it's all the more effective because it's written by a devout Christian.","ഈ കാണുന്ന, കെന്നത്ത് മില്ലര് എഴുതിയ ഫയ്ന്റ്റിംഗ് ഡാര് വിന് സ് ഗോഡ് എന്ന പുസ്തകം എനിക്കരിയാവുന്നതില് വെച്ച് ഐ.ഡി. വാദത്തിനെതിരെയുള്ള ഏറ്റവും ഫലപ്രദമായ ആക്രമണമാണ്. അത് കൂടുതല് ഫലപ്രദമാണ്, കാരണം, അതെഴുതിയത് ഒരു മതാനുഷ്ടാനിയായ ക്രിസ്ത്യാനിയാണ്.",,ആണ്,Christian,ക്രിസ്ത്യാനിയാണ്,,"ഈ പുസ്ത കെന്നത്ത് മില്ലർ എഴു ഡാർവിന്റെ ദൈവനെ കണ്ടെത്തൽ, എനിക്ക് അറിയാവുന്ന ഇന്റലിജന്റ് ഡിസൈനിനെതിരായ ഏറ്റവും ഫലപ്രദ മായ ആക്രമണങ്ങളിലൊന്നാണ്, ഇത് ഒരു ഭക്തനായ ക്രിസ്ത്യാനിയുടെ രചനയായതിനാൽ ഇത് കൂടുതൽ ഫലപ്രദ."
,Audio,This is one nation under God.,ഇത് ദൈവത്തിനു കീഴിലുള്ള ഒരൊറ്റ രാഷ്ട്രമാണ്.,,ആണ്,nation ,രാഷ്ട്രമാണ്,,ഇത് ദൈവത്തിൻറെ കീഴുള്ള ഒരു ജനതയാണ്.
,Audio,"Now, a friend, an intelligent lapsed Jew, who, incidentally, observes the Sabbath for reasons of cultural solidarity, describes himself as a tooth-fairy agnostic.","എന്റെ ഒരു ബുദ്ധിമാനായ, അനുഷ്ടാനിയല്ലാത്ത, സാംസ്കാരിക സഹവര് ത്തിത്വത്തിനു വേണ്ടി മാത്രം സാഹചര്യമനുസരിച്ച് സാബത്ത് ആചരിക്കുന്ന, ജൂത സുഹൃത്ത് സ്വയം വിളിക്കുന്നത് ടൂത്ത് ഫെയറി അജ്ഞ്ഞേയവാദി എന്നാണ്.","എന്റെ ഒരു ബുദ്ധിമാനായ, അനുഷ്ടാനിയല്ലാത്ത, സാംസ്കാരിക സഹവര്‍ത്തിത്വത്തിനു വേണ്ടി മാത്രം സാഹചര്യമനുസരിച്ച് സാബത്ത് ആചരിക്കുന്ന, ജൂത സുഹൃത്ത് സ്വയം ടൂത്ത് ഫെയറി അജ്ഞ്ഞേയവാദി എന്ന് വിളിക്കുന്നു.",ആണ്,who,എന്നാണ്,"എന്റെ ഒരു ബുദ്ധിമാനായ, അനുഷ്ടാനിയല്ലാത്ത, സാംസ്കാരിക സഹവര്‍ത്തിത്വത്തിനു വേണ്ടി മാത്രം സാഹചര്യമനുസരിച്ച് സാബത്ത് ആചരിക്കുന്ന, ജൂത സുഹൃത്ത് സ്വയം ടൂത്ത് ഫെയറി അജ്ഞ്ഞേയവാദി എന്ന് വിളിക്കുന്നു.","ഇപ്പോൾ, സാംസ്കാരിക ഐക്യദാർഢ്യത്തിന്റെ കാരണങ്ങളാൽ സാബത്ത് ആചരിക്കുന്ന ഒരു സുഹൃ, ബുദ്ധിശാലിയായ ഒരു യഹൂദൻ, യാദൃശ്ചികമായി, ഒരു പല്ല്-ഫെയറി അജ്ഞേയവാദിയായി സ്വയം വിശേഷിക്കുന്നു."
,Audio,"So, my friend is strictly agnostic about the tooth fairy, but it isn't very likely, is it?","അത് കൊണ്ട് എന്റെ സുഹൃത്ത് ടൂത്ത് ഫെയറിയെ കുറിച്ച് അജ്ഞ്ഞേയവാദിയാണ്. പക്ഷെ അതിനൊരു സാധ്യത കുറവുണ്ട്, ഇല്ലേ?",,ആണ്,agnostic ,അജ്ഞ്ഞേയവാദിയാണ്,,"അതിനാൽ, എന്റെ സുഹൃത്ത് പല്ല് ഫെയറി കുറിച്ച് കർശനമായി അജ്ഞേയവാദ ആണ്, എന്നാൽ അത് വളരെ സാധ്യതയില്ല, അല്ലേ?"
,Audio,"Hence the phrase, tooth-fairy agnostic.",അത് കൊണ്ടാണ് ടൂത്ത് ഫെയറി അജ്ഞ്ഞേയവാദി എന്ന പദം.,ടൂത്ത് ഫെയറി അജ്ഞ്ഞേയവാദി എന്ന പദം അതുകൊണ്ടാണ്.,ആണ്,Hence ,കൊണ്ടാണ് ,ടൂത്ത് ഫെയറി അജ്ഞ്ഞേയവാദി എന്ന പദം അതുകൊണ്ടാണ്.,"അതിനാൽ, പല്ല്-ഫെയറി അഗ്നോസ്റ്റിക് എന്ന വാക്ക്."
,Audio,The list of things which we strictly have to be agnostic about doesn't stop at tooth fairies and teapots; it's infinite.,നാം അജ്ഞ്ഞേയവാദി ആയിരിക്കേണ്ട സംഗതികളുടെ നിര ടൂത്ത് ഫെയറിയിലോ ചായകോപ്പയിലോ തീരുന്നില്ല. അത് അനന്തമാണ്.,,ആണ്,infinite,അനന്തമാണ്,,നമ്മൾ കർശനമായി അജ്ഞേയവാദപരമായിരിക്കേണ്ട കാര്യങ്ങളുടെ പട്ടിക പല്ല് യക്ഷികളിലും ചായക്കടകളിലും അവസാനിക്കുന്നില്ല; അത് അനന്തമാണ്.
,Audio,"Now, this is an elite audience, and I would therefore expect about 10 percent of you to be religious.","ഇതൊരു വിശിഷ്ട സദസ്സാണ്, അത് കൊണ്ട് ഇതിന്റെ 10 ശതമാനം എങ്കിലും മത വിശ്വാസികള് ആയിരിക്കുമെന്ന് ഞാന് കരുതുന്നു.",,ആണ്,audience,സദസ്സാണ്,,"ഇപ്പോൾ, ഇത് ഒരു എലൈറ്റ് പ്രേക്ഷകരാണ്, അതിനാൽ നിങ്ങളിൽ 10 ശതമാനം പേർ മതവിശ്വാസികളായിരിക്കുമെന്ന് ഞാൻ പ്രതീക്ഷിക്കുന്നു."
,Audio,"Well, here's how it changed me.","എന്ന്. ദാ, ഇങ്ങിനെയാണ് അതെന്നെ മാറ്റിയത്.","എന്ന്. ദാ, ഇങ്ങിനെ അതെന്നെ  മാറ്റി.",ആണ്,how ,ഇങ്ങിനെയാണ് ,"എന്ന്. ദാ, ഇങ്ങിനെ അതെന്നെ  മാറ്റി.",അതെന്നെ മാറ്റിയത് ഇങ്ങനെയാണ്.
,Audio,"Those pieces, in different forms, make up all stairs.",ഈ ഭാഗങ്ങളാണ് എല്ലാ ഗോവണികളുമുണ്ടാക്കുന്നത്.,ഈ ഭാഗങ്ങൾ എല്ലാ ഗോവണികളുമുണ്ടാക്കുന്നു.,ആണ്,pieces,ഭാഗങ്ങളാണ് ,ഈ ഭാഗങ്ങൾ എല്ലാ ഗോവണികളുമുണ്ടാക്കുന്നു.,"ആ കഷണങ്ങൾ, വിവിധ രൂപങ്ങളിൽ, എല്ലാ പടികളും ഉണ്ടാക്കുന്നു."
,Audio,"And so if you're able to sit halfway up there, you're in a kind of magical place.","അത് കൊണ്ട് ആ വഴിമദ്ധ്യേ ഇരിക്കാന് സാധിക്കുന്നെങ്കില്, അത് തികച്ചും മാന്ത്രികമാണ്.",,ആണ്,magical ,മാന്ത്രികമാണ്,,"അതിനാൽ നിങ്ങൾക്ക് അവിടെ പകുതി മുകളിൽ ഇരിക്കാൻ കഴിയുമെങ്കിൽ, നിങ്ങൾ ഒരുതരം മാന്ത്രിക സ്ഥലത്താണ്."
,Audio,"It's very important that these tsunami sirens work, but people steal the batteries out of them.",ഈ സുനാമി സൈറനുകൾ പ്രവർത്തിക്കേണ്ടത് വളരെ പ്രധാനമാണ്. എന്നാൽ ചിലർ അതിലെ ബാറ്ററികൾ മോഷ്ടിക്കാറുണ്ട്,,ആണ്,important ,പ്രധാനമാണ്,,"ഈ സുനാമി സൈറണുകൾ പ്രവർത്തിക്കുന്നത് വളരെ പ്രധാനമാണ്, പക്ഷേ ആളുകൾ അവയിൽ നിന്ന് ബാറ്ററികൾ മോഷ്ടിക്കുന്നു."
,Audio,"And this has spread just frictionlessly, organically, naturally.","ഒട്ടും ബുദ്ധിമുട്ടില്ലാതെയാണ് ഇത് പടർന്നത്, വളരെ ജൈവികമായി, സ്വാഭാവികമായി.","ഒട്ടും ബുദ്ധിമുട്ടില്ലാതെ ഇത് പടർന്നു, വളരെ ജൈവികമായി, സ്വാഭാവികമായി.",ആണ്,frictionlessly,ബുദ്ധിമുട്ടില്ലാതെയാണ് ,"ഒട്ടും ബുദ്ധിമുട്ടില്ലാതെ ഇത് പടർന്നു, വളരെ ജൈവികമായി, സ്വാഭാവികമായി.",ഇത് ഘർഷണരഹിതമായും ജൈവപരമായും സ്വാഭാവികമായും വ്യാപിച്ചു.
,Audio,"It suggests how government could work better -- not more like a private company, as many people think it should.","അത് നിർദ്ദേശിക്കുന്നത് എങ്ങിനെ ഭരണകൂടങ്ങൾ മെച്ചപ്പെട്ട രീതിയിൽ പ്രവർത്തിക്കണമെന്നാണ് - ഒരു സ്വകാര്യ സ്ഥാപനത്തെപ്പോലെയല്ല, ഒരുപാട് ആളുകൾ അങ്ങിനെ ചിന്തിക്കുമെങ്കിലൂം.",,ആണ്,work ,പ്രവർത്തിക്കണമെന്നാണ് ,,"സർക്കാരിന് എങ്ങനെ മികച്ച രീതിയിൽ പ്രവർത്തിക്കാൻ കഴിയുമെന്ന് ഇത് നിർദ്ദേശിക്കുന്നു-ഒരു സ്വകാര്യ കമ്പനിയെപ്പോലെയല്ല, പലരും കരുതുന്നത് പോലെ."
,Audio,And that's important.,അത് വളരെ പ്രധാനമാണ്.,,ആണ്,important,പ്രധാനമാണ്,,അതും പ്രധാനമാണ്.
,Audio,And because government ultimately derives its power from us -- remember We the people? -- how we think about it is going to effect how that change happens.,"കാരണം ഗവണ്മെന്റ് ആത്യന്തികമായി അതിന്റെ ശക്തി നമ്മിൽ നിന്നുമാണ് ഉൾക്കൊള്ളുന്നത്  ഓർക്കുന്നില്ലേ, നമ്മൾ ജനങ്ങൾ? -- എങ്ങിനെയാണ് നാം അതിനെ പറ്റി ആലോചിക്കുന്നത് എന്നതിനനുസരിച്ചാണ് ആ മാറ്റം ഉണ്ടാകുന്നത്","കാരണം ഗവണ്മെന്റ് ആത്യന്തികമായി അതിന്റെ ശക്തി നമ്മിൽ നിന്നും ഉൾക്കൊള്ളുന്നു, ഓർക്കുന്നില്ലേ, നമ്മൾ ജനങ്ങൾ? എങ്ങിനെയാണ് നാം അതിനെപ്പറ്റി ആലോചിക്കുന്നത് എന്നതിനനുസരിച്ചാണ് ആ മാറ്റം ഉണ്ടാകുന്നത്.",ആണ്,from ,നിന്നുമാണ് ,"കാരണം ഗവണ്മെന്റ് ആത്യന്തികമായി അതിന്റെ ശക്തി നമ്മിൽ നിന്നും ഉൾക്കൊള്ളുന്നു, ഓർക്കുന്നില്ലേ, നമ്മൾ ജനങ്ങൾ? എങ്ങിനെയാണ് നാം അതിനെപ്പറ്റി ആലോചിക്കുന്നത് എന്നതിനനുസരിച്ചാണ് ആ മാറ്റം ഉണ്ടാകുന്നത്.",സർക്കാർ ആത്യന്തികമായി അതിന്റെ അധികാരം നമ്മിൽ നിന്ന് നേടുന്നതിനാൽ-- ജനങ്ങളായ നമ്മെ ഓർക്കുക?-- അതിനെക്കുറിച്ച് നാം എങ്ങനെ ചിന്തിക്കുന്നു എന്നത് ആ മാറ്റം സംഭവിക്കുന്നതിനെ ബാധിക്കും.
,Audio,"And like a lot of people, I thought government was basically about getting people elected to office.",ഒരു പാട് ആൾക്കാരെ പോലെ ഞാനും വിചാരിച്ചിരുന്നത് ഗവണ്മെന്റ് എന്നത് ആൾക്കാരെ തിരഞ്ഞെടുക്കുന്നത് മാത്രമാണെന്നാണ്,,ആണ്,basically ,മാത്രമാണെന്നാണ്,,"പലരെയും പോലെ, സർക്കാർ അടിസ്ഥാനപരമായി ആളുകളെ ഓഫീസിലേക്ക് തിരഞ്ഞെടുക്കുന്നതിനെക്കുറിച്ചാണെന്ന് ഞാൻ കരുതി."
,Audio,But it's also a great example of government as a platform.,എന്നാൽ ഇത് ഗവണ്മെന്റ് ഒരു വേദിയായി മാറുന്നതിന്റെയും കൂടി ഒരു മികച്ച ഉദാഹരണമാണ്.,,ആണ്,example ,ഉദാഹരണമാണ്,,എന്നാൽ ഒരു വേദിയെന്ന നിലയിൽ ഗവൺമെന്റിന്റെ മികച്ച ഉദാഹത് കൂടിയാണിത്.
,Audio,"And it could have connected them with government services if they'd been needed, but a neighbor is a far better and cheaper alternative to government services.",അവർക്ക് ഗവണ്മെന്റ് സേവനങ്ങൾ ആവശ്യമുണ്ടായിരുന്നെങ്കിൽ അതും ലഭ്യമാക്കാൻ ഇതു വഴി കഴിയുമായിരുന്നു. എന്നാൽ ഗവൺമെന്റ് സേവനങ്ങളെക്കാൾ ഒരു അയൽക്കാരനാണ് ചിലവു കുറഞ്ഞതും കൂടുതൽ മെച്ചപ്പെട്ടതുമായ ഒരു മാർഗം.,,ആണ്,neighbor ,അയൽക്കാരനാണ് ,,"ആവശ്യമെങ്കിൽ അത് അവരെ സർക്കാർ സേവനങ്ങളുമായി ബന്ധിപ്പിക്കാമായിരുന്നു, എന്നാൽ ഒരു അയൽക്കാരൻ സർക്കാർ സേവനങ്ങൾക്ക് വളരെ മികച്ചതും വിലകുറഞ്ഞതുമായ ബദലാണ്."
,Audio,"And most people get that, but they think that one is the input to the other.",ഒരു വിധം എല്ലാവർക്കും അതു മനസ്സിലാവും പക്ഷേ അവർ വിചാരിക്കുന്നത് ഒന്ന് മറ്റൊന്നിന്റെ തുടക്കമാണെന്നാണ്,"ഒരു വിധം എല്ലാവർക്കും അത് മനസ്സിലാകും, പക്ഷേ അവർ ഒന്ന് മറ്റൊന്നിന്റെ തുടക്കമാണെന്ന് വിചാരിക്കുന്നു.",ആണ്,the input,തുടക്കമാണെന്നാണ്,"ഒരു വിധം എല്ലാവർക്കും അത് മനസ്സിലാകും, പക്ഷേ അവർ ഒന്ന് മറ്റൊന്നിന്റെ തുടക്കമാണെന്ന് വിചാരിക്കുന്നു.","മിക്ക ആളുകളും അത് മനസ്സിലാകും, എന്നാൽ അവർ ഒരു മറ്റൊന്നിന്റെ ഇൻപുട്ട് എന്ന് കരുതുന്നു."
,Audio,And what's under that is what we call bureaucracy.,അതിനു താഴെയുള്ളതാണ് നാം ബ്യൂറോക്രസി എന്നു പറയുന്നത്.,അതിനു താഴെയുള്ളത് നാം ബ്യൂറോക്രസി എന്നു വിളിക്കുന്നു.,ആണ്,under ,താഴെയുള്ളതാണ് ,അതിനു താഴെയുള്ളത് നാം ബ്യൂറോക്രസി എന്നു വിളിക്കുന്നു.,അതിനു കീഴിലുള്ളതിനെ നമ്മൾ ബ്യൂറോക്രസി എന്ന് വിളിക്കുന്നു.
,Audio,And we say that word with such contempt.,ആ വാക്ക് എത്ര മാത്രം അവജ്ഞയോടെയാണ് നാം പറയുന്നത്.,ആ വാക്ക് എത്ര മാത്രം അവജ്ഞയോടെ നാം പറയുന്നു.,ആണ്,,അവജ്ഞയോടെയാണ് ,ആ വാക്ക് എത്ര മാത്രം അവജ്ഞയോടെ നാം പറയുന്നു.,അത്തരമൊരു ബഹുമാനത്തോടെയാണ് ഞങ്ങൾ ആ വാക്ക് പറയുന്നത്.
,Audio,Because that's where the real work of government happens.,കാരണം അവിടെയാണ് ഭരണകൂടത്തിന്റെ ശരിയായ പണികൾ നടക്കുന്നത്.,,ആണ്,that's where,അവിടെയാണ് ,,കാരണം ഇവിടെയാണ് യഥാ ഗവണ്‍മെന്റിന്റെ പ്രവര്‍ത്തനം നടക്കുന്നത്.
,Audio,It's a group of concerned citizens that have written a very detailed 325-page report that's a response to the SEC's request for comment on the Financial Reform Bill.,ഇത് കാര്യങ്ങളെ ഗൗരവമായി നിരീക്ഷിക്കുന്ന ഒരു കൂട്ടം ആൾക്കാരാണ് അവർ വളരെ വിശദമായി  325 പേജ് വരുന്ന ഒരു റിപ്പോർട്ട് എഴുതിയുണ്ടാക്കി. അത് എസ് ഇ സി യുടെ ഒരു നിർദ്ദേശത്തോടുള്ള പ്രതികരണമായിരുന്നു.അവരുടെ സാമ്പത്തിക പരിഷ്കരണ ബില്ലിനെ പറ്റിയുള്ള അഭിപ്രായങ്ങൾ ക്ഷണിച്ചപ്പോഴായിരുന്നു അത്.,,ആണ്,citizens ,ആൾക്കാരാണ് ,,സാമ്പത്തിക പരിഷ്കരണ ബില്ലിനെക്കുറിച്ച് പ്രതികരിക്കണമെന്ന എസ്. ഇ. സിയുടെ അഭ്യർഥനയ്ക്കുള്ള പ്രതികരണമായി വളരെ വിശദമായ 325 പേജുള്ള റിപ്പോർട്ട് എഴുതിയത് ഒരു കൂട്ടം ബന്ധപ്പെട്ട പൌരന്മാരാണ്.
,Audio,"That's not being politically active, that's being bureaucratically active.",അത് രാഷ്ട്രീയമായി സക്രിയമാകുന്നതല്ല അത് ഉദ്യോഗ തലത്തിൽ സക്രിയമാകലാണ്.,,ആണ്,active,സക്രിയമാകലാണ്,,"അത് രാഷ്ട്രീയമായി സജീവമാകുകയല്ല, ബ്യൂറോക്രാറ്റിക് ആക്ടിവിസമാണ്."
,Audio,"Now for those of us who've given up on government, it's time that we asked ourselves about the world that we want to leave for our children.",ഇനി നമ്മളിലാരൊക്കെയാണോ ഗവണ്മെന്റിനെ ഉപേക്ഷിച്ചത് ഇപ്പോൾ സമയം വന്നെത്തിയിരിക്കുകയാണ് - ആ ചോദ്യം സ്വയം ചോദിക്കുവാൻ നമ്മൾ നമ്മുടെ കുഞ്ഞുങ്ങൾക്കായി ബാക്കിയാക്കാൻ പോകുന്ന ലോകത്തിനെ പറ്റിയുള്ള ചോദ്യം,,ആണ്,it's time ,വന്നെത്തിയിരിക്കുകയാണ് ,,"ഇപ്പോൾ ഗവൺമെന്റിനെ ഉപേക്ഷിച്ച നമുക്ക്, നമ്മുടെ കുട്ടികൾക്കായി ഉപേക്ഷിക്കാൻ ആഗ്രഹിക്കുന്ന ലോകത്തെക്കുറിച്ച് സ്വയം ചോദിക്കേണ്ട സമയമാണിത്."
,Audio,"So the question I have for all of you here: When it comes to the big, important things that we need to do together, all of us together, are we just going to be a crowd of voices, or are we also going to be a crowd of hands?","എനിക്കു നിങ്ങളോടെല്ലാമുള്ള ചോദ്യമിതാണ് വലിയ പ്രാധാന്യമുള്ള കാര്യങ്ങൾ വരുമ്പോൾ നമ്മൾ ഒരുമിച്ചു ചെയ്യേണ്ട കാര്യങ്ങൾ ഉണ്ടാകുമ്പോൾ നാമൊരുമിച്ച് നമ്മൾ ഒരു കൂട്ടം ശബ്ദങ്ങളാവുമോ, അതോ നമ്മൾ ഒരു കൂട്ടം കൈകളാവുമോ?","എനിക്കു നിങ്ങളോടെല്ലാമുള്ള ചോദ്യം ഇതാ വലിയ പ്രാധാന്യമുള്ള കാര്യങ്ങൾ വരുമ്പോൾ നമ്മൾ ഒരുമിച്ചു ചെയ്യേണ്ട കാര്യങ്ങൾ ഉണ്ടാകുമ്പോൾ നാമൊരുമിച്ച് നമ്മൾ ഒരു കൂട്ടം ശബ്ദങ്ങളാവുമോ, അതോ നമ്മൾ ഒരു കൂട്ടം കൈകളാവുമോ?",ആണ്,question ,ചോദ്യമിതാണ് ,"എനിക്കു നിങ്ങളോടെല്ലാമുള്ള ചോദ്യം ഇതാ വലിയ പ്രാധാന്യമുള്ള കാര്യങ്ങൾ വരുമ്പോൾ നമ്മൾ ഒരുമിച്ചു ചെയ്യേണ്ട കാര്യങ്ങൾ ഉണ്ടാകുമ്പോൾ നാമൊരുമിച്ച് നമ്മൾ ഒരു കൂട്ടം ശബ്ദങ്ങളാവുമോ, അതോ നമ്മൾ ഒരു കൂട്ടം കൈകളാവുമോ?","അതിനാൽ എനിക്ക് ഇവിടെ നിങ്ങൾക്കെല്ലാവരോടും ഒരു ചോദ്യമുണ്ട്ഃ നാം ഒരുമിച്ച് ചെയ്യേണ്ട വലിയതും പ്രധാനപ്പെട്ടതുമായ കാര്യങ്ങളെക്കുറിച്ച് പറയുമ്പോൾ, നാമെല്ലാവരും ഒരുമിച്ച്, നമ്മൾ വെറും ശബ്ദങ്ങളുടെ ഒരു ജനക്കൂട്ടമാകാൻ പോകുകയാണോ, അതോ നമ്മളും കൈകളുടെ ഒരു ജനകൂട്ടമാകുമോ?"
,Audio,"A third explanation invokes the concept of a nonzero-sum game, and was worked out in the book Nonzero by the journalist Robert Wright.",മൂനാമത്തെ വിശദീകരണം നോണ് -സീറോ-സം-ഗേം എന്ന ആശയമാണ് റോബെറ്ട്ട റൈറ്റ് എന്ന പത്രകാരന് തന്റൊ പുസ്തകത്തില് മുന്പോoട്ടു വക്കുന്നതു.,,ആണ്,concept ,ആശയമാണ് ,,"മൂന്നാമത്തെ വിശദീകരണം ഒരു നോൺസീറോ-സം ഗെയിം എന്ന ആശയം വിളിച്ചുപറയുന്നു, പത്ര റോബർട്ട് റൈറ്റ് എഴുതിയ നോൺ സീറോ എന്ന പുസ്തകത്തിൽ ഇത് രൂപപ്പെടുത്തിയിരിക്കുന്നു."
,Audio,They did so illegally.,അവരങ്ങനെ ചെയ്തത് അനതികൃതമായാണ്,,ആണ്,illegally,അനതികൃതമായാണ് ,,നിയമവിരുദ്ധമായാണ് അവർ അങ്ങനെ ചെയ്തത്.
,Audio,Now why would they return to such deadly soil?,എന്തുകൊണ്ടാണ് അവര് അങ്ങനത്തെ ജീവനാശകമായ മണ്ണിലേക്ക് തിരിച്ചു പോകുന്നത്?,എന്തുകൊണ്ട് അവർ അങ്ങനത്തെ ജീവനാശകമായ മണ്ണിലേക്ക് തിരിച്ചു പോകുന്നു?,ആണ്,why ,എന്തുകൊണ്ടാണ് ,എന്തുകൊണ്ട് അവർ അങ്ങനത്തെ ജീവനാശകമായ മണ്ണിലേക്ക് തിരിച്ചു പോകുന്നു?,ഇപ്പോൾ എന്തുകൊണ്ടാണ് അവർ ഇത്ര മാരകമായ മണ്ണിലേക്ക് മടങ്ങിവരുന്നത്?
,Audio,"Others have a few residents in them, one or two babushkas, or babas, which are the Russian and Ukrainian words for grandmother.",മറ്റു ചിലതില് കുറച്ചു ആളുകള് ഉണ്ട് ഒന്നോ രണ്ടോ 'ബാബുശ്ക' കളോ..'ബാബാ' മാരോ അങ്ങനെയാണ് റഷ്യയിലും ഉക്രയിനിലും മുത്തശ്ശിമാരെ വിളിക്കുന്നത്,"മറ്റു ചിലതിൽ കുറച്ചു ആളുകൾ ഉണ്ട്, ഒന്നോ രണ്ടോ 'ബാബുശ്ക'കളോ 'ബാബാ'മാരോ. അങ്ങനെ റഷ്യയിലും ഉക്രയിനിലും മുത്തശ്ശിമാരെ വിളിക്കുന്നു.",ആണ്, which are,അങ്ങനെയാണ് ,"മറ്റു ചിലതിൽ കുറച്ചു ആളുകൾ ഉണ്ട്, ഒന്നോ രണ്ടോ 'ബാബുശ്ക'കളോ 'ബാബാ'മാരോ. അങ്ങനെ റഷ്യയിലും ഉക്രയിനിലും മുത്തശ്ശിമാരെ വിളിക്കുന്നു.","മറ്റുള്ളവർക്ക് അവയിൽ കുറച്ച് താമസക്കാരുണ്ട്, ഒന്നോ രണ്ടോ ബാബുഷ്കകൾ അല്ലെങ്കിൽ ബാബകൾ, അവ അമ്മൂമ്മയുടെ റഷ്യൻ, ഉക്രേനിയൻ പദങ്ങളാണ്."
,Audio,"She's the self-declared mayor of Kapavati village, population eight.",അവളാണ് കപാവതി ഗ്രാമത്തി ന്റെ സ്വയം പ്രഖ്യാപിത മേയര് ജനസംഖ്യ 8,അവൾ കപാവതി ഗ്രാമത്തിന്റെ സ്വയം പ്രഖ്യാപിത മേയറാണ് ജനസംഖ്യ 8,ആണ്,She's,അവളാണ് ,അവൾ കപാവതി ഗ്രാമത്തിന്റെ സ്വയം പ്രഖ്യാപിത മേയറാണ് ജനസംഖ്യ 8,എട്ട് ജനസംഖ്യയുള്ള കപാവതി ഗ്രാമത്തിന്റെ സ്വയം പ്രഖ്യാപിത മേയറാണ് അവർ.
,Audio,It turns out this holds true for other species as well.,ഇത് സത്യമാണ് ഏതു ഇനം ജീവികള്ക്കും,ഇത് ഏതു ഇനം ജീവികൾക്കും സത്യമാണ്.,ആണ്,true ,സത്യമാണ് ,ഇത് ഏതു ഇനം ജീവികൾക്കും സത്യമാണ്.,മറ്റ് ജീവജാലങ്ങൾക്കും ഇത് ബാധകമാണെന്ന് തെളിഞ്ഞു.
,Audio,It's incredibly difficult to parse.,വിവരിക്കുക അവിശ്വസനീയമായ രീതിയിൽ ബുദ്ടിമുട്ടാണ്,,ആണ്,difficult ,ബുദ്ടിമുട്ടാണ്,,അത് പാഴ്സ് ചെയ്യാൻ അവിശ്വസനീയമാംവിധം പ്രയാസമാണ്.
,Audio,Greenpeace and other organizations put that number in the tens of thousands.,ഗ്രീന്പീസും മറ്റു സ്ഥാപനങ്ങളും കാണിക്കുന്ന കണക്കു പതിനായിരങ്ങുള്ടെതാണ്,,ആണ്, tens of thousands,പതിനായിരങ്ങുള്ടെതാണ്,,ഗ്രീൻപീസും മറ്റ് സംഘടനകളും ആ സംഖ്യ പതിനായിരങ്ങളാണെന്ന് പറയുന്നു.
,Audio,Home is a transient concept.,വീട് എന്നത് ഒരു താത്കാലികമായ സങ്കല്പമാണ്,,ആണ്,concept,സങ്കല്പമാണ്,,വീട് എന്നത് ക്ഷണികമായ ഒരു ആശയമാണ്.
,Audio,They are dying of sadness.,അവരെല്ലാം ദുഃഖം കാരണം മരിക്കുകയാണ്,,ആണ്,dying ,മരിക്കുകയാണ്,,അവർ ദുഃഖത്താൽ മരിക്കുന്നു.
,AUDIO,Who cleans up after us?,നമുക്ക് പിന്നാലെ ആരാണ് വൃത്തിയാക്കുന്നത്? ',നമുക്ക് പിന്നാലെ ആര് വൃത്തിയാക്കുന്നു?,ആണ്,Who ,ആരാണ് ,നമുക്ക് പിന്നാലെ ആര് വൃത്തിയാക്കുന്നു?,നമുക്കു ശേഷം ആരാണു ശുദ്ധീകരിക്കുക?
,Audio,I didn't just ride in the trucks now. I drove the trucks.,"ഇപ്പോൾ ഞാൻ ട്രക്കിൽ യാത്ര ചെയ്യുകയല്ല, അതോടിക്കുകയാണ്",,ആണ്,drove ,അതോടിക്കുകയാണ്,,ഞാൻ ഇപ്പോൾ ട്രക്കുകളിൽ മാത്രം കയറിയിരുന്നില്ല. ട്രക്കുകൾ ഓടിച്ചു.
,Audio,"I find the stigma especially ironic, because I strongly believe that sanitation workers are the most important labor force on the streets of the city, for three reasons.","ഈ അപമാനം എനിക്ക് വിപരീതാര്ത്ഥകമായി തോന്നി കാരണം ഞാന് വിശ്വസിക്കുന്നത് വൃത്തിയാക്കുന്ന ജോലിക്കാരാണ് പ്രധാനപ്പെട്ട അധ്വാന ശക്തി തെരുവുകളില്, അതിനു 3 കാരണം ഉണ്ട്",,ആണ്,workers ,ജോലിക്കാരാണ് ,,"ഈ കളങ്കം എനിക്ക് പ്രത്യേകിച്ചും വിരോധാഭാസമായി തോന്നുന്നു, കാരണം മൂന്ന് കാരണങ്ങളാൽ നഗരത്തിലെ തെരുവുകളിലെ ഏറ്റവും പ്രധാനപ്പെട്ട തൊഴൽ ശക്തി ശുചീകരണ തൊഴിലാളികളാണെന്ന് ഞാൻ ശക്തമായി വിശ്വസിക്കുന്നു."
,Audio,You know when to expect them.,എപ്പോഴാണ് അവരെ പ്രതീക്ഷിക്കെണ്ടെതെന്നു നിങ്ങള്ക്ക് അറിയാം,എപ്പോൾ അവരെ പ്രതീക്ഷിക്കണമെന്ന് നിങ്ങൾക്ക് അറിയാം.,ആണ്,when,എപ്പോഴാണ് ,എപ്പോൾ അവരെ പ്രതീക്ഷിക്കണമെന്ന് നിങ്ങൾക്ക് അറിയാം.,അവർ എപ്പോൾ കാത്തിരിക്കണമെന്ന് നിങ്ങൾക്കറിയാം.
,Audio,It's a remarkable statistic.,അത് ശ്രദ്ധേയമായ ഒരു കണക്കാണ്,,ആണ്,statistic,കണക്കാണ്,,അത്ഭുതകരമായ ഒരു സ്ഥിതിവിവരക്കണക്കാണിത്.
,Audio,"Essentially, for three reasons: calculation, application, and last, and unfortunately least in terms of the time we give it, inspiration.","പ്രധാനമായും 3 കാരണങ്ങളാണ് കണക്കുകൂട്ടല്, പ്രയോഗം, അവസാനത്തേതും നിര്ഭാഗ്യവശാല് നമ്മള് കൊടുക്കുന സമയത്തെ അപേക്ഷിച്ച് അല്പമായത് പ്രചോദനമാണ്.",,ആണ്,inspiration,പ്രചോദനമാണ്,,"അടിസ്ഥാനപരമായി, മൂന്ന് കാരണങ്ങളാൽഃ കണക്കുകൂട്ടൽ, പ്രയോഗം, അവസാനത്തേത്, നിർഭാഗ്യവശാൽ നമ്മൾ അത് നൽകുന്ന സമയത്തിന്റെ കാര്യത്തിൽ ഏറ്റവും കുറവ്, പ്രചോദനം."
,Audio,"From the standpoint of calculation, they're as easy to understand as one plus one, which is two.","ഗണനത്തിന്റെ കാഴ് ചപ്പാടിൽ നിന്നും അവ മനസ്സിലാക്കാൻ വളരെഎളുപ്പമാണ് ഒന്നും ഒന്നും രണ്ട്, എന്നപോലെ",,ആണ്,easy ,വളരെഎളുപ്പമാണ് ,,"കണ കണ ണ ത്തി ന്റെ വീക്ഷണകോണിൽ നിന്ന്, അവ ഒന്ന് പ്ലസ് വൺ പോലെ മനസ്സിലാക്കാൻ എളുപ്പമാണ്, അത് രണ്ട്."
,Audio,"Well, on the one hand, it's the sum of the areas of the squares inside it, right?","ശരി, മറ്റൊരു രീതിയിൽ അത് മൊത്തം വിസ്തീർണത്തിന്റെ ആകെത്തുകയാണ് അതിനക്കുതുള്ള സമചതുരങ്ങളുടെ, ശരിയല്ലേ?","ശരി, മറ്റൊരു രീതിയിൽ അത് അതിനകത്തുള്ള സമചതുരങ്ങളുടെ മൊത്തം വിസ്തീർണത്തിന്റെ ആകെത്തുകയാണ്, ശരിയല്ലേ?",ആണ്,the sum of,ആകെത്തുകയാണ് ,"ശരി, മറ്റൊരു രീതിയിൽ അത് അതിനകത്തുള്ള സമചതുരങ്ങളുടെ മൊത്തം വിസ്തീർണത്തിന്റെ ആകെത്തുകയാണ്, ശരിയല്ലേ?","ശരി, ഒരു വശത്ത്, അതിനുള്ളിലെ ചതുരങ്ങളുടെ വിസ്തീർണ്ണങ്ങളുടെ ആകെത്തുകയാണ്, അല്ലേ?"
,Audio,"One, two, three, four, I declare a thumb war, and we wrestle, and of course Sunni beats me because she's the best.","ഒന്ന്, രണ്ടു, മൂന്നു, നാലു, ഒരു തള്ളവിരല് യുദ്ദം, അങ്ങനെ നമ്മൾ പോരാടി തീര്ച്ചയായും സണ്ണി എന്നെ തോല്പിച്ചു കാരണം അവളാണ് ഏറ്റവും മികച്ചത്.","ഒന്ന്, രണ്ടു, മൂന്നു, നാലു, ഒരു തള്ളവിരല് യുദ്ദം, അങ്ങനെ നമ്മൾ പോരാടി തീര്ച്ചയായും സണ്ണി എന്നെ തോല്പിച്ചു കാരണം അവൾ ഏറ്റവും മികച്ചതാണ്..",ആണ്,she's ,അവളാണ് ,"ഒന്ന്, രണ്ടു, മൂന്നു, നാലു, ഒരു തള്ളവിരല് യുദ്ദം, അങ്ങനെ നമ്മൾ പോരാടി തീര്ച്ചയായും സണ്ണി എന്നെ തോല്പിച്ചു കാരണം അവൾ ഏറ്റവും മികച്ചതാണ്..","ഒന്ന്, രണ്ട്, മൂന്ന്, നാല്, ഞാൻ ഒരു തംബ് യുദ്ധം പ്രഖ്യാപിക്കുന്നു, ഞങ്ങൾ മല്ലടിക്കുന്നു, തീർച്ചയായും സുന്നി എന്നെ അടിക്കുന്നു, കാരണം അവൾ ഏറ്റവും മികച്ചവളാണ്."
,Audio,"And in fact, that's what we're going to do right now.",ശരിക്കും പറഞ്ഞാൽ അതാണ് നാം ഇപ്പോൾ ചെയ്യാന് പോകുന്നത്,ശരിക്കും പറഞ്ഞാൽ അത് നാം ഇപ്പോൾ ചെയ്യാൻ പോകുന്നു.,ആണ്,that's ,അതാണ് ,ശരിക്കും പറഞ്ഞാൽ അത് നാം ഇപ്പോൾ ചെയ്യാൻ പോകുന്നു.,"വാസ്തവത്തിൽ, അതാണ് ഞങ്ങൾ ഇപ്പോൾ ചെയ്യാൻ പോകുന്നത്."
,Audio,"So this is the kind of simple level, right?","ഇത് വളരെ ലളിതമായ നിലയാണ്, ശരി?",,ആണ്,simple ,നിലയാണ്,,"അപ്പോൾ ഇതൊരു ലളിതമായ തലമാണ്, അല്ലേ?"
,Audio,And this one's called the Möbius Strip.,ഇതിനെ വിളിക്കുന്നത് 'മോബിയാസ് സ്ട്രിപ്' എന്നാണ്.,,ആണ്,this ,എന്നാണ്,,ഇതിനെ മോബിയസ് സ്ട്രിപ്പ് എന്ന് വിളിക്കുന്നു.
,Audio,Stand up! It's easier if you stand up.,എഴുന്നേറ്റു നില്ക്കൂ! നിങ്ങൾ എഴുന്നേറ്റു നിന്നാൽ അത് എളുപ്പമാണ്.,,ആണ്,easier ,എളുപ്പമാണ്,,എഴുന്നേറ്റു നിൽക്കൂ! എണീറ്റ് നിന്നാൽ എളുപ്പം.
,Audio,"I will just leave you with this tip, if you want to play again.","ഈ ഒരു സൂചനയോടെ ഞാൻ വിടവാങ്ങുകയാണ്, നിങ്ങള്ക്ക് വീണ്ടും കളിക്കണമെങ്കിൽ",,ആണ്,leave ,വിടവാങ്ങുകയാണ്,,നിങ്ങൾക്ക് വീണ്ടും കളിക്കണമെങ്കിൽ ഈ നുറിപ്പ് ഞാൻ നിങ്ങൾക്ക് വിട്ടുകൊടുക്കും.
,Audio,It would end up taking 45 minutes to free her from the vehicle.,അവളെ വണ്ടിയില് നിന്ന് പുറത്തെടുക്കാന് 45 മിനുട്ട് വേണ്ടിവന്നു.,,ആണ്,to free ,പുറത്തെടുക്കാന് ,,അവളെ കാറിൽ നിന്ന് മോചിപ്പിക്കാൻ 45 മിനിറ്റ് എടുക്കും.
,Audio,"when you're in those last moments that it's strictly terror, fear.",നിങ്ങള് ആ അവസാന നിമിഷത്തിലെത്തുമ്പോള് അത് ശരിക്കും ഭയപ്പെടുത്തുന്നതാണ്.,,ആണ്,fear,ഭയപ്പെടുത്തുന്നതാണ്,,നിങ്ങൾ ആ അവസാന നിമിഷങ്ങളിൽ ആയിരിക്കുമ്പോൾ അത് കർശനമായി ഭീകരവും ഭയവുമാണ്.
,Audio,"I'm an underwater explorer,",ഞാൻ ഒരു ഭുഗർഭ ജല പര്യവേഷകയാണ്,,ആണ്,explorer,പര്യവേഷകയാണ്,,"ഞാൻ അണ്ടർ വാട്ടർ എക്സ്പ്ലോറർ,"
,Audio,And my voice is the one that's going to teach you about the inside of Mother Earth.,എന്റെ ശബ്ദമാണ് നിങ്ങൾക്ക് പറഞ്ഞു തരുന്നത് ഭൗമാന്തർഭാഗത്തെ പറ്റി,,ആണ്,voice ,ശബ്ദമാണ് ,,ഭൂമാതാവിന്റെ ആന്തരികതയെക്കുറിച്ച് നിങ്ങളെ പഠിപ്പിക്കാൻ പോകുന്നത് എന്റെ ശബ്ദമാണ്.
,Audio,We use a technology called rebreathers.,റീ ബ്രീത്തെർ എന്ന സങ്കേതികവിദ്യയാണ് ഞങ്ങൾ ഉപയോഗികുന്നത്,റീ ബ്രീത്തെർ എന്ന സാങ്കേതികവിദ്യ ഞങ്ങൾ ഉപയോഗിക്കുന്നു.,ആണ്,technology ,സങ്കേതികവിദ്യയാണ് ,റീ ബ്രീത്തെർ എന്ന സാങ്കേതികവിദ്യ ഞങ്ങൾ ഉപയോഗിക്കുന്നു.,റീബ്രീത്തർ എന്ന സാങ്കേതിക വിദ്യയാണ് നാം ഉപയോഗപ്പെടുത്തുന്നത്.
,Audio,Many of these life-forms live in unusual ways.,അസാധാരണമായ വഴികളിലൂടെയാണ് ഇതിൽ മിക്കവയും ജീവിക്കുന്നത്,അസാധാരണമായ വഴികളിലൂടെ ഇതിൽ മിക്കവയും ജീവിക്കുന്നു.,ആണ്,ways,വഴികളിലൂടെയാണ് ,അസാധാരണമായ വഴികളിലൂടെ ഇതിൽ മിക്കവയും ജീവിക്കുന്നു.,ഈ ജീവജാലങ്ങളിൽ പലതും അസാധാരണമായ രീതിയിലാണ് ജീവിക്കുന്നത്.
,Audio,The red that you see in this photograph is actually dust from the Sahara Desert.,ഈ ചിത്രത്തിലെ ചുവന്ന ഭാഗം സഹാറ മരുഭൂമിയിലെ മണലാണ്,,ആണ്,dust ,മണലാണ്,,ഈ ഫോട്ടോയിൽ നിങ്ങൾ കാണുന്ന ചുവപ്പ് യഥാർത്ഥത്തിൽ സഹാറ മരുഭൂമിയിൽ നിന്നുള്ള പൊടിയാണ്.
,Audio,"So I swam under houses and businesses and bowling alleys and golf courses, and even under a Sonny's BBQ Restaurant,  Pretty remarkable, and what that taught me was that everything we do on the surface of our earth will be returned to us to drink.","അങ്ങനെ ഞാൻ വീടുകളുടെയും, വ്യപാരസ്ഥാപനങ്ങളുടെയും, കളിസ്ഥലങ്ങളുടെയും, ഗോൾഫ് മൈതാനങ്ങളുടെ അടിയിലൂടെയും നീന്തി ഒരു സോണി ബർബെകു ഹോട്ടലിന് അടിയിലൂടെ പോലും.വളരെ ശ്രദ്ധേയം, എന്നാൽ അത് എനിക്ക് പറഞ്ഞുതന്നത് ഭൗമ ഉപരിതലത്തിൽ നമ്മൾ ചെയ്യുന്നതെല്ലാമാണ് കുടിക്കാനായി നമുക്ക് തിരിച്ചുകിട്ടുന്നത്","അങ്ങനെ ഞാൻ വീടുകളുടെയും, വ്യപാരസ്ഥാപനങ്ങളുടെയും, കളിസ്ഥലങ്ങളുടെയും, ഗോൾഫ് മൈതാനങ്ങളുടെ അടിയിലൂടെയും നീന്തി ഒരു സോണി ബർബെകു ഹോട്ടലിന് അടിയിലൂടെ പോലും.വളരെ ശ്രദ്ധേയം, എന്നാൽ അത് എനിക്ക് പറഞ്ഞുതന്നത് ഭൗമ ഉപരിതലത്തിൽ നമ്മൾ ചെയ്യുന്നതെല്ലാം കുടിക്കാനായി നമുക്ക് തിരിച്ചുകിട്ടുന്നു.",ആണ്,everything we do,ചെയ്യുന്നതെല്ലാമാണ് ,"അങ്ങനെ ഞാൻ വീടുകളുടെയും, വ്യപാരസ്ഥാപനങ്ങളുടെയും, കളിസ്ഥലങ്ങളുടെയും, ഗോൾഫ് മൈതാനങ്ങളുടെ അടിയിലൂടെയും നീന്തി ഒരു സോണി ബർബെകു ഹോട്ടലിന് അടിയിലൂടെ പോലും.വളരെ ശ്രദ്ധേയം, എന്നാൽ അത് എനിക്ക് പറഞ്ഞുതന്നത് ഭൗമ ഉപരിതലത്തിൽ നമ്മൾ ചെയ്യുന്നതെല്ലാം കുടിക്കാനായി നമുക്ക് തിരിച്ചുകിട്ടുന്നു.","അതിനാൽ ഞാൻ വീടുകൾക്കും ബിസിനsations നും ബൌളിംഗ് ഇടവഴികൾക്കും ഗോൾഫ് കോഴ്സുകൾക്കും കീഴിലും ഒരു സോണിയുടെ ബിബിക്യു റെസ്റ്റോറന്റിന് കീഴിലും പോലും നീന്തി, വളരെ ശ്രദ്ധേയമാണ്, അത് എന്നെ പഠിപ്പിച്ചത് നമ്മുടെ ഭൂമിയുടെ ഉപരിതലത്തിൽ നമ്മൾ ചെയ്യുന്നതെല്ലാം കുടിക്കാൻ ഞങ്ങൾക്ക് തിരികെ നൽകപ്പെടും എന്നതാണ്."
,Audio,It's a shared resource from which we all drink.,കുടിവെള്ളം നമ്മൾ പങ്കുവെക്കുന്ന ഒരു വിഭവമാണ്.,,ആണ്,resource ,വിഭവമാണ്,,നാമെല്ലാവരും കുടിക്കുന്ന ഒരു പങ്കിട്ട വിഭവമാണിത്.
,Audio,It's actually morphed.,ഇത് യഥാർത്ഥത്തിൽ മോർഫുചെയ്യപ്പെട്ടതാണ്,,ആണ്,morphed,മോർഫുചെയ്യപ്പെട്ടതാണ്,,യഥാർത്ഥത്തിൽ അത് മോർഫ് ചെയ്തതാണ്.
,Audio,And that's pretty amazing.,അത് ഒരു അത്ഭുതം തന്നെയാണ്,,ആണ്,that's ,തന്നെയാണ്,,"കൂടാതെ, അത് വളരെ അത്ഭുതകരമായ ആണ്."
,Audio,It's only when the box is opened that we see a single definite state.,. പെട്ടി തുറന്ന സമയത്ത് മാത്രമാണ് നമ്മള് ഒരു നിശ്ചിതമായ അവസ്ഥ കാണുന്നത്.,പെട്ടി തുറന്ന സമയത്ത് മാത്രം നമ്മൾ ഒരു നിശ്ചിതമായ അവസ്ഥ കാണുന്നു.,ആണ്,only ,മാത്രമാണ് ,പെട്ടി തുറന്ന സമയത്ത് മാത്രം നമ്മൾ ഒരു നിശ്ചിതമായ അവസ്ഥ കാണുന്നു.,ബോക്സ് തുറക്കുമ്പോൾ മാത്രമേ നമ്മൾ ഒരൊറ്റ നിർദ്ദിഷ്ട അവസ്ഥ കാണുന്നു.
,Audio,"In fact, it's essential.","വാസ്തവത്തില്, അത് അത്യന്താപേക്ഷികവുമാണ്.",,ആണ്,essential,അത്യന്താപേക്ഷികവുമാണ്,,"വാസ്തവത്തിൽ, അത് അത്യാവശ്യമാണ്."
,AUDIO,"That's far too small to detect, so we'll never see wave behavior from a cat.","അത് അളക്കാൻ കഴിയുന്നതിനേക്കാള് വളരെ ചെറുതാണ്, അതുകൊണ്ട് ഒരിക്കലും നാം പൂച്ചയില് തരംഗസ്വഭാവം കാണില്ല.",,ആണ്,small ,ചെറുതാണ്,,"അത് കണ്ടെത്താൻ വളരെ ചെറുതാണ്, അതിനാൽ ഒരു പൂച്ചയിൽ നിന്നുള്ള തരംഗ സ്വഭാവം നമ്മൾ ഒരിക്കലും കാണില്ല."
,aUDIO,"An electron in a molecule isn't on just atom A or atom B, but A B.","ഒരു തന് മാത്രയിലെ ഇലക്ട്രോണ് ആറ്റം Aയിലോ Bയിലോ അല്ല, A Bയില് ആണ്.","ഒരു തന്മാത്രയിലെ ഇലക്ട്രോൺ ആറ്റം Aയിലോ Bയിലോ അല്ല, A Bയിൽ ആണ്.",ആണ്,electron ,ഇലക്ട്രോണ് ,"ഒരു തന്മാത്രയിലെ ഇലക്ട്രോൺ ആറ്റം Aയിലോ Bയിലോ അല്ല, A Bയിൽ ആണ്.","ഒരു തന്മാത്രയിലെ ഒരു ഇലക്ട്രോൺ A അല്ലെങ്കിൽ B ആറ്റത്തിൽ മാത്രമല്ല, A B യിൽ ആണ്."
,Audio,An old joke says that the Internet exists to allow the sharing of cat videos.,പൂച്ചകളുടെ വീഡിയോചിത്രങ്ങള് പങ്കുവയ്ക്കാനാണ് ഇന്റെര് നെറ്റ് നിലകൊള്ളൂന്നത് എന്നാണ് ഒരു പഴയ തമാശ.,പൂച്ചകളുടെ വീഡിയോചിത്രങ്ങൾ പങ്കുവയ്ക്കാൻ ഇന്റർനെറ്റ് നിലകൊള്ളുന്നു എന്നാണ് ഒരു പഴയ തമാശ.,ആണ്,sharing ,പങ്കുവയ്ക്കാനാണ് ,പൂച്ചകളുടെ വീഡിയോചിത്രങ്ങൾ പങ്കുവയ്ക്കാൻ ഇന്റർനെറ്റ് നിലകൊള്ളുന്നു എന്നാണ് ഒരു പഴയ തമാശ.,പൂച്ചകളുടെ വീഡിയോകൾ പങ്കിടാൻ അനുവദിക്കുന്നതിന് ഇന്റർനെറ്റ് നിലവിലുണ്ടെന്ന് ഒരു പഴയ തമാശ പറയുന്നു.
,Audio,What do you see?,നിങ്ങൾ എന്താണ് കാണുന്നത്.?,നിങ്ങൾ എന്ത് കാണുന്നു?,ആണ്,What ,എന്താണ് ,നിങ്ങൾ എന്ത് കാണുന്നു?,എന്താ കാണുന്നത്?
,Audio,"Most of you see a barbershop, an opportunity for health, an opportunity for health equity.","നിങ്ങളിൽ ഭൂരിഭാഗവും ഒരു ബാർബർഷോപ് കാണുന്നു, പക്ഷെ ഞാൻ കാണുന്നത് ഒരു അവസരമാണ്: ആരോഗ്യത്തിനായുള്ള ഒരവസരം, ആരോഗ്യ സമത്വത്തിനായുള്ള ഒരവസരം.",,ആണ്,opportunity ,അവസരമാണ്,,"നിങ്ങളിൽ മിക്കവരും ഒരു ബാർബർഷോപ്പ്, ആരോഗ്യത്തിനുള്ള അവസരം, ആരോഗ്യസമത്വത്തിനുള്ള അവസരം എന്നിവയാണ് കാണുന്നത്."
,Audio,"No, it's much more than that.","അല്ല, അത് അതിലും അധികമാണ്.",,ആണ്,more ,അധികമാണ്,,"ഇല്ല, അത് അതിനേക്കാൾ വളരെ കൂടുതലാണ്."
,Audio,But herein lies the problem.,പക്ഷെ അതിലാണ് പ്രശ്നം.,പക്ഷെ അതിൽ പ്രശ്നമുണ്ട്.,ആണ്,herein ,അതിലാണ് ,പക്ഷെ അതിൽ പ്രശ്നമുണ്ട്.,എന്നാല്‍ ഇവിടെയാണ് പ്രശ്.
,Audio,"Denny, like many barbers, is more than just an artist, a businessman and confidant.","ഡെന്നി, മറ്റേതു ബാർബറെയും പോലെ, ഒരു കലാകാരൻ എന്നതിലുപരി, ഒരു കച്ചവടക്കാരനാണ് പിന്നെ വിശ്വസ്തനും.","ഡെന്നി, മറ്റേതു ബാർബറെയും പോലെ, ഒരു കലാകാരൻ എന്നതിലുപരി, ഒരു കച്ചവടക്കാരനും പിന്നെ വിശ്വസ്തനുമാണ്.",ആണ്,businessman ,കച്ചവടക്കാരനാണ് ,"ഡെന്നി, മറ്റേതു ബാർബറെയും പോലെ, ഒരു കലാകാരൻ എന്നതിലുപരി, ഒരു കച്ചവടക്കാരനും പിന്നെ വിശ്വസ്തനുമാണ്.","ഡെന്നി, പല ബാർബർമാരെപ്പോലെ, ഒരു കലാകാരൻ, ഒരു ബിസിനസുകാരൻ, വിശ്വസ്തൻ എന്നിവയേക്കാൾ കൂടുതലാണ്."
,Audio,He's a leader and a passionate advocate for the well-being of his community.,അദ്ദേഹം ഒരു നേതാവാണ് സ്വന്തം സമൂഹനന്മക്ക് വേണ്ടി തീഷ്ണമായി വാദിക്കുന്നയാളുമാണ്.,,ആണ്,leader ,നേതാവാണ് ,,അദ്ദേഹം ഒരു നേതാവും തന്റെ സമൂഹത്തിന്റെ ക്ഷേമത്തിനായുള്ള വികാരാധീനനായ അഭിഭാഷകനുമാണ്.
,Audio,What is your barbershop?,എന്താണ് നിങ്ങളുടെ ബാർബർഷോപ്പ്?,,ആണ്,What ,എന്താണ്,,നിങ്ങളുടെ ബാർബർഷോപ്പ് എന്താണ്?
,Audio,And they start to diverge when the Ohio River split them a few million years ago.,അവ തമ്മിലുള്ള ഭിന്നത ആരംഭിച്ചത് ഒഹായോ നദി അവയെ പകുത്തപ്പോഴാണ്. വര് ഷങ്ങള് ക്ക് മുമ്പ്.,അവ തമ്മിലുള്ള ഭിന്നത ഒഹായോ നദി അവയെ പകുത്തപ്പോൾ ആരംഭിച്ചു.,ആണ്,,,അവ തമ്മിലുള്ള ഭിന്നത ഒഹായോ നദി അവയെ പകുത്തപ്പോൾ ആരംഭിച്ചു.,ഏതാനും ദശലക്ഷം വർഷങ്ങൾക്ക് മുമ്പ് ഒഹായോ നദി അവയെ വിഭജിച്ചപ്പോൾ അവർ വേർപിരിയാൻ തുടങ്ങുന്നു.
,Audio,Who was running for president?,ആരാണ് പ്രസിഡന്റാകാൻ മത്സരിക്കുന്നത്?,,ആണ് ,Who ,ആരാണ് ,,ആരായിരുന്നു പ്രസിഡന്റ് സ്ഥാനത്തേക്ക് മത്സരിച്ചത്?
Tateoba,Audio ,You don't know who I am.,ഞാൻ ആരാണെന്ന് നിനക്കറിയില്ല.,,ആണ്,who I am.,,,ഞാനാരാണെന്ന് നിനക്കറിയില്ല.
,Audio,We plan to stay a week.,ഞങ്ങൾ ഒരാഴ്ച തങ്ങാനാണ് ആലോചിക്കുന്നത്.,ഞങ്ങൾ ഒരാഴ്ച തങ്ങാൻ ആലോചിക്കുന്നു.,ആണ്,stay,,ഞങ്ങൾ ഒരാഴ്ച തങ്ങാൻ ആലോചിക്കുന്നു.,ഞങ്ങൾ ഒരാഴ്ച്ച താമസിക്കാൻ പദ്ധതി.
,Audio,Do you know who conquered Mt. Everest first?,എവറസ്റ്റ് കൊടുമുടി ആദ്യമായി കീഴടക്കിയതാരാണെന്ന് നിനക്കറിയാമോ?,,ആണ്,conquered,,,മൌണ്ട് എവറസ്റ്റ് ആദ്യമായി കീഴടക്കിയത് ആരാണെന്ന് അറിയാമോ?
,Audio,That's impossible.,അത് അസാധ്യമാണ്.,,ആണ്,impossible,,,അത് അസാധ്യമാണ്.
,Audio,How does this disease spread?,ഈ രോഗം എങ്ങനെയാണ് പടരുന്നത്?,ഈ രോഗം എങ്ങനെ പടരുന്നു?,ആണ്,How ,,ഈ രോഗം എങ്ങനെ പടരുന്നു?,എങ്ങനെയാണ് ഈ രോഗം പടരുന്നത്?
,Audio,This is the place where the battle took place.,ഈ സ്ഥലത്താണ് ആ യുദ്ധം നടന്നത്.,ഈ സ്ഥലത്ത് ആ യുദ്ധം നടന്നു.,ആണ്,place ,,ഈ സ്ഥലത്ത് ആ യുദ്ധം നടന്നു.,ഇവിടെയാണ് യുദ്ധം നടന്നത്.
,Audio,Do you know what time that accident happened?,എത്ര മണിക്കാണ് അപകടം നടന്നതെന്ന് നിനക്കറിയാമോ?,,ആണ്,time ,,,എത്ര മണിയ്ക്കായിരുന്നു ആ അപകടം നടന്നതെന്ന് അറിയാമോ?
,Audio,We go to school to study.,ഞങ്ങൾ സ്കൂളിലേക്ക് പഠിക്കാനാണ് പോകുന്നത്.,ഞങ്ങൾ സ്കൂളിലേക്ക് പഠിക്കാൻ പോകുന്നു.,ആണ്,study,,ഞങ്ങൾ സ്കൂളിലേക്ക് പഠിക്കാൻ പോകുന്നു.,ഞങ്ങള്‍ സ് കൂളില്‍ പോയി പഠിക്കും.
,Audio,I came to Japan two years ago.,ഞാൻ ജപ്പാനിൽ രണ്ട് വർഷം മുമ്പാണ് വന്നത്.,ഞാൻ ജപ്പാനിൽ രണ്ട് വർഷം മുമ്പ് വന്നു.,ആണ്,ago,,ഞാൻ ജപ്പാനിൽ രണ്ട് വർഷം മുമ്പ് വന്നു.,രണ്ടു വർഷം മുമ്പാണ് ഞാൻ ജപ്പാനിലെത്തിയത്.
,Audio,I bought this book yesterday.,ഞാൻ ഈ പുസ്തകം ഇന്നലെയാണ് വാങ്ങിച്ചത്.,ഞാൻ ഈ പുസ്തകം ഇന്നലെ വാങ്ങിച്ചു.,ആണ്,yesterday,,ഞാൻ ഈ പുസ്തകം ഇന്നലെ വാങ്ങിച്ചു.,ഇന്നലെയാണ് ഈ പുസ്തകം വാങ്ങിയത്.
,Audio,What else do you want?,വേറെ എന്താണ് നിനക്ക് വേണ്ടത്?,വേറെ എന്ത് നിനക്ക് വേണം?,ആണ്,else ,,വേറെ എന്ത് നിനക്ക് വേണം?,വേറെന്താണ് വേണ്ടത്?
,Audio,He was born in Africa.,അവൻ ആഫ്രിക്കയിലാണ് ജനിച്ചത്.,അവൻ ആഫ്രിക്കയിൽ ജനിച്ചു.,ആണ്,Africa,,അവൻ ആഫ്രിക്കയിൽ ജനിച്ചു.,ആഫ്രിക്കയിലാണ് ജനനം.
,Audio,He asked her where she lived.,അവൻ അവൾ എവിടെയാണ് താമസിക്കുന്നത് എന്നു ചോദിച്ചു.,അവൻ അവൾ എവിടെ താമസിക്കുന്നു എന്നു ചോദിച്ചു.,ആണ്,where ,,അവൻ അവൾ എവിടെ താമസിക്കുന്നു എന്നു ചോദിച്ചു.,എവിടെയാണ് താമസമെന്ന് ചോദിച്ചു.
,Audio,They are willing to do it for you.,അവർ നിനക്ക് വേണ്ടി അത് ചെയ്യാൻ തയ്യാറാണ്.,,ആണ്,willing ,,,അവർ നിങ്ങൾക്കായി അത് ചെയ്യാൻ തയ്യാറാണ്.
,Audio,Do you know what color she likes?,അവൾക്കേതു നിറമാണ് ഇഷ്ടമുള്ളതെന്ന് നിനക്ക് അറിയാമോ?,,ആണ്,color ,,,അവൾക്കിഷ്ടമുള്ള നിറമെന്താണെന്നറിയാമോ?
,Audio,I'm awake.,ഞാൻ ഉണർന്നിരിക്കുകയാണ്.,,ആണ്,awake,,,ഞാൻ ഉണർന്നിരിക്കുന്നു.
,Audio,Wild animals live in the forest.,വന്യ മൃഗങ്ങള്‍ കാട്ടിലാണ് ജീവിക്കുന്നത്.,വന്യമൃഗങ്ങൾ കാട്ടിൽ ജീവിക്കുന്നു.,ആണ്,forest,,വന്യമൃഗങ്ങൾ കാട്ടിൽ ജീവിക്കുന്നു.,വന്യമൃഗങ്ങൾ കാട്ടിലാണ് ജീവിക്കുന്നത്.
,Audio,How do you say this word?,ഈ വാക്ക് എങ്ങനെയാണ് ഉച്ചരിക്കുന്നത്.,ഈ വാക്ക് എങ്ങനെ ഉച്ചരിക്കുന്നു?,ആണ്,How ,,ഈ വാക്ക് എങ്ങനെ ഉച്ചരിക്കുന്നു?,ഈ വാക്ക് എങ്ങനെ പറയും?
,Audio,What did you do yesterday evening?,നീ ഇന്നലെ വൈകുന്നേരം എന്താണ് ചെയ്തത്?,നീ ഇന്നലെ വൈകുന്നേരം എന്ത് ചെയ്തു?,ആണ്,What ,,നീ ഇന്നലെ വൈകുന്നേരം എന്ത് ചെയ്തു?,ഇന്നലെ രാത്രി നീ എന്താ ചെയ്തത്?
,Audio,I like you.,എനിക്ക് നിന്നെ ഇഷ്ടമാണ്.,,ആണ്,like ,,,എനിക്ക് നിന്നെ ഇഷ്ടമാണ്.
,Audio,My favourite sport is football.,കാൽപ്പന്താണ് എനിക്ക് എറ്റവും ഇഷ്ടമുള്ള കളി.,എനിക്ക് ഏറ്റവും ഇഷ്ടമുള്ള കളി കാൽപ്പന്താണ്.,ആണ്,football,,എനിക്ക് ഏറ്റവും ഇഷ്ടമുള്ള കളി കാൽപ്പന്താണ്.,എനിക്ക് ഏറ്റവും ഇഷ്ടമുള്ള കായികവിനോദം ഫുട്ബോള്‍ ആണ്.
,Audio,What should I do?,ഞാൻ എന്താണ് ചെയ്യേണ്ടത്?,ഞാൻ എന്ത് ചെയ്യണം?,ആണ്,What ,,ഞാൻ എന്ത് ചെയ്യണം?,ഞാനെന്തു ചെയ്യണം?
,Audio,What year were you born?,നിങ്ങള്‍ ഏതു വര്‍ഷമാണ് ജനിച്ചത്?,നിങ്ങൾ ഏതു വർഷം ജനിച്ചു?,ആണ്,born,,നിങ്ങൾ ഏതു വർഷം ജനിച്ചു?,ഏത് വർഷമാണ് നിങ്ങൾ ജനിച്ചത്?
