idx,english,original_ml,focus_word,focus_pos,tagged_input,route,constituent_type,status,final_output
1,,"ബാഹ്യരൂപം എന്നുള്ളത് ഷൂസ്, വസ്ത്രങ്ങള്‍, ടൈ, ആഭരണങ്ങള്‍, ഹെയര്‍ സ്റ്റൈല്‍, മേക്കപ്പ്, വാച്ച്, സൗന്ദര്യവര്‍ദ്ധകസാമഗ്രികൾ, സുഗന്ധലേപനങ്ങള്‍ തുടങ്ങി സേവനം നല്കുന്നയാളിന്‍റെ ഒരുകൂട്ടം ഗുണവിശേഷങ്ങളുമായി ബന്ധപ്പെട്ടതാണ്.",ബാഹ്യരൂപം,N_NN,"<FF>ബാഹ്യരൂപം<FF> എന്നുള്ളത് ഷൂസ്, വസ്ത്രങ്ങള്‍, ടൈ, ആഭരണങ്ങള്‍, ഹെയര്‍ സ്റ്റൈല്‍, മേക്കപ്പ്, വാച്ച്, സൗന്ദര്യവര്‍ദ്ധകസാമഗ്രികൾ, സുഗന്ധലേപനങ്ങള്‍ തുടങ്ങി സേവനം നല്കുന്നയാളിന്‍റെ ഒരുകൂട്ടം ഗുണവിശേഷങ്ങളുമായി ബന്ധപ്പെട്ടതാണ്.",CLEFT,SUBJECT,NOT_SUPPORTED,
2,,ശില്പങ്ങളുടെയും മറ്റും നിറം ബാഹ്യരേഖയുമായി ഇഴുകിച്ചേര്‍ന്ന് വലിപ്പത്തിന്‍റെ ഒരു പ്രതീതിയുണ്ടാക്കുന്നു.,മറ്റും,N_NN,ശില്പങ്ങളുടെയും <FF>മറ്റും<FF> നിറം ബാഹ്യരേഖയുമായി ഇഴുകിച്ചേര്‍ന്ന് വലിപ്പത്തിന്‍റെ ഒരു പ്രതീതിയുണ്ടാക്കുന്നു.,CLEFT,DIRECT_OBJECT,UNRESOLVED,
3,,"നേരത്തെയുള്ള പാരമ്പര്യം തടിയിലും കളിമണ്ണിലും നിർമ്മിക്കുന്നതായിരിക്കെ, അശോകന്‍ പ്രതിമകള്‍ക്കും സ്മാരകസൗധങ്ങള്‍ക്കും വ്യാപകമായി ശില ഉപയോഗിക്കാന്‍ തുടങ്ങി.",തടിയിലും,N_NN,"നേരത്തെയുള്ള പാരമ്പര്യം <FF>തടിയിലും<FF> കളിമണ്ണിലും നിർമ്മിക്കുന്നതായിരിക്കെ, അശോകന്‍ പ്രതിമകള്‍ക്കും സ്മാരകസൗധങ്ങള്‍ക്കും വ്യാപകമായി ശില ഉപയോഗിക്കാന്‍ തുടങ്ങി.",CLEFT,LOCATION,VALID,"നേരത്തെയുള്ള പാരമ്പര്യം തടിയിലുമാണ് കളിമണ്ണിലും നിർമ്മിക്കുന്നതായിരിക്കെ, അശോകന്‍ പ്രതിമകള്‍ക്കും സ്മാരകസൗധങ്ങള്‍ക്കും വ്യാപകമായി ശില ഉപയോഗിക്കാന്‍ തുടങ്ങിയത്."
4,,മസാല ചേര്‍ത്ത് കടലമാവില്‍ മുക്കി പിഴവില്ലാത്തവിധം നന്നായി വറുത്തെടുക്കുന്ന ഉരുളക്കിഴങ്ങാണ് മഹാരാഷ്ട്രയില്‍ നിന്നുള്ള ഈ സ്വാദിഷ്ടവും പ്രശസ്തവുമായ വിഭവം.,നിന്നുള്ള,PSP,മസാല ചേര്‍ത്ത് കടലമാവില്‍ മുക്കി പിഴവില്ലാത്തവിധം നന്നായി വറുത്തെടുക്കുന്ന ഉരുളക്കിഴങ്ങാണ് മഹാരാഷ്ട്രയില്‍ <FF>നിന്നുള്ള<FF> ഈ സ്വാദിഷ്ടവും പ്രശസ്തവുമായ വിഭവം.,PE,,PE_ROUTED,മസാല ചേര്‍ത്ത് കടലമാവില്‍ മുക്കി പിഴവില്ലാത്തവിധം നന്നായി വറുത്തെടുക്കുന്ന ഉരുളക്കിഴങ്ങാണ് മഹാരാഷ്ട്രയില്‍ <PE>നിന്നുള്ള</PE> ഈ സ്വാദിഷ്ടവും പ്രശസ്തവുമായ വിഭവം.
5,,"തമിഴ്‌നാട് സംസ്ഥാനത്തെ ചെട്ടിനാട് പ്രദേശത്തുനിന്നുള്ള, നാട്ടുകോട്ടൈ ചെട്ടിയാർ എന്നോ അവർ സ്വയം വിളിക്കുന്ന പേരായ നാഗരതർ എന്നോ അറിയപ്പെടുന്ന സമുദായത്തിൻ്റെ പാചകവിദ്യയാണ് ചെട്ടിനാട് പാചകവിദ്യ.",അവർ,PR_PRP,"തമിഴ്‌നാട് സംസ്ഥാനത്തെ ചെട്ടിനാട് പ്രദേശത്തുനിന്നുള്ള, നാട്ടുകോട്ടൈ ചെട്ടിയാർ എന്നോ <FF>അവർ<FF> സ്വയം വിളിക്കുന്ന പേരായ നാഗരതർ എന്നോ അറിയപ്പെടുന്ന സമുദായത്തിൻ്റെ പാചകവിദ്യയാണ് ചെട്ടിനാട് പാചകവിദ്യ.",CLEFT,DIRECT_OBJECT,VALID,"തമിഴ്‌നാട് സംസ്ഥാനത്തെ ചെട്ടിനാട് പ്രദേശത്തുനിന്നുള്ള, നാട്ടുകോട്ടൈ ചെട്ടിയാർ എന്നോ അവരാണ് സ്വയം വിളിക്കുന്ന പേരായ നാഗരതർ എന്നോ അറിയപ്പെടുന്ന സമുദായത്തിൻ്റെ പാചകവിദ്യ ചെട്ടിനാട് പാചകവിദ്യ."
6,,"ഇന്ത്യയില്‍ ജന്മംകൊണ്ട കറുവാപ്പട്ട അങ്ങനെ, സുഗന്ധവ്യഞ്ജനത്തിൻ്റേതുമുതൽ ഔഷധത്തിൻ്റേതുവരെ വിവിധ ഉപയോഗങ്ങള്‍ ഉള്ളതാണ്.",വിവിധ,JJ,"ഇന്ത്യയില്‍ ജന്മംകൊണ്ട കറുവാപ്പട്ട അങ്ങനെ, സുഗന്ധവ്യഞ്ജനത്തിൻ്റേതുമുതൽ ഔഷധത്തിൻ്റേതുവരെ <FF>വിവിധ<FF> ഉപയോഗങ്ങള്‍ ഉള്ളതാണ്.",PE,,PE_ROUTED,"ഇന്ത്യയില്‍ ജന്മംകൊണ്ട കറുവാപ്പട്ട അങ്ങനെ, സുഗന്ധവ്യഞ്ജനത്തിൻ്റേതുമുതൽ ഔഷധത്തിൻ്റേതുവരെ <PE>വിവിധ</PE> ഉപയോഗങ്ങള്‍ ഉള്ളതാണ്."
7,,നനവില്ലാത്ത ഗ്രൈന്‍ഡറിലോ കല്ലുരലിലോ ഇത് പൊടിച്ചെടുക്കുക.,നനവില്ലാത്ത,JJ,<FF>നനവില്ലാത്ത<FF> ഗ്രൈന്‍ഡറിലോ കല്ലുരലിലോ ഇത് പൊടിച്ചെടുക്കുക.,PE,,PE_ROUTED,<PE>നനവില്ലാത്ത</PE> ഗ്രൈന്‍ഡറിലോ കല്ലുരലിലോ ഇത് പൊടിച്ചെടുക്കുക.
8,,അമൃത്‌സറിലെ ജനങ്ങള്‍ വിശേഷിച്ചും അമൃത്‌സാരി കുല്‍ചെയും ഉള്ളിൽ നിറച്ച പറാന്തയും പാലുല്‍പ്പന്നങ്ങളും ഇഷ്ടപ്പെടുന്നതുപോലെ പഞ്ചാബിലെ ഓരോ നഗരത്തിനും വ്യത്യസ്തരുചികളുണ്ട്.,വിശേഷിച്ചും,RB,അമൃത്‌സറിലെ ജനങ്ങള്‍ <FF>വിശേഷിച്ചും<FF> അമൃത്‌സാരി കുല്‍ചെയും ഉള്ളിൽ നിറച്ച പറാന്തയും പാലുല്‍പ്പന്നങ്ങളും ഇഷ്ടപ്പെടുന്നതുപോലെ പഞ്ചാബിലെ ഓരോ നഗരത്തിനും വ്യത്യസ്തരുചികളുണ്ട്.,CLEFT,VP_ACTION,LATER_PHASE,
9,,മഹര്‍ഷിയുടെ കൂടെ രാമനെയും ഒപ്പം ലക്ഷ്മണനെയും അയക്കൂ.,കൂടെ,PSP,മഹര്‍ഷിയുടെ <FF>കൂടെ<FF> രാമനെയും ഒപ്പം ലക്ഷ്മണനെയും അയക്കൂ.,PE,,PE_ROUTED,മഹര്‍ഷിയുടെ <PE>കൂടെ</PE> രാമനെയും ഒപ്പം ലക്ഷ്മണനെയും അയക്കൂ.
10,,ഉന്നതവും ഉദാത്തവുമായ ഒരാദര്‍ശത്തോടുള്ള സമര്‍പ്പണത്തിലൂടെയാണ് മംഗള്‍ പാണ്ഡേയുടെ ധീരകൃത്യം നിറവേറ്റപ്പെട്ടത്.,ഉദാത്തവുമായ,JJ,ഉന്നതവും <FF>ഉദാത്തവുമായ<FF> ഒരാദര്‍ശത്തോടുള്ള സമര്‍പ്പണത്തിലൂടെയാണ് മംഗള്‍ പാണ്ഡേയുടെ ധീരകൃത്യം നിറവേറ്റപ്പെട്ടത്.,PE,,PE_ROUTED,ഉന്നതവും <PE>ഉദാത്തവുമായ</PE> ഒരാദര്‍ശത്തോടുള്ള സമര്‍പ്പണത്തിലൂടെയാണ് മംഗള്‍ പാണ്ഡേയുടെ ധീരകൃത്യം നിറവേറ്റപ്പെട്ടത്.
11,,ഉള്ളി നിറംമാറിക്കഴിയുമ്പോൾ കൂട്ടും മഞ്ഞൾപ്പൊടിയും തേച്ചുവച്ച ആട്ടിറച്ചി എല്ലാ കൂട്ടുകളും ഇറച്ചിയിൽ പിടിക്കുന്നതുവരെ അഞ്ചാറുമിനിട്ടുകൾ വഴറ്റുക.,കൂട്ടും,N_NN,ഉള്ളി നിറംമാറിക്കഴിയുമ്പോൾ <FF>കൂട്ടും<FF> മഞ്ഞൾപ്പൊടിയും തേച്ചുവച്ച ആട്ടിറച്ചി എല്ലാ കൂട്ടുകളും ഇറച്ചിയിൽ പിടിക്കുന്നതുവരെ അഞ്ചാറുമിനിട്ടുകൾ വഴറ്റുക.,CLEFT,VP_ACTION,LATER_PHASE,
12,,"പക്ഷികള്‍, മൃഗങ്ങള്‍, മനുഷ്യര്‍ എന്നീ കഥാപാത്രങ്ങളിലൂടെ അവതരിക്കപ്പെടുന്ന ലൗകികവിവേകത്തിന്‍റെ ഒരു പുസ്തകമാണ് ഹിതോപദേശം.",ഹിതോപദേശം,N_NN,"പക്ഷികള്‍, മൃഗങ്ങള്‍, മനുഷ്യര്‍ എന്നീ കഥാപാത്രങ്ങളിലൂടെ അവതരിക്കപ്പെടുന്ന ലൗകികവിവേകത്തിന്‍റെ ഒരു പുസ്തകമാണ് <FF>ഹിതോപദേശം<FF>.",CLEFT,DIRECT_OBJECT,NOT_SUPPORTED,
13,,സംസ്കൃതപ്രയോഗങ്ങളില്‍ സാമര്‍ത്ഥ്യവും വിവേകപൂര്‍ണ്ണമായ പെരുമാറ്റത്തില്‍ അറിവും പ്രോത്സാഹിപ്പിക്കുകയാണ് പുസ്തകത്തിന്‍റെ ലക്‌ഷ്യം എന്ന് തോന്നുന്നു.,അറിവും,N_NN,സംസ്കൃതപ്രയോഗങ്ങളില്‍ സാമര്‍ത്ഥ്യവും വിവേകപൂര്‍ണ്ണമായ പെരുമാറ്റത്തില്‍ <FF>അറിവും<FF> പ്രോത്സാഹിപ്പിക്കുകയാണ് പുസ്തകത്തിന്‍റെ ലക്‌ഷ്യം എന്ന് തോന്നുന്നു.,CLEFT,DIRECT_OBJECT,VALID,സംസ്കൃതപ്രയോഗങ്ങളില്‍ സാമര്‍ത്ഥ്യവും വിവേകപൂര്‍ണ്ണമായ പെരുമാറ്റത്തില്‍ അറിവുമാണ് പ്രോത്സാഹിപ്പിക്കുകയാണ് പുസ്തകത്തിന്‍റെ ലക്‌ഷ്യം എന്ന് തോന്നുന്നത്.
14,,"ചൈത്യഹാളിൻ്റെ മുൻഭാഗത്ത്, അർദ്ധവൃത്താകൃതിയിലുള്ളതും തുറന്ന മുൻവശമുള്ളതും മരം കൊണ്ടുള്ള പുറംഭാഗമുള്ളതുമായ ഒരു ചൈത്യകമാനത്തിൻ്റെ അലങ്കാരമാതൃക ശ്രദ്ധയാകർഷിക്കുമെങ്കിലും ചിലപ്പോൾ അത്തരം കമാനാകൃതിയിലുള്ള ചൈത്രജാലകം ഉണ്ടാവുകയില്ല.",അത്തരം,DM_DMD,"ചൈത്യഹാളിൻ്റെ മുൻഭാഗത്ത്, അർദ്ധവൃത്താകൃതിയിലുള്ളതും തുറന്ന മുൻവശമുള്ളതും മരം കൊണ്ടുള്ള പുറംഭാഗമുള്ളതുമായ ഒരു ചൈത്യകമാനത്തിൻ്റെ അലങ്കാരമാതൃക ശ്രദ്ധയാകർഷിക്കുമെങ്കിലും ചിലപ്പോൾ <FF>അത്തരം<FF> കമാനാകൃതിയിലുള്ള ചൈത്രജാലകം ഉണ്ടാവുകയില്ല.",CLEFT,SUBJECT,VALID,"ചൈത്യഹാളിൻ്റെ മുൻഭാഗത്ത്, അർദ്ധവൃത്താകൃതിയിലുള്ളതും തുറന്ന മുൻവശമുള്ളതും മരം കൊണ്ടുള്ള പുറംഭാഗമുള്ളതുമായ ഒരു ചൈത്യകമാനത്തിൻ്റെ അലങ്കാരമാതൃക ശ്രദ്ധയാകർഷിക്കുമെങ്കിലും ചിലപ്പോൾ അത്തരമാണ് കമാനാകൃതിയിലുള്ള ചൈത്രജാലകം ഉണ്ടാവാത്തത്."
15,,വാസമാരുടെ അതായത് പാചകവിദഗ്ധരുടെ ഒരു സംഘം സഹായിക്കുന്ന ഒരു വാസ്താ വാസ അഥവാ പ്രധാനപാചകക്കാരൻ ആണ് ഈ വിഭവം സാമ്പ്രദായികമായി തയ്യാറാക്കുന്നത്.,പാചകവിദഗ്ധരുടെ,N_NN,വാസമാരുടെ അതായത് <FF>പാചകവിദഗ്ധരുടെ<FF> ഒരു സംഘം സഹായിക്കുന്ന ഒരു വാസ്താ വാസ അഥവാ പ്രധാനപാചകക്കാരൻ ആണ് ഈ വിഭവം സാമ്പ്രദായികമായി തയ്യാറാക്കുന്നത്.,CLEFT,,UNRESOLVED,
16,,പാവ് ഭാജി : വെണ്ണയില്‍ തയ്യാറാക്കിയ പച്ചക്കറി കൊണ്ടുള്ള ഒരു കൊഴുത്ത കറി(ഭാജി)യും മൃദുവായ റൊട്ടിയും ചേര്‍ന്ന മഹാരാഷ്ട്രയിലെ ഒരു ഫാസ്റ്റ് ഫുഡ് വിഭവമാണിത്.,കൊണ്ടുള്ള,PSP,പാവ് ഭാജി : വെണ്ണയില്‍ തയ്യാറാക്കിയ പച്ചക്കറി <FF>കൊണ്ടുള്ള<FF> ഒരു കൊഴുത്ത കറി(ഭാജി)യും മൃദുവായ റൊട്ടിയും ചേര്‍ന്ന മഹാരാഷ്ട്രയിലെ ഒരു ഫാസ്റ്റ് ഫുഡ് വിഭവമാണിത്.,PE,,PE_ROUTED,പാവ് ഭാജി : വെണ്ണയില്‍ തയ്യാറാക്കിയ പച്ചക്കറി <PE>കൊണ്ടുള്ള</PE> ഒരു കൊഴുത്ത കറി(ഭാജി)യും മൃദുവായ റൊട്ടിയും ചേര്‍ന്ന മഹാരാഷ്ട്രയിലെ ഒരു ഫാസ്റ്റ് ഫുഡ് വിഭവമാണിത്.
17,,ബൗദ്ധ ചുവര്‍ച്ചിത്രങ്ങളുള്ള ബാഘ് ഗുഹകള്‍ മധ്യപ്രദേശിലെ ധാര്‍ ജില്ലയില്‍നിന്ന് 97 കിലോമീറ്റര്‍ അകലെയാണ് സ്ഥിതിചെയ്യുന്നത്.,ബൗദ്ധ,JJ,<FF>ബൗദ്ധ<FF> ചുവര്‍ച്ചിത്രങ്ങളുള്ള ബാഘ് ഗുഹകള്‍ മധ്യപ്രദേശിലെ ധാര്‍ ജില്ലയില്‍നിന്ന് 97 കിലോമീറ്റര്‍ അകലെയാണ് സ്ഥിതിചെയ്യുന്നത്.,PE,,PE_ROUTED,<PE>ബൗദ്ധ</PE> ചുവര്‍ച്ചിത്രങ്ങളുള്ള ബാഘ് ഗുഹകള്‍ മധ്യപ്രദേശിലെ ധാര്‍ ജില്ലയില്‍നിന്ന് 97 കിലോമീറ്റര്‍ അകലെയാണ് സ്ഥിതിചെയ്യുന്നത്.
18,,വിവിധ മേഖലകളിലെ സാങ്കേതികജ്ഞാനത്തിനു പേരുകേട്ടതാണ് സിന്ധുനദീതടസംസ്കാരം.,സിന്ധുനദീതടസംസ്കാരം,N_NN,വിവിധ മേഖലകളിലെ സാങ്കേതികജ്ഞാനത്തിനു പേരുകേട്ടതാണ് <FF>സിന്ധുനദീതടസംസ്കാരം<FF>.,CLEFT,,UNRESOLVED,
19,,കൗരവരെല്ലാം മരിക്കുന്നു ; അഞ്ചു പാണ്ഡവസഹോദരന്മാരും കൃഷ്ണനും മാത്രം അതിജീവിക്കുന്നു.,പാണ്ഡവസഹോദരന്മാരും,N_NN,കൗരവരെല്ലാം മരിക്കുന്നു ; അഞ്ചു <FF>പാണ്ഡവസഹോദരന്മാരും<FF> കൃഷ്ണനും മാത്രം അതിജീവിക്കുന്നു.,CLEFT,,UNRESOLVED,
20,,ഘോരമായ യുദ്ധം പതിനെട്ടുനാള്‍ നീണ്ടുനില്‍ക്കുകയും കൗരവരുടെ പരാജയത്തില്‍ അവസാനിക്കുകയും ചെയ്യുന്നു.,യുദ്ധം,N_NN,ഘോരമായ <FF>യുദ്ധം<FF> പതിനെട്ടുനാള്‍ നീണ്ടുനില്‍ക്കുകയും കൗരവരുടെ പരാജയത്തില്‍ അവസാനിക്കുകയും ചെയ്യുന്നു.,CLEFT,SUBJECT,VALID,ഘോരമായ യുദ്ധമാണ് പതിനെട്ടുനാള്‍ നീണ്ടുനില്‍ക്കുകയും കൗരവരുടെ പരാജയത്തില്‍ അവസാനിക്കുകയും ചെയ്യുന്നത്.
21,,"ഭരതര്‍ എന്ന് പൊതുവെ വിളിക്കപ്പെട്ടിരുന്ന ഒരു ഗോത്രത്തിന്‍റെ പൈതൃകഭൂമിയായ, ആധുനികഡല്‍ഹിയുടെ തൊട്ടുവടക്കുള്ള രാജ്യമായ ഹസ്തിനപുരത്തിലെ സിംഹാസനാവകാശത്തെച്ചൊല്ലിയുള്ള സംഘര്‍ഷങ്ങളാണ് മഹാഭാരതത്തിന്‍റെ കേന്ദ്രാഖ്യാനം.",ഒരു,QT_QTO,"ഭരതര്‍ എന്ന് പൊതുവെ വിളിക്കപ്പെട്ടിരുന്ന <FF>ഒരു<FF> ഗോത്രത്തിന്‍റെ പൈതൃകഭൂമിയായ, ആധുനികഡല്‍ഹിയുടെ തൊട്ടുവടക്കുള്ള രാജ്യമായ ഹസ്തിനപുരത്തിലെ സിംഹാസനാവകാശത്തെച്ചൊല്ലിയുള്ള സംഘര്‍ഷങ്ങളാണ് മഹാഭാരതത്തിന്‍റെ കേന്ദ്രാഖ്യാനം.",PE,,PE_ROUTED,"ഭരതര്‍ എന്ന് പൊതുവെ വിളിക്കപ്പെട്ടിരുന്ന <PE>ഒരു</PE> ഗോത്രത്തിന്‍റെ പൈതൃകഭൂമിയായ, ആധുനികഡല്‍ഹിയുടെ തൊട്ടുവടക്കുള്ള രാജ്യമായ ഹസ്തിനപുരത്തിലെ സിംഹാസനാവകാശത്തെച്ചൊല്ലിയുള്ള സംഘര്‍ഷങ്ങളാണ് മഹാഭാരതത്തിന്‍റെ കേന്ദ്രാഖ്യാനം."
22,,കര്‍ണാടകത്തില്‍ സസ്യാഹാരികളുടെ എണ്ണം മാംസാഹാരികളുടെ എണ്ണത്തെക്കാള്‍ കൂടുതലാണ് ; അതിനാൽ അവരുടെ പാചകക്രമത്തില്‍ പ്രധാനമായും ഉള്ളത് സസ്യവിഭവങ്ങളാണ്.,അതിനാൽ,CC_CCD,കര്‍ണാടകത്തില്‍ സസ്യാഹാരികളുടെ എണ്ണം മാംസാഹാരികളുടെ എണ്ണത്തെക്കാള്‍ കൂടുതലാണ് ; <FF>അതിനാൽ<FF> അവരുടെ പാചകക്രമത്തില്‍ പ്രധാനമായും ഉള്ളത് സസ്യവിഭവങ്ങളാണ്.,PE,,PE_ROUTED,കര്‍ണാടകത്തില്‍ സസ്യാഹാരികളുടെ എണ്ണം മാംസാഹാരികളുടെ എണ്ണത്തെക്കാള്‍ കൂടുതലാണ് ; <PE>അതിനാൽ</PE> അവരുടെ പാചകക്രമത്തില്‍ പ്രധാനമായും ഉള്ളത് സസ്യവിഭവങ്ങളാണ്.
23,,സഞ്ജയന്‍ അദ്ദേഹത്തിനു മറുപടി നൽകുകയും യുദ്ധക്കളത്തില്‍ എന്താണ് സംഭവിക്കുന്നതെന്ന് വിവരിക്കുകയും ചെയ്യുന്നു.,എന്താണ്,DM_DMQ,സഞ്ജയന്‍ അദ്ദേഹത്തിനു മറുപടി നൽകുകയും യുദ്ധക്കളത്തില്‍ <FF>എന്താണ്<FF> സംഭവിക്കുന്നതെന്ന് വിവരിക്കുകയും ചെയ്യുന്നു.,CLEFT,SUBJECT,NOT_SUPPORTED,
24,,തമിഴിൽ കണ്ടെത്തിയിട്ടുള്ള രണ്ട് മഹാകാവ്യങ്ങള്‍ ചിലപ്പതികാരവും മണിമേഖലയുമാണ്‌.,ചിലപ്പതികാരവും,N_NN,തമിഴിൽ കണ്ടെത്തിയിട്ടുള്ള രണ്ട് മഹാകാവ്യങ്ങള്‍ <FF>ചിലപ്പതികാരവും<FF> മണിമേഖലയുമാണ്‌.,CLEFT,DIRECT_OBJECT,VALID,തമിഴിൽ കണ്ടെത്തിയിട്ടുള്ള രണ്ട് മഹാകാവ്യങ്ങള്‍ ചിലപ്പതികാരവുമാണ് മണിമേഖലയും‌.
25,,ഈ പ്രദേശത്ത് മുളകുപൊടി സൂക്ഷിച്ചാണ് ഉപയോഗിക്കുന്നത്.,പ്രദേശത്ത്,N_NN,ഈ <FF>പ്രദേശത്ത്<FF> മുളകുപൊടി സൂക്ഷിച്ചാണ് ഉപയോഗിക്കുന്നത്.,CLEFT,LOCATION,VALID,ഈ പ്രദേശത്താണ് മുളകുപൊടി സൂക്ഷിച്ച് ഉപയോഗിക്കുന്നത്.
26,,"കൂട്ടിച്ചേര്‍ക്കുക, ഇണക്കുക, അല്ലെങ്കില്‍ ഒരുമിപ്പിക്കുക എന്നര്‍ത്ഥമുള്ള യുജ് എന്ന സംസ്കൃതധാതുവില്‍ നിന്ന് വ്യുല്‍പാദിപ്പിച്ചതാണ് യോഗശബ്ദം.",എന്ന,CC_CCS,"കൂട്ടിച്ചേര്‍ക്കുക, ഇണക്കുക, അല്ലെങ്കില്‍ ഒരുമിപ്പിക്കുക എന്നര്‍ത്ഥമുള്ള യുജ് <FF>എന്ന<FF> സംസ്കൃതധാതുവില്‍ നിന്ന് വ്യുല്‍പാദിപ്പിച്ചതാണ് യോഗശബ്ദം.",PE,,PE_ROUTED,"കൂട്ടിച്ചേര്‍ക്കുക, ഇണക്കുക, അല്ലെങ്കില്‍ ഒരുമിപ്പിക്കുക എന്നര്‍ത്ഥമുള്ള യുജ് <PE>എന്ന</PE> സംസ്കൃതധാതുവില്‍ നിന്ന് വ്യുല്‍പാദിപ്പിച്ചതാണ് യോഗശബ്ദം."
27,,ഒറീസയിലെ ക്ഷേത്രച്ചുവരുകളില്‍ കൊത്തിവച്ചിട്ടുള്ള എണ്ണമറ്റ ശില്‍പ്പങ്ങളിലെ വിവിധ അലങ്കാരമുദ്രകളില്‍നിന്നാണ് ഇന്നത്തെ ഒഡീസി രൂപം കൊണ്ടത്.,ഒഡീസി,N_NNP,ഒറീസയിലെ ക്ഷേത്രച്ചുവരുകളില്‍ കൊത്തിവച്ചിട്ടുള്ള എണ്ണമറ്റ ശില്‍പ്പങ്ങളിലെ വിവിധ അലങ്കാരമുദ്രകളില്‍നിന്നാണ് ഇന്നത്തെ <FF>ഒഡീസി<FF> രൂപം കൊണ്ടത്.,CLEFT,DIRECT_OBJECT,VALID,ഒറീസയിലെ ക്ഷേത്രച്ചുവരുകളില്‍ കൊത്തിവച്ചിട്ടുള്ള എണ്ണമറ്റ ശില്‍പ്പങ്ങളിലെ വിവിധ അലങ്കാരമുദ്രകളില്‍നിന്ന് ഇന്നത്തെ ഒഡീസിയാണ് രൂപം കൊണ്ടത്.
28,,"അപ്പോൾ വസിഷ്ഠൻ രാജാവിനുനേരെ തിരിഞ് സൗമ്യമായി പറഞ്ഞു: ""ഒരിക്കൽ ചെയ്ത വാഗ്ദാനം നിരസിക്കുകയെന്നത് അങ്ങേയ്ക്ക് ചേർന്നതല്ല രാജാവേ""",അപ്പോൾ,DM_DMD,"<FF>അപ്പോൾ<FF> വസിഷ്ഠൻ രാജാവിനുനേരെ തിരിഞ് സൗമ്യമായി പറഞ്ഞു: ""ഒരിക്കൽ ചെയ്ത വാഗ്ദാനം നിരസിക്കുകയെന്നത് അങ്ങേയ്ക്ക് ചേർന്നതല്ല രാജാവേ""",CLEFT,TIME,VALID,"അപ്പോളാണ് വസിഷ്ഠൻ രാജാവിനുനേരെ തിരിഞ് സൗമ്യമായി പറഞ്ഞത്: ""ഒരിക്കൽ ചെയ്ത വാഗ്ദാനം നിരസിക്കുകയെന്നത് അങ്ങേയ്ക്ക് ചേർന്നതല്ല രാജാവേ"""
29,,അർജുനൻ്റെ വിഷാദത്തിൻ്റെ ആഴം തിരിച്ചറിയുമ്പോൾ മാത്രമാണ് കൃഷ്ണൻ തൻ്റെ മനോഭാവം മാറ്റുന്നതും ഈ ലോകത്തെ ധാർമ്മികപ്രവർത്തനങ്ങളുടെ രഹസ്യങ്ങൾ പഠിപ്പിക്കാൻ തുടങ്ങുന്നതും.,വിഷാദത്തിൻ്റെ,N_NN,അർജുനൻ്റെ <FF>വിഷാദത്തിൻ്റെ<FF> ആഴം തിരിച്ചറിയുമ്പോൾ മാത്രമാണ് കൃഷ്ണൻ തൻ്റെ മനോഭാവം മാറ്റുന്നതും ഈ ലോകത്തെ ധാർമ്മികപ്രവർത്തനങ്ങളുടെ രഹസ്യങ്ങൾ പഠിപ്പിക്കാൻ തുടങ്ങുന്നതും.,CLEFT,,UNRESOLVED,
30,,പാത്രത്തില്‍ നിങ്ങള്‍ അരിപ്പൊടി ഇടുന്നതിനിടയിൽ അല്‍പാല്‍പം ചിരകിയ തേങ്ങയും ചേര്‍ക്കാവുന്നതാണ്.,തേങ്ങയും,N_NN,പാത്രത്തില്‍ നിങ്ങള്‍ അരിപ്പൊടി ഇടുന്നതിനിടയിൽ അല്‍പാല്‍പം ചിരകിയ <FF>തേങ്ങയും<FF> ചേര്‍ക്കാവുന്നതാണ്.,CLEFT,DIRECT_OBJECT,VALID,പാത്രത്തില്‍ നിങ്ങള്‍ അരിപ്പൊടി ഇടുന്നതിനിടയിൽ അല്‍പാല്‍പം ചിരകിയ തേങ്ങയുമാണ് ചേര്‍ക്കാവുന്നത്.
31,,വൃത്താകൃതിയിലുള്ള കുഴലിൽ ഒരു സ്പൂണ്‍ ചിരകിയ തേങ്ങ ചേര്‍ത്തതിനുശേഷം പുറകേ നന്നായി കലര്‍ത്തിയ അരിപ്പൊടി ഇട്ടുകൊണ്ട് തുടങ്ങാം.,ഒരു,QT_QTO,വൃത്താകൃതിയിലുള്ള കുഴലിൽ <FF>ഒരു<FF> സ്പൂണ്‍ ചിരകിയ തേങ്ങ ചേര്‍ത്തതിനുശേഷം പുറകേ നന്നായി കലര്‍ത്തിയ അരിപ്പൊടി ഇട്ടുകൊണ്ട് തുടങ്ങാം.,PE,,PE_ROUTED,വൃത്താകൃതിയിലുള്ള കുഴലിൽ <PE>ഒരു</PE> സ്പൂണ്‍ ചിരകിയ തേങ്ങ ചേര്‍ത്തതിനുശേഷം പുറകേ നന്നായി കലര്‍ത്തിയ അരിപ്പൊടി ഇട്ടുകൊണ്ട് തുടങ്ങാം.
32,,നാന്ദേഡിൽ ഏതാണ്ട് 1835ല്‍ സങ്കീർണ്ണമായ കൊത്തുപണികളുള്ള ഗംഭീരസ്വര്‍ണമകുടത്തോടുകൂടിയ മനോഹരവും അതിവിസ്മയകരവുമായ ഒരു ഗുരുദ്വാരയുടെ നിർമ്മാണത്തിന് മഹാരാജാ രഞ്ജിത്ത് സിങ്ങിൻ്റെ സംഭാവന ഉപകരിച്ചു.,അതിവിസ്മയകരവുമായ,JJ,നാന്ദേഡിൽ ഏതാണ്ട് 1835ല്‍ സങ്കീർണ്ണമായ കൊത്തുപണികളുള്ള ഗംഭീരസ്വര്‍ണമകുടത്തോടുകൂടിയ മനോഹരവും <FF>അതിവിസ്മയകരവുമായ<FF> ഒരു ഗുരുദ്വാരയുടെ നിർമ്മാണത്തിന് മഹാരാജാ രഞ്ജിത്ത് സിങ്ങിൻ്റെ സംഭാവന ഉപകരിച്ചു.,PE,,PE_ROUTED,നാന്ദേഡിൽ ഏതാണ്ട് 1835ല്‍ സങ്കീർണ്ണമായ കൊത്തുപണികളുള്ള ഗംഭീരസ്വര്‍ണമകുടത്തോടുകൂടിയ മനോഹരവും <PE>അതിവിസ്മയകരവുമായ</PE> ഒരു ഗുരുദ്വാരയുടെ നിർമ്മാണത്തിന് മഹാരാജാ രഞ്ജിത്ത് സിങ്ങിൻ്റെ സംഭാവന ഉപകരിച്ചു.
33,,"നിര്‍ദ്ദിഷ്ടഛന്ദസ്സുകളില്‍, അതായത് താളബദ്ധമായ വൃത്തങ്ങളനുസരിച്ച് സ്വരപ്പെടുത്തിയ ഈ തിരഞ്ഞെടുത്ത രുചകളുടെ സമാഹാരമാണ് സാമവേദം.",രുചകളുടെ,N_NN,"നിര്‍ദ്ദിഷ്ടഛന്ദസ്സുകളില്‍, അതായത് താളബദ്ധമായ വൃത്തങ്ങളനുസരിച്ച് സ്വരപ്പെടുത്തിയ ഈ തിരഞ്ഞെടുത്ത <FF>രുചകളുടെ<FF> സമാഹാരമാണ് സാമവേദം.",CLEFT,,UNRESOLVED,
34,,കോസലത്തിന്‍റെ തലസ്ഥാനത്തെക്കുറിച്ചുള്ള വാല്മീകിയുടെ വിവരണത്തിൽനിന്ന് പുരാതന അയോദ്ധ്യ നമ്മുടെ ആധുനിക നഗരങ്ങളെക്കാൾ പുറകിലല്ലെന്ന് വ്യക്തമാകുന്നു.,വാല്മീകിയുടെ,N_NN,കോസലത്തിന്‍റെ തലസ്ഥാനത്തെക്കുറിച്ചുള്ള <FF>വാല്മീകിയുടെ<FF> വിവരണത്തിൽനിന്ന് പുരാതന അയോദ്ധ്യ നമ്മുടെ ആധുനിക നഗരങ്ങളെക്കാൾ പുറകിലല്ലെന്ന് വ്യക്തമാകുന്നു.,CLEFT,,UNRESOLVED,
35,,ഞാൻ ചെയ്തുകൊള്ളാം' എന്ന് ഒരിക്കൽ പറഞ്ഞുകഴിഞ്ഞാൽ പിന്നെ നിങ്ങൾക്കത് ചെയ്യുകയല്ലാതെ പോംവഴിയില്ല.,നിങ്ങൾക്കത്,N_NN,ഞാൻ ചെയ്തുകൊള്ളാം' എന്ന് ഒരിക്കൽ പറഞ്ഞുകഴിഞ്ഞാൽ പിന്നെ <FF>നിങ്ങൾക്കത്<FF> ചെയ്യുകയല്ലാതെ പോംവഴിയില്ല.,CLEFT,,UNRESOLVED,
36,,ഈയടുത്ത ദിവസങ്ങളിലായി രൂപയുടെ വിനിമയ നിരക്കിലും നമ്മുടെ വിദേശ വിനിമയ കരുതൽ ധനത്തിൻ്റെ പര്യാപ്തതയിലും വ്യത്യസ്തങ്ങളായ അഭിപ്രായങ്ങളുണ്ടായിട്ടുണ്ട്.,വ്യത്യസ്തങ്ങളായ,JJ,ഈയടുത്ത ദിവസങ്ങളിലായി രൂപയുടെ വിനിമയ നിരക്കിലും നമ്മുടെ വിദേശ വിനിമയ കരുതൽ ധനത്തിൻ്റെ പര്യാപ്തതയിലും <FF>വ്യത്യസ്തങ്ങളായ<FF> അഭിപ്രായങ്ങളുണ്ടായിട്ടുണ്ട്.,PE,,PE_ROUTED,ഈയടുത്ത ദിവസങ്ങളിലായി രൂപയുടെ വിനിമയ നിരക്കിലും നമ്മുടെ വിദേശ വിനിമയ കരുതൽ ധനത്തിൻ്റെ പര്യാപ്തതയിലും <PE>വ്യത്യസ്തങ്ങളായ</PE> അഭിപ്രായങ്ങളുണ്ടായിട്ടുണ്ട്.
37,,സാമ്പത്തികസ്ഥിതി മെച്ചപ്പെടുത്താനായി രാജ്യങ്ങൾ പ്രവാസികളുടെ നേരിട്ടുള്ള നിക്ഷേപം പ്രോത്സാഹിപ്പിച്ചേക്കാം.,സാമ്പത്തികസ്ഥിതി,N_NN,<FF>സാമ്പത്തികസ്ഥിതി<FF> മെച്ചപ്പെടുത്താനായി രാജ്യങ്ങൾ പ്രവാസികളുടെ നേരിട്ടുള്ള നിക്ഷേപം പ്രോത്സാഹിപ്പിച്ചേക്കാം.,CLEFT,SUBJECT,NOT_SUPPORTED,
38,,"സ്വകാര്യമൂലധനം കുമിഞ്ഞുകൂടുന്നതിന്‍റെ ബലതന്ത്രം അനിവാര്യമായും സമ്പത്ത് അല്‍പം ചില കൈകളില്‍ കേന്ദ്രീകരിക്കാന്‍ ഇടയാക്കുമോ അതോ വളര്‍ച്ച, മത്സരം, സാങ്കേതികവിദ്യാമുന്നേറ്റം എന്നീ സമീകരിക്കുന്ന ശക്തികള്‍ അസമത്വം കുറയ്ക്കുമോ?",സാങ്കേതികവിദ്യാമുന്നേറ്റം,N_NN,"സ്വകാര്യമൂലധനം കുമിഞ്ഞുകൂടുന്നതിന്‍റെ ബലതന്ത്രം അനിവാര്യമായും സമ്പത്ത് അല്‍പം ചില കൈകളില്‍ കേന്ദ്രീകരിക്കാന്‍ ഇടയാക്കുമോ അതോ വളര്‍ച്ച, മത്സരം, <FF>സാങ്കേതികവിദ്യാമുന്നേറ്റം<FF> എന്നീ സമീകരിക്കുന്ന ശക്തികള്‍ അസമത്വം കുറയ്ക്കുമോ?",CLEFT,DIRECT_OBJECT,NOT_SUPPORTED,
39,,വിലയിലുള്ള അമിതമായ ഉയർച്ചതാഴ്ചകളെ പിടിച്ചുനിർത്താനും പ്രതീക്ഷകളെ പരിമിതപ്പെടുത്താനും അത് വിപണിയിൽ ഇടപെടുന്നു.,ഉയർച്ചതാഴ്ചകളെ,N_NN,വിലയിലുള്ള അമിതമായ <FF>ഉയർച്ചതാഴ്ചകളെ<FF> പിടിച്ചുനിർത്താനും പ്രതീക്ഷകളെ പരിമിതപ്പെടുത്താനും അത് വിപണിയിൽ ഇടപെടുന്നു.,CLEFT,,UNRESOLVED,
40,,സാമ്പത്തിക പ്രവർത്തനം പ്രതിരോധശക്തിയോടെ തന്നെ തുടരുന്നു എന്നാണ് രണ്ടാം മാസത്രയത്തിൻ്റെ ഉയർന്ന ഫ്രീക്വൻസി ഡാറ്റ സൂചിപ്പിക്കുന്നത്.,ഡാറ്റ,N_NN,സാമ്പത്തിക പ്രവർത്തനം പ്രതിരോധശക്തിയോടെ തന്നെ തുടരുന്നു എന്നാണ് രണ്ടാം മാസത്രയത്തിൻ്റെ ഉയർന്ന ഫ്രീക്വൻസി <FF>ഡാറ്റ<FF> സൂചിപ്പിക്കുന്നത്.,CLEFT,DIRECT_OBJECT,VALID,സാമ്പത്തിക പ്രവർത്തനം പ്രതിരോധശക്തിയോടെ തന്നെ തുടരുന്നത് എന്നാണ് രണ്ടാം മാസത്രയത്തിൻ്റെ ഉയർന്ന ഫ്രീക്വൻസി ഡാറ്റയാണ് സൂചിപ്പിക്കുന്നത്.
41,,"സ്ഥൂലസാമ്പത്തികശാസ്ത്രത്തിൽ വിഷയം സാമ്പത്തികവിദഗ്‌ദ്ധർ അഗ്രിഗേറ്റ് വേരിയബിളുകൾ എന്ന് വിളിക്കുന്ന, സാധാരണ ഒരു രാഷ്ട്രവും എല്ലാ വിപണികളും എങ്ങനെ പ്രതിപ്രവർത്തിക്കുകയും വലിയ പ്രതിഭാസമുണ്ടാക്കുകയും ചെയ്യുന്നു എന്നതാണ്.",പ്രതിഭാസമുണ്ടാക്കുകയും,N_NN,"സ്ഥൂലസാമ്പത്തികശാസ്ത്രത്തിൽ വിഷയം സാമ്പത്തികവിദഗ്‌ദ്ധർ അഗ്രിഗേറ്റ് വേരിയബിളുകൾ എന്ന് വിളിക്കുന്ന, സാധാരണ ഒരു രാഷ്ട്രവും എല്ലാ വിപണികളും എങ്ങനെ പ്രതിപ്രവർത്തിക്കുകയും വലിയ <FF>പ്രതിഭാസമുണ്ടാക്കുകയും<FF> ചെയ്യുന്നു എന്നതാണ്.",CLEFT,DIRECT_OBJECT,VALID,"സ്ഥൂലസാമ്പത്തികശാസ്ത്രത്തിൽ വിഷയം സാമ്പത്തികവിദഗ്‌ദ്ധർ അഗ്രിഗേറ്റ് വേരിയബിളുകൾ എന്ന് വിളിക്കുന്ന, സാധാരണ ഒരു രാഷ്ട്രവും എല്ലാ വിപണികളും എങ്ങനെ പ്രതിപ്രവർത്തിക്കുകയും വലിയ പ്രതിഭാസമുണ്ടാക്കുകയുമാണ് ചെയ്യുന്നത് എന്നതാണ്."
42,,കുറഞ്ഞ സമയത്തിനുള്ളിൽ സാമ്പത്തിക ആസ്തികൾ എത്രത്തോളം വിപണനമൂല്യത്തിനടുത്തായി വിൽക്കാം എന്നതിനെയാണ് ലിക്വിഡിറ്റി സൂചിപ്പിക്കുന്നത്.,സമയത്തിനുള്ളിൽ,N_NN,കുറഞ്ഞ <FF>സമയത്തിനുള്ളിൽ<FF> സാമ്പത്തിക ആസ്തികൾ എത്രത്തോളം വിപണനമൂല്യത്തിനടുത്തായി വിൽക്കാം എന്നതിനെയാണ് ലിക്വിഡിറ്റി സൂചിപ്പിക്കുന്നത്.,CLEFT,DATIVE_OBJECT,NEEDS_VERIFICATION,
43,,"വിശാലാർത്ഥത്തിൽ, വരുമാന നിർണ്ണയനയം വസ്തുനിഷ്ഠവും ആത്മനിഷ്ഠമായ പരിഗണനകൾക്കുപകരം വീണ്ടെടുപ്പുരേഖകളെ അടിസ്ഥാനപ്പെടുത്തുന്നതുമായിരിക്കണം.",വിശാലാർത്ഥത്തിൽ,N_NN,"<FF>വിശാലാർത്ഥത്തിൽ<FF>, വരുമാന നിർണ്ണയനയം വസ്തുനിഷ്ഠവും ആത്മനിഷ്ഠമായ പരിഗണനകൾക്കുപകരം വീണ്ടെടുപ്പുരേഖകളെ അടിസ്ഥാനപ്പെടുത്തുന്നതുമായിരിക്കണം.",CLEFT,,UNRESOLVED,
44,,അതുമൂലം അത്തരം പലിശത്തുകകളിൽ കുടിശ്ശിക വരാതിരിക്കുകയും അതിനാൽ പലിശ ഈടാക്കുന്ന ദിവസത്തെ അപേക്ഷിച്ച് എൻ. പി. എ ആവാതിരിക്കുകയും ചെയ്യുന്നു.,കുടിശ്ശിക,JJ,അതുമൂലം അത്തരം പലിശത്തുകകളിൽ <FF>കുടിശ്ശിക<FF> വരാതിരിക്കുകയും അതിനാൽ പലിശ ഈടാക്കുന്ന ദിവസത്തെ അപേക്ഷിച്ച് എൻ. പി. എ ആവാതിരിക്കുകയും ചെയ്യുന്നു.,PE,,PE_ROUTED,അതുമൂലം അത്തരം പലിശത്തുകകളിൽ <PE>കുടിശ്ശിക</PE> വരാതിരിക്കുകയും അതിനാൽ പലിശ ഈടാക്കുന്ന ദിവസത്തെ അപേക്ഷിച്ച് എൻ. പി. എ ആവാതിരിക്കുകയും ചെയ്യുന്നു.
45,,വ്യവസായ (രാസവളം) ശാലകളും വിദ്യുച്ഛക്തി നിലയങ്ങളും പ്രവർത്തിപ്പിക്കാൻ ഉപയോഗിക്കപ്പെടുന്നതിനാൽ ദ്രവീകൃത പ്രകൃതി വാതകം (എൽ. എൻ. ജി) ഊർജ്ജമേഖലയിൽ വലിയ പ്രാധാന്യം കൈവരിച്ചുകൊണ്ടിരിക്കുകയാണ്.,ശാലകളും,N_NN,വ്യവസായ (രാസവളം) <FF>ശാലകളും<FF> വിദ്യുച്ഛക്തി നിലയങ്ങളും പ്രവർത്തിപ്പിക്കാൻ ഉപയോഗിക്കപ്പെടുന്നതിനാൽ ദ്രവീകൃത പ്രകൃതി വാതകം (എൽ. എൻ. ജി) ഊർജ്ജമേഖലയിൽ വലിയ പ്രാധാന്യം കൈവരിച്ചുകൊണ്ടിരിക്കുകയാണ്.,CLEFT,DIRECT_OBJECT,VALID,വ്യവസായ (രാസവളം) ശാലകളുമാണ് വിദ്യുച്ഛക്തി നിലയങ്ങളും പ്രവർത്തിപ്പിക്കാൻ ഉപയോഗിക്കപ്പെടുന്നതിനാൽ ദ്രവീകൃത പ്രകൃതി വാതകം (എൽ. എൻ. ജി) ഊർജ്ജമേഖലയിൽ വലിയ പ്രാധാന്യം കൈവരിച്ചുകൊണ്ടിരിക്കുക.
46,,"എന്നാൽ, വിപണനകേന്ദ്രങ്ങൾ വില്പന വർദ്ധിപ്പിക്കാൻ നിങ്ങളെ അനുവദിക്കുമെങ്കിലും ഒരു സുസ്ഥിരമായ ബിസിനസ്സ് വളർത്താനും വിപണനത്തിനുതകുന്ന നിങ്ങളുടേതായ ഒരു സ്വന്തം ബ്രാൻഡ് സൃഷ്ടിക്കാനും അവ നിങ്ങളെ പ്രാപ്തരാക്കുകയില്ല.",നിങ്ങളെ,PR_PRP,"എന്നാൽ, വിപണനകേന്ദ്രങ്ങൾ വില്പന വർദ്ധിപ്പിക്കാൻ <FF>നിങ്ങളെ<FF> അനുവദിക്കുമെങ്കിലും ഒരു സുസ്ഥിരമായ ബിസിനസ്സ് വളർത്താനും വിപണനത്തിനുതകുന്ന നിങ്ങളുടേതായ ഒരു സ്വന്തം ബ്രാൻഡ് സൃഷ്ടിക്കാനും അവ നിങ്ങളെ പ്രാപ്തരാക്കുകയില്ല.",CLEFT,DIRECT_OBJECT,UNRESOLVED,
47,,"എന്നാൽ, ഓൺലൈൻ ഇടപാടുകളോ ഇ-കൊമേഴ്‌സ് ഇടപാടുകളോ നടത്തിക്കൊടുക്കുന്ന പേയ്മെൻ്റ് അഗ്രഗേറ്ററുകൾക്ക് നിലവിലെ നിബന്ധനകൾ ബാധകമാണ്.",നിലവിലെ,N_NN,"എന്നാൽ, ഓൺലൈൻ ഇടപാടുകളോ ഇ-കൊമേഴ്‌സ് ഇടപാടുകളോ നടത്തിക്കൊടുക്കുന്ന പേയ്മെൻ്റ് അഗ്രഗേറ്ററുകൾക്ക് <FF>നിലവിലെ<FF> നിബന്ധനകൾ ബാധകമാണ്.",CLEFT,LOCATION,VALID,"എന്നാൽ, ഓൺലൈൻ ഇടപാടുകളോ ഇ-കൊമേഴ്‌സ് ഇടപാടുകളോ നടത്തിക്കൊടുക്കുന്ന പേയ്മെൻ്റ് അഗ്രഗേറ്ററുകൾക്ക് നിലവിലെയാണ് നിബന്ധനകൾ ബാധകം."
48,,"ഒരു വർഷം മുമ്പത്തെ 6.7 ശതമാനത്തിനെതിരെ, വർഷങ്ങൾ തമ്മിൽ താരതമ്യം ചെയ്യുമ്പോൾ, 2022 സെപ്തംബർ 9 തിലെ കണക്കനുസരിച്ച് 16.2 ശതമാനത്തിലേക്ക് അധികവേഗതയിൽ ബാങ്ക് ക്രെഡിറ്റ് വളർന്നു.",തമ്മിൽ,PR_PRC,"ഒരു വർഷം മുമ്പത്തെ 6.7 ശതമാനത്തിനെതിരെ, വർഷങ്ങൾ <FF>തമ്മിൽ<FF> താരതമ്യം ചെയ്യുമ്പോൾ, 2022 സെപ്തംബർ 9 തിലെ കണക്കനുസരിച്ച് 16.2 ശതമാനത്തിലേക്ക് അധികവേഗതയിൽ ബാങ്ക് ക്രെഡിറ്റ് വളർന്നു.",CLEFT,VP_ACTION,LATER_PHASE,
49,,"വിളവെടുപ്പിനുമുമ്പും വിളവെടുപ്പിനുശേഷവുമുള്ള പ്രവർത്തനങ്ങൾക്കുള്ള വായ്പകൾ സ്വന്തം കാർഷികവിളകളുടെ തളിക്കൽ, കളപറിക്കൽ, വിളവെടുപ്പ്, തരംതിരിക്കൽ, ഗ്രേഡ് ചെയ്യൽ, കടത്തിക്കൊണ്ടുപോകൽ എന്നിവയ്ക്കുള്ളതാണ്.",വിളവെടുപ്പിനുമുമ്പും,N_NN,"<FF>വിളവെടുപ്പിനുമുമ്പും<FF> വിളവെടുപ്പിനുശേഷവുമുള്ള പ്രവർത്തനങ്ങൾക്കുള്ള വായ്പകൾ സ്വന്തം കാർഷികവിളകളുടെ തളിക്കൽ, കളപറിക്കൽ, വിളവെടുപ്പ്, തരംതിരിക്കൽ, ഗ്രേഡ് ചെയ്യൽ, കടത്തിക്കൊണ്ടുപോകൽ എന്നിവയ്ക്കുള്ളതാണ്.",CLEFT,DATIVE_OBJECT,VALID,"വിളവെടുപ്പിനുമുമ്പുമാണ് വിളവെടുപ്പിനുശേഷവുമുള്ള പ്രവർത്തനങ്ങൾക്കുള്ള വായ്പകൾ സ്വന്തം കാർഷികവിളകളുടെ തളിക്കൽ, കളപറിക്കൽ, വിളവെടുപ്പ്, തരംതിരിക്കൽ, ഗ്രേഡ് ചെയ്യൽ, കടത്തിക്കൊണ്ടുപോകൽ എന്നിവയ്ക്കുള്ളത്."
50,,"കൃഷിക്കും അനുബന്ധപ്രവര്‍ത്തനങ്ങള്‍ക്കുമുള്ള മദ്ധ്യകാല, ദീര്‍ഘകാല, വായ്പകള്‍ കാർഷികയന്ത്രങ്ങൾ വാങ്ങുന്നതിനും ജലസേചനത്തിനും കൃഷിഭൂമിയില്‍ ഏറ്റെടുക്കേണ്ട വികസനപ്രവര്‍ത്തനങ്ങള്‍ക്കും പ്രയോജനപ്പെടുന്നു.",മദ്ധ്യകാല,N_NN,"കൃഷിക്കും അനുബന്ധപ്രവര്‍ത്തനങ്ങള്‍ക്കുമുള്ള <FF>മദ്ധ്യകാല<FF>, ദീര്‍ഘകാല, വായ്പകള്‍ കാർഷികയന്ത്രങ്ങൾ വാങ്ങുന്നതിനും ജലസേചനത്തിനും കൃഷിഭൂമിയില്‍ ഏറ്റെടുക്കേണ്ട വികസനപ്രവര്‍ത്തനങ്ങള്‍ക്കും പ്രയോജനപ്പെടുന്നു.",CLEFT,,UNRESOLVED,
