id,sentence,gold_label,form,constituent,gold_pos,case_role,meaning,tokens,bert_pos_tagged,mlmorph_breakdown,mlmorph_detected_attached_aanu,mlmorph_detected_detached_aanu
1,അവൻ എൻ്റെ കൂട്ടുകാരൻ ആണ്.,COPULA,DETACHED,കൂട്ടുകാരൻ,NOUN,NOMINATIVE_PREDICATE,He is my friend.,അവൻ എൻ്റെ കൂട്ടുകാരൻ ആണ് .,അവൻ/PR_PRP എൻ്റെ/N_NN കൂട്ടുകാരൻ/N_NN ആണ്/V_VAUX ./RD_PUNC,"അവൻ: [അവൻ<prn>,അ<dem>അവൻ<prn>] | എൻ്റെ: [എൻ<n><genitive>,ഞാൻ<prn><genitive>] | കൂട്ടുകാരൻ: [കൂട്ട്<n><masculine><n><deriv>] | ആണ്: [ആണ്<aff>]",False,True
2,അവൾ മിടുക്കിയായ ഒരു നർത്തകി ആണ്.,COPULA,DETACHED,നർത്തകി,NOUN,NOMINATIVE_PREDICATE,She is a talented dancer.,അവൾ മിടുക്കിയായ ഒരു നർത്തകി ആണ് .,അവൾ/PR_PRP മിടുക്കിയായ/JJ ഒരു/QT_QTO നർത്തകി/N_NN ആണ്/V_VAUX ./RD_PUNC,"അവൾ: [അവൾ<prn>,അ<dem>അവൾ<prn>] | മിടുക്കിയായ: [NO_ANALYSIS] | ഒരു: [ഒരു<dem>,ഒരു<adj>] | നർത്തകി: [നർത്തകി<n>] | ആണ്: [ആണ്<aff>]",False,True
3,ഇത് വിലപിടിപ്പുള്ള ഒരു സ്വർണ്ണ മോതിരം ആണ്.,COPULA,DETACHED,മോതിരം,NOUN,NOMINATIVE_PREDICATE,This is a valuable gold ring.,ഇത് വിലപിടിപ്പുള്ള ഒരു സ്വർണ്ണ മോതിരം ആണ് .,ഇത്/DM_DMD വിലപിടിപ്പുള്ള/JJ ഒരു/QT_QTO സ്വർണ്ണ/JJ മോതിരം/N_NN ആണ്/V_VAUX ./RD_PUNC,"ഇത്: [ഇത്<prn>,ഇ<dem>അത്<prn>] | വിലപിടിപ്പുള്ള: [വില<n><coordinative>പിടിപ്പ്<n>ഉള്ള<cnj>,വില<n><coordinative>പിടിപ്പ്<n>ഉള്ള<postp>] | ഒരു: [ഒരു<dem>,ഒരു<adj>] | സ്വർണ്ണ: [സ്വർണ്ണം<n><adj>] | മോതിരം: [മോതിരം<n>] | ആണ്: [ആണ്<aff>]",False,True
4,അവർ ഞങ്ങളുടെ പുതിയ അയൽക്കാർ ആണ്.,COPULA,DETACHED,അയൽക്കാർ,NOUN,NOMINATIVE_PREDICATE,They are our new neighbors.,അവർ ഞങ്ങളുടെ പുതിയ അയൽക്കാർ ആണ് .,അവർ/PR_PRP ഞങ്ങളുടെ/PR_PRP പുതിയ/JJ അയൽക്കാർ/N_NN ആണ്/V_VAUX ./RD_PUNC,"അവർ: [അവർ<prn>,അ<dem>അവർ<prn>] | ഞങ്ങളുടെ: [ഞാൻ<prn><pl><genitive>] | പുതിയ: [പുതിയ<adj>] | അയൽക്കാർ: [അയൽ<n><neutral><n><deriv>,അ<dem>അയൽ<n><neutral><n><deriv>] | ആണ്: [ആണ്<aff>]",False,True
5,ഇന്ന് വളരെ ചൂടുള്ള ഒരു ദിവസം ആണ്.,COPULA,DETACHED,ദിവസം,NOUN,NOMINATIVE_PREDICATE,Today is a very hot day.,ഇന്ന് വളരെ ചൂടുള്ള ഒരു ദിവസം ആണ് .,ഇന്ന്/N_NST വളരെ/RP_INTF ചൂടുള്ള/JJ ഒരു/QT_QTO ദിവസം/N_NN ആണ്/V_VAUX ./RD_PUNC,"ഇന്ന്: [ഇന്ന്<np>,ഇന്ന്<np><adj>] | വളരെ: [വളരെ<quantifier>] | ചൂടുള്ള: [ചൂട്<n>ഉള്ള<cnj>,ചൂട്<n>ഉള്ള<postp>] | ഒരു: [ഒരു<dem>,ഒരു<adj>] | ദിവസം: [ദിവസം<n>,ദിവസം<np>] | ആണ്: [ആണ്<aff>]",False,True
6,അത് എൻ്റെ വലിയ വീട് ആണ്.,COPULA,DETACHED,വീട്,NOUN,NOMINATIVE_PREDICATE,That is my big house.,അത് എൻ്റെ വലിയ വീട് ആണ് .,അത്/DM_DMD എൻ്റെ/N_NN വലിയ/JJ വീട്/N_NN ആണ്/V_VAUX ./RD_PUNC,"അത്: [അത്<prn>,അ<dem>അത്<prn>] | എൻ്റെ: [എൻ<n><genitive>,ഞാൻ<prn><genitive>] | വലിയ: [വലിയ<quantifier>,വലിയുക<v><cvb-adv-part-absolute>] | വീട്: [വീട്<n>] | ആണ്: [ആണ്<aff>]",False,True
7,അദ്ദേഹം ഈ സ്കൂളിലെ പ്രധാന അധ്യാപകൻ ആണ്.,COPULA,DETACHED,അധ്യാപകൻ,NOUN,NOMINATIVE_PREDICATE,He is the head teacher of this school.,അദ്ദേഹം ഈ സ്കൂളിലെ പ്രധാന അധ്യാപകൻ ആണ് .,അദ്ദേഹം/PR_PRP ഈ/DM_DMD സ്കൂളിലെ/N_NN പ്രധാന/JJ അധ്യാപകൻ/N_NN ആണ്/V_VAUX ./RD_PUNC,"അദ്ദേഹം: [അദ്ദേഹം<prn>,അദ്ദേഹം<prn><adj>] | ഈ: [ഈ<dem>] | സ്കൂളിലെ: [സ്കൂൾ<n><locative>എ<indeclinable>,സ്കൂൾ<eng><locative>എ<indeclinable>] | പ്രധാന: [പ്രധാനം<sanskrit><adj>] | അധ്യാപകൻ: [അധ്യാപകൻ<n>,അ<dem>അധ്യാപകൻ<n>] | ആണ്: [ആണ്<aff>]",False,True
8,ഇത് വായനക്കാർക്ക് നല്ലൊരു പുസ്തകം ആണ്.,COPULA,DETACHED,പുസ്തകം,NOUN,NOMINATIVE_PREDICATE,This is a good book for readers.,ഇത് വായനക്കാർക്ക് നല്ലൊരു പുസ്തകം ആണ് .,ഇത്/DM_DMD വായനക്കാർക്ക്/N_NN നല്ലൊരു/JJ പുസ്തകം/N_NN ആണ്/V_VAUX ./RD_PUNC,"ഇത്: [ഇത്<prn>,ഇ<dem>അത്<prn>] | വായനക്കാർക്ക്: [വായന<n><neutral><n><deriv><dative>,വായനം<n><neutral><n><deriv><dative>] | നല്ലൊരു: [നല്ലൊരു<quantifier>] | പുസ്തകം: [പുസ്തകം<n>] | ആണ്: [ആണ്<aff>]",False,True
9,ആ കുട്ടി വളരെ മിടുക്കൻ ആണ്.,COPULA,DETACHED,മിടുക്കൻ,NOUN,NOMINATIVE_PREDICATE,That child is very smart.,ആ കുട്ടി വളരെ മിടുക്കൻ ആണ് .,ആ/DM_DMD കുട്ടി/N_NN വളരെ/RP_INTF മിടുക്കൻ/N_NN ആണ്/V_VAUX ./RD_PUNC,"ആ: [ആ<ij>,ആ<dem>] | കുട്ടി: [കുട്ടി<n>,കുട്ടി<np>] | വളരെ: [വളരെ<quantifier>] | മിടുക്കൻ: [മിടുക്കൻ<n>] | ആണ്: [ആണ്<aff>]",False,True
10,ലക്ഷ്മി മികച്ചൊരു ഡോക്ടർ ആണ്.,COPULA,DETACHED,ഡോക്ടർ,NOUN,NOMINATIVE_PREDICATE,Lakshmi is an excellent doctor.,ലക്ഷ്മി മികച്ചൊരു ഡോക്ടർ ആണ് .,ലക്ഷ്മി/N_NNP മികച്ചൊരു/JJ ഡോക്ടർ/N_NN ആണ്/V_VAUX ./RD_PUNC,"ലക്ഷ്മി: [ലക്ഷ്മി<n>,ലക്ഷ്മി<np>] | മികച്ചൊരു: [NO_ANALYSIS] | ഡോക്ടർ: [ഡോക്ടർ<eng>] | ആണ്: [ആണ്<aff>]",False,True
11,ഈ മൃഗം വളരെ ഉപദ്രവകാരി ആണ്.,COPULA,DETACHED,ഉപദ്രവകാരി,NOUN,NOMINATIVE_PREDICATE,This animal is very harmful.,ഈ മൃഗം വളരെ ഉപദ്രവകാരി ആണ് .,ഈ/DM_DMD മൃഗം/N_NN വളരെ/RP_INTF ഉപദ്രവകാരി/N_NN ആണ്/V_VAUX ./RD_PUNC,ഈ: [ഈ<dem>] | മൃഗം: [മൃഗം<n>] | വളരെ: [വളരെ<quantifier>] | ഉപദ്രവകാരി: [NO_ANALYSIS] | ആണ്: [ആണ്<aff>],False,True
12,അവർ മികച്ച കായിക താരങ്ങൾ ആണ്.,COPULA,DETACHED,താരങ്ങൾ,NOUN,NOMINATIVE_PREDICATE,They are excellent sports stars.,അവർ മികച്ച കായിക താരങ്ങൾ ആണ് .,അവർ/PR_PRP മികച്ച/JJ കായിക/JJ താരങ്ങൾ/N_NN ആണ്/V_VAUX ./RD_PUNC,"അവർ: [അവർ<prn>,അ<dem>അവർ<prn>] | മികച്ച: [മികയ്ക്കുക<v><adv-clause-rp-past>,മികയ്ക്കുക<v><past><adv-clause-rp-past>] | കായിക: [കായികം<n><adj>] | താരങ്ങൾ: [താരം<sanskrit><pl>] | ആണ്: [ആണ്<aff>]",False,True
13,അത് പുതിയൊരു കാർ ആണ്.,COPULA,DETACHED,കാർ,NOUN,NOMINATIVE_PREDICATE,That is a new car.,അത് പുതിയൊരു കാർ ആണ് .,അത്/DM_DMD പുതിയൊരു/JJ കാർ/N_NN ആണ്/V_VAUX ./RD_PUNC,"അത്: [അത്<prn>,അ<dem>അത്<prn>] | പുതിയൊരു: [പുതിയ<adj>ഒരു<adj>] | കാർ: [കാർ<eng>] | ആണ്: [ആണ്<aff>]",False,True
14,ഇത് എൻ്റെ അമ്മയുടെ പഴയ പേന ആണ്.,COPULA,DETACHED,പേന,NOUN,NOMINATIVE_PREDICATE,This is my mother's old pen.,ഇത് എൻ്റെ അമ്മയുടെ പഴയ പേന ആണ് .,ഇത്/DM_DMD എൻ്റെ/N_NN അമ്മയുടെ/N_NN പഴയ/JJ പേന/N_NN ആണ്/V_VAUX ./RD_PUNC,"ഇത്: [ഇത്<prn>,ഇ<dem>അത്<prn>] | എൻ്റെ: [എൻ<n><genitive>,ഞാൻ<prn><genitive>] | അമ്മയുടെ: [അമ്മ<n><genitive>,അമ്മ<np><genitive>] | പഴയ: [പഴയ<adj>] | പേന: [പേന<n>] | ആണ്: [ആണ്<aff>]",False,True
15,ഹരിഗോവിന്ദ് ഒരു പ്രശസ്ത ചിത്രകാരൻ ആണ്.,COPULA,DETACHED,ചിത്രകാരൻ,NOUN,NOMINATIVE_PREDICATE,Harigovind is a famous painter.,ഹരിഗോവിന്ദ് ഒരു പ്രശസ്ത ചിത്രകാരൻ ആണ് .,ഹരിഗോവിന്ദ്/N_NNP ഒരു/QT_QTO പ്രശസ്ത/JJ ചിത്രകാരൻ/N_NN ആണ്/V_VAUX ./RD_PUNC,"ഹരിഗോവിന്ദ്: [ഹരി<n><adj>ഗോവിന്ദ്<np>,ഹരി<n><adj>ഗോവിന്ദ്<np><adj>] | ഒരു: [ഒരു<dem>,ഒരു<adj>] | പ്രശസ്ത: [പ്രശസ്ത<sanskrit>,പ്രശസ്തം<sanskrit><adj>] | ചിത്രകാരൻ: [ചിത്രകാരൻ<n>] | ആണ്: [ആണ്<aff>]",False,True
16,ആ വലിയ മരം ഒരു പ്ലാവ് ആണ്.,COPULA,DETACHED,പ്ലാവ്,NOUN,NOMINATIVE_PREDICATE,That big tree is a jackfruit tree.,ആ വലിയ മരം ഒരു പ്ലാവ് ആണ് .,ആ/DM_DMD വലിയ/JJ മരം/N_NN ഒരു/QT_QTO പ്ലാവ്/N_NN ആണ്/V_VAUX ./RD_PUNC,"ആ: [ആ<ij>,ആ<dem>] | വലിയ: [വലിയ<quantifier>,വലിയുക<v><cvb-adv-part-absolute>] | മരം: [മരം<n>] | ഒരു: [ഒരു<dem>,ഒരു<adj>] | പ്ലാവ്: [പ്ലാവ്<n>] | ആണ്: [ആണ്<aff>]",False,True
17,കേരളം മനോഹരമായ ഒരു നാട് ആണ്.,COPULA,DETACHED,നാട്,NOUN,NOMINATIVE_PREDICATE,Kerala is a beautiful land.,കേരളം മനോഹരമായ ഒരു നാട് ആണ് .,കേരളം/N_NNP മനോഹരമായ/JJ ഒരു/QT_QTO നാട്/N_NN ആണ്/V_VAUX ./RD_PUNC,"കേരളം: [കേരളം<n>,കേരളം<np>] | മനോഹരമായ: [മനോഹരം<n>ആയ<cnj>,മനോഹരം<n>ആയ<postp>] | ഒരു: [ഒരു<dem>,ഒരു<adj>] | നാട്: [നാട്<n>] | ആണ്: [ആണ്<aff>]",False,True
18,ഗംഗ വലിയൊരു നദി ആണ്.,COPULA,DETACHED,നദി,NOUN,NOMINATIVE_PREDICATE,Ganga is a big river.,ഗംഗ വലിയൊരു നദി ആണ് .,ഗംഗ/N_NNP വലിയൊരു/JJ നദി/N_NN ആണ്/V_VAUX ./RD_PUNC,"ഗംഗ: [ഗംഗ<n>,ഗംഗ<np>] | വലിയൊരു: [വലി<n>ഒരു<quantifier>] | നദി: [നദി<sanskrit>,നദി<sanskrit><adj>] | ആണ്: [ആണ്<aff>]",False,True
19,അമ്മ ഉണ്ടാക്കിയ പലഹാരം വളരെ രുചികരം ആണ്.,COPULA,DETACHED,രുചികരം,ADJ_PRONOMINAL,NOMINATIVE_PREDICATE,The snack made by mother is very delicious.,അമ്മ ഉണ്ടാക്കിയ പലഹാരം വളരെ രുചികരം ആണ് .,അമ്മ/N_NN ഉണ്ടാക്കിയ/V_VM_VNF പലഹാരം/N_NN വളരെ/RP_INTF രുചികരം/N_NN ആണ്/V_VAUX ./RD_PUNC,"അമ്മ: [അമ്മ<n>,അമ്മ<np>] | ഉണ്ടാക്കിയ: [ഉണ്ടാക്കുക<v><adv-clause-rp-past>,ഉണ്ണുക<v><cvb-adv-part-past>ആകുക<v><causative-voice><adv-clause-rp-past>] | പലഹാരം: [പലഹാരം<n>,പലം<n><adj>ഹാരം<n>] | വളരെ: [വളരെ<quantifier>] | രുചികരം: [രുചി<n><coordinative>കരം<n>] | ആണ്: [ആണ്<aff>]",False,True
20,ഈ പുരാതന കോട്ട ഒരു ചരിത്ര സ്മാരകം ആണ്.,COPULA,DETACHED,സ്മാരകം,NOUN,NOMINATIVE_PREDICATE,This ancient fort is a historical monument.,ഈ പുരാതന കോട്ട ഒരു ചരിത്ര സ്മാരകം ആണ് .,ഈ/DM_DMD പുരാതന/JJ കോട്ട/N_NN ഒരു/QT_QTO ചരിത്ര/JJ സ്മാരകം/N_NN ആണ്/V_VAUX ./RD_PUNC,"ഈ: [ഈ<dem>] | പുരാതന: [പുരാതന<n>,പുരാ<n><coordinative>തനം<n><adj>] | കോട്ട: [കോട്ട<n>,കോട്ടം<n><adj>] | ഒരു: [ഒരു<dem>,ഒരു<adj>] | ചരിത്ര: [ചരിത്രം<sanskrit><adj>] | സ്മാരകം: [സ്മാരകം<n>] | ആണ്: [ആണ്<aff>]",False,True
21,ആൻഡ്രൂസ് എൻ്റെ ഒരു പഴയ സഹപ്രവർത്തകൻ ആണ്.,COPULA,DETACHED,സഹപ്രവർത്തകൻ,NOUN,NOMINATIVE_PREDICATE,Andrews is an old colleague of mine.,ആൻഡ്രൂസ് എൻ്റെ ഒരു പഴയ സഹപ്രവർത്തകൻ ആണ് .,ആൻഡ്രൂസ്/N_NNP എൻ്റെ/N_NN ഒരു/QT_QTO പഴയ/JJ സഹപ്രവർത്തകൻ/N_NN ആണ്/V_VAUX ./RD_PUNC,"ആൻഡ്രൂസ്: [ആൻഡ്രൂസ്<np>,ആൻഡ്രൂസ്<np><adj>] | എൻ്റെ: [എൻ<n><genitive>,ഞാൻ<prn><genitive>] | ഒരു: [ഒരു<dem>,ഒരു<adj>] | പഴയ: [പഴയ<adj>] | സഹപ്രവർത്തകൻ: [സഹം<sanskrit><adj>പ്രവർത്തകൻ<sanskrit>] | ആണ്: [ആണ്<aff>]",False,True
22,ഈ വിഷയം വളരെ സങ്കീർണ്ണം ആണ്.,COPULA,DETACHED,സങ്കീർണ്ണം,ADJ_PRONOMINAL,NOMINATIVE_PREDICATE,This topic is very complex.,ഈ വിഷയം വളരെ സങ്കീർണ്ണം ആണ് .,ഈ/DM_DMD വിഷയം/N_NN വളരെ/RP_INTF സങ്കീർണ്ണം/N_NN ആണ്/V_VAUX ./RD_PUNC,"ഈ: [ഈ<dem>] | വിഷയം: [വിഷയം<n>,വിഷയം<sanskrit>] | വളരെ: [വളരെ<quantifier>] | സങ്കീർണ്ണം: [സങ്കീർണ്ണം<sanskrit>] | ആണ്: [ആണ്<aff>]",False,True
23,ഇത് എൻ്റെ സ്വന്തം പരീക്ഷണം ആണ്.,COPULA,DETACHED,പരീക്ഷണം,NOUN,NOMINATIVE_PREDICATE,This is my own experiment.,ഇത് എൻ്റെ സ്വന്തം പരീക്ഷണം ആണ് .,ഇത്/DM_DMD എൻ്റെ/N_NN സ്വന്തം/PR_PRF പരീക്ഷണം/N_NN ആണ്/V_VAUX ./RD_PUNC,"ഇത്: [ഇത്<prn>,ഇ<dem>അത്<prn>] | എൻ്റെ: [എൻ<n><genitive>,ഞാൻ<prn><genitive>] | സ്വന്തം: [സ്വന്തം<n>] | പരീക്ഷണം: [പരീക്ഷണം<n>] | ആണ്: [ആണ്<aff>]",False,True
24,ആ ചെറിയ വീട് ഒരു വായനശാല ആണ്.,COPULA,DETACHED,വായനശാല,NOUN,NOMINATIVE_PREDICATE,That small house is a library.,ആ ചെറിയ വീട് ഒരു വായനശാല ആണ് .,ആ/DM_DMD ചെറിയ/JJ വീട്/N_NN ഒരു/QT_QTO വായനശാല/N_NN ആണ്/V_VAUX ./RD_PUNC,"ആ: [ആ<ij>,ആ<dem>] | ചെറിയ: [ചെറിയ<np>,ചെറിയ<quantifier>] | വീട്: [വീട്<n>] | ഒരു: [ഒരു<dem>,ഒരു<adj>] | വായനശാല: [വായന<n><coordinative>ശാല<n>] | ആണ്: [ആണ്<aff>]",False,True
25,പഠനം മനോഹരമായ ഒരു അനുഭവം ആണ്.,COPULA,DETACHED,അനുഭവം,NOUN,NOMINATIVE_PREDICATE,Learning is a beautiful experience.,പഠനം മനോഹരമായ ഒരു അനുഭവം ആണ് .,പഠനം/N_NN മനോഹരമായ/JJ ഒരു/QT_QTO അനുഭവം/N_NN ആണ്/V_VAUX ./RD_PUNC,"പഠനം: [പഠനം<sanskrit>] | മനോഹരമായ: [മനോഹരം<n>ആയ<cnj>,മനോഹരം<n>ആയ<postp>] | ഒരു: [ഒരു<dem>,ഒരു<adj>] | അനുഭവം: [അനുഭവം<n>,അനുഭവം<sanskrit>] | ആണ്: [ആണ്<aff>]",False,True
26,അവൻ എൻ്റെ കൂട്ടുകാരനാണ്.,COPULA,ATTACHED,കൂട്ടുകാരൻ,NOUN,NOMINATIVE_PREDICATE,He is my friend.,അവൻ എൻ്റെ കൂട്ടുകാരനാണ് .,അവൻ/PR_PRP എൻ്റെ/N_NN കൂട്ടുകാരനാണ്/V_VAUX ./RD_PUNC,"അവൻ: [അവൻ<prn>,അ<dem>അവൻ<prn>] | എൻ്റെ: [എൻ<n><genitive>,ഞാൻ<prn><genitive>] | കൂട്ടുകാരനാണ്: [കൂട്ട്<n><masculine><n><deriv>ആണ്<aff>,കൂട്ട്<n><masculine><n><deriv>ആണ്<aff><adj>]",True,False
27,അവൾ മിടുക്കിയായ ഒരു നർത്തകിയാണ്.,COPULA,ATTACHED,നർത്തകി,NOUN,NOMINATIVE_PREDICATE,She is a talented dancer.,അവൾ മിടുക്കിയായ ഒരു നർത്തകിയാണ് .,അവൾ/PR_PRP മിടുക്കിയായ/JJ ഒരു/QT_QTO നർത്തകിയാണ്/V_VAUX ./RD_PUNC,"അവൾ: [അവൾ<prn>,അ<dem>അവൾ<prn>] | മിടുക്കിയായ: [NO_ANALYSIS] | ഒരു: [ഒരു<dem>,ഒരു<adj>] | നർത്തകിയാണ്: [നർത്തകി<n>ആണ്<aff>,നർത്തകി<n>ആണ്<aff><adj>]",True,False
28,ഇത് വിലപിടിപ്പുള്ള ഒരു സ്വർണ്ണ മോതിരമാണ്.,COPULA,ATTACHED,മോതിരം,NOUN,NOMINATIVE_PREDICATE,This is a valuable gold ring.,ഇത് വിലപിടിപ്പുള്ള ഒരു സ്വർണ്ണ മോതിരമാണ് .,ഇത്/DM_DMD വിലപിടിപ്പുള്ള/JJ ഒരു/QT_QTO സ്വർണ്ണ/JJ മോതിരമാണ്/V_VAUX ./RD_PUNC,"ഇത്: [ഇത്<prn>,ഇ<dem>അത്<prn>] | വിലപിടിപ്പുള്ള: [വില<n><coordinative>പിടിപ്പ്<n>ഉള്ള<cnj>,വില<n><coordinative>പിടിപ്പ്<n>ഉള്ള<postp>] | ഒരു: [ഒരു<dem>,ഒരു<adj>] | സ്വർണ്ണ: [സ്വർണ്ണം<n><adj>] | മോതിരമാണ്: [മോതിരം<n>ആണ്<aff>,മോതിരം<n>ആണ്<aff><adj>]",True,False
29,അവർ ഞങ്ങളുടെ പുതിയ അയൽക്കാരാണ്.,COPULA,ATTACHED,അയൽക്കാർ,NOUN,NOMINATIVE_PREDICATE,They are our new neighbors.,അവർ ഞങ്ങളുടെ പുതിയ അയൽക്കാരാണ് .,അവർ/PR_PRP ഞങ്ങളുടെ/PR_PRP പുതിയ/JJ അയൽക്കാരാണ്/V_VAUX ./RD_PUNC,"അവർ: [അവർ<prn>,അ<dem>അവർ<prn>] | ഞങ്ങളുടെ: [ഞാൻ<prn><pl><genitive>] | പുതിയ: [പുതിയ<adj>] | അയൽക്കാരാണ്: [അയൽ<n><neutral><n><deriv>ആണ്<aff>,അയൽ<n><neutral><n><deriv>ആണ്<aff><adj>]",True,False
30,ഇന്ന് വളരെ ചൂടുള്ള ഒരു ദിവസമാണ്.,COPULA,ATTACHED,ദിവസം,NOUN,NOMINATIVE_PREDICATE,Today is a very hot day.,ഇന്ന് വളരെ ചൂടുള്ള ഒരു ദിവസമാണ് .,ഇന്ന്/N_NST വളരെ/RP_INTF ചൂടുള്ള/JJ ഒരു/QT_QTO ദിവസമാണ്/V_VAUX ./RD_PUNC,"ഇന്ന്: [ഇന്ന്<np>,ഇന്ന്<np><adj>] | വളരെ: [വളരെ<quantifier>] | ചൂടുള്ള: [ചൂട്<n>ഉള്ള<cnj>,ചൂട്<n>ഉള്ള<postp>] | ഒരു: [ഒരു<dem>,ഒരു<adj>] | ദിവസമാണ്: [ദിവസം<n>ആണ്<aff>,ദിവസം<np>ആണ്<aff>]",True,False
31,അത് എൻ്റെ വലിയ വീടാണ്.,COPULA,ATTACHED,വീട്,NOUN,NOMINATIVE_PREDICATE,That is my big house.,അത് എൻ്റെ വലിയ വീടാണ് .,അത്/DM_DMD എൻ്റെ/N_NN വലിയ/JJ വീടാണ്/V_VAUX ./RD_PUNC,"അത്: [അത്<prn>,അ<dem>അത്<prn>] | എൻ്റെ: [എൻ<n><genitive>,ഞാൻ<prn><genitive>] | വലിയ: [വലിയ<quantifier>,വലിയുക<v><cvb-adv-part-absolute>] | വീടാണ്: [വീട്<n>ആണ്<aff>,വീട്<n>ആണ്<aff><adj>]",True,False
32,അദ്ദേഹം ഈ സ്കൂളിലെ പ്രധാന അധ്യാപകനാണ്.,COPULA,ATTACHED,അധ്യാപകൻ,NOUN,NOMINATIVE_PREDICATE,He is the head teacher of this school.,അദ്ദേഹം ഈ സ്കൂളിലെ പ്രധാന അധ്യാപകനാണ് .,അദ്ദേഹം/PR_PRP ഈ/DM_DMD സ്കൂളിലെ/N_NN പ്രധാന/JJ അധ്യാപകനാണ്/V_VAUX ./RD_PUNC,"അദ്ദേഹം: [അദ്ദേഹം<prn>,അദ്ദേഹം<prn><adj>] | ഈ: [ഈ<dem>] | സ്കൂളിലെ: [സ്കൂൾ<n><locative>എ<indeclinable>,സ്കൂൾ<eng><locative>എ<indeclinable>] | പ്രധാന: [പ്രധാനം<sanskrit><adj>] | അധ്യാപകനാണ്: [അധ്യാപകൻ<n>ആണ്<aff>,അധ്യാപകൻ<n>ആണ്<aff><adj>]",True,False
33,ഇത് വായനക്കാർക്ക് നല്ലൊരു പുസ്തകമാണ്.,COPULA,ATTACHED,പുസ്തകം,NOUN,NOMINATIVE_PREDICATE,This is a good book for readers.,ഇത് വായനക്കാർക്ക് നല്ലൊരു പുസ്തകമാണ് .,ഇത്/DM_DMD വായനക്കാർക്ക്/N_NN നല്ലൊരു/JJ പുസ്തകമാണ്/V_VAUX ./RD_PUNC,"ഇത്: [ഇത്<prn>,ഇ<dem>അത്<prn>] | വായനക്കാർക്ക്: [വായന<n><neutral><n><deriv><dative>,വായനം<n><neutral><n><deriv><dative>] | നല്ലൊരു: [നല്ലൊരു<quantifier>] | പുസ്തകമാണ്: [പുസ്തകം<n>ആണ്<aff>,പുസ്തകം<n>ആണ്<aff><adj>]",True,False
34,ആ കുട്ടി വളരെ മിടുക്കനാണ്.,COPULA,ATTACHED,മിടുക്കൻ,NOUN,NOMINATIVE_PREDICATE,That child is very smart.,ആ കുട്ടി വളരെ മിടുക്കനാണ് .,ആ/DM_DMD കുട്ടി/N_NN വളരെ/RP_INTF മിടുക്കനാണ്/V_VAUX ./RD_PUNC,"ആ: [ആ<ij>,ആ<dem>] | കുട്ടി: [കുട്ടി<n>,കുട്ടി<np>] | വളരെ: [വളരെ<quantifier>] | മിടുക്കനാണ്: [മിടുക്കൻ<n>ആണ്<aff>,മിടുക്കൻ<n>ആണ്<aff><adj>]",True,False
35,ലക്ഷ്മി മികച്ചൊരു ഡോക്ടറാണ്.,COPULA,ATTACHED,ഡോക്ടർ,NOUN,NOMINATIVE_PREDICATE,Lakshmi is an excellent doctor.,ലക്ഷ്മി മികച്ചൊരു ഡോക്ടറാണ് .,ലക്ഷ്മി/N_NNP മികച്ചൊരു/JJ ഡോക്ടറാണ്/V_VAUX ./RD_PUNC,"ലക്ഷ്മി: [ലക്ഷ്മി<n>,ലക്ഷ്മി<np>] | മികച്ചൊരു: [NO_ANALYSIS] | ഡോക്ടറാണ്: [ഡോക്ടർ<eng>ആണ്<aff>,ഡോക്ടർ<eng>ആണ്<aff><adj>]",True,False
36,ഈ മൃഗം വളരെ ഉപദ്രവകാരിയാണ്.,COPULA,ATTACHED,ഉപദ്രവകാരി,NOUN,NOMINATIVE_PREDICATE,This animal is very harmful.,ഈ മൃഗം വളരെ ഉപദ്രവകാരിയാണ് .,ഈ/DM_DMD മൃഗം/N_NN വളരെ/RP_INTF ഉപദ്രവകാരിയാണ്/V_VAUX ./RD_PUNC,ഈ: [ഈ<dem>] | മൃഗം: [മൃഗം<n>] | വളരെ: [വളരെ<quantifier>] | ഉപദ്രവകാരിയാണ്: [NO_ANALYSIS],False,False
37,അവർ മികച്ച കായിക താരങ്ങളാണ്.,COPULA,ATTACHED,താരങ്ങൾ,NOUN,NOMINATIVE_PREDICATE,They are excellent sports stars.,അവർ മികച്ച കായിക താരങ്ങളാണ് .,അവർ/PR_PRP മികച്ച/JJ കായിക/JJ താരങ്ങളാണ്/V_VAUX ./RD_PUNC,"അവർ: [അവർ<prn>,അ<dem>അവർ<prn>] | മികച്ച: [മികയ്ക്കുക<v><adv-clause-rp-past>,മികയ്ക്കുക<v><past><adv-clause-rp-past>] | കായിക: [കായികം<n><adj>] | താരങ്ങളാണ്: [താരം<sanskrit><pl>ആണ്<aff>,താരം<sanskrit><pl>ആണ്<aff><adj>]",True,False
38,അത് പുതിയൊരു കാറാണ്.,COPULA,ATTACHED,കാർ,NOUN,NOMINATIVE_PREDICATE,That is a new car.,അത് പുതിയൊരു കാറാണ് .,അത്/DM_DMD പുതിയൊരു/JJ കാറാണ്/V_VAUX ./RD_PUNC,"അത്: [അത്<prn>,അ<dem>അത്<prn>] | പുതിയൊരു: [പുതിയ<adj>ഒരു<adj>] | കാറാണ്: [കാറ്<n>ആണ്<aff>,കാർ<eng>ആണ്<aff>]",True,False
39,ഇത് എൻ്റെ അമ്മയുടെ പഴയ പേനയാണ്.,COPULA,ATTACHED,പേന,NOUN,NOMINATIVE_PREDICATE,This is my mother's old pen.,ഇത് എൻ്റെ അമ്മയുടെ പഴയ പേനയാണ് .,ഇത്/DM_DMD എൻ്റെ/N_NN അമ്മയുടെ/N_NN പഴയ/JJ പേനയാണ്/V_VAUX ./RD_PUNC,"ഇത്: [ഇത്<prn>,ഇ<dem>അത്<prn>] | എൻ്റെ: [എൻ<n><genitive>,ഞാൻ<prn><genitive>] | അമ്മയുടെ: [അമ്മ<n><genitive>,അമ്മ<np><genitive>] | പഴയ: [പഴയ<adj>] | പേനയാണ്: [പേന<n>ആണ്<aff>,പേന<n>ആണ്<aff><adj>]",True,False
40,ഹരിഗോവിന്ദ് ഒരു പ്രശസ്ത ചിത്രകാരനാണ്.,COPULA,ATTACHED,ചിത്രകാരൻ,NOUN,NOMINATIVE_PREDICATE,Harigovind is a famous painter.,ഹരിഗോവിന്ദ് ഒരു പ്രശസ്ത ചിത്രകാരനാണ് .,ഹരിഗോവിന്ദ്/N_NNP ഒരു/QT_QTO പ്രശസ്ത/JJ ചിത്രകാരനാണ്/V_VAUX ./RD_PUNC,"ഹരിഗോവിന്ദ്: [ഹരി<n><adj>ഗോവിന്ദ്<np>,ഹരി<n><adj>ഗോവിന്ദ്<np><adj>] | ഒരു: [ഒരു<dem>,ഒരു<adj>] | പ്രശസ്ത: [പ്രശസ്ത<sanskrit>,പ്രശസ്തം<sanskrit><adj>] | ചിത്രകാരനാണ്: [ചിത്രകാരൻ<n>ആണ്<aff>,ചിത്രകാരൻ<n>ആണ്<aff><adj>]",True,False
41,ആ വലിയ മരം ഒരു പ്ലാവാണ്.,COPULA,ATTACHED,പ്ലാവ്,NOUN,NOMINATIVE_PREDICATE,That big tree is a jackfruit tree.,ആ വലിയ മരം ഒരു പ്ലാവാണ് .,ആ/DM_DMD വലിയ/JJ മരം/N_NN ഒരു/QT_QTF പ്ലാവാണ്/V_VAUX ./RD_PUNC,"ആ: [ആ<ij>,ആ<dem>] | വലിയ: [വലിയ<quantifier>,വലിയുക<v><cvb-adv-part-absolute>] | മരം: [മരം<n>] | ഒരു: [ഒരു<dem>,ഒരു<adj>] | പ്ലാവാണ്: [പ്ലാവ്<n>ആണ്<aff>,പ്ലാവ്<n>ആണ്<aff><adj>]",True,False
42,കേരളം മനോഹരമായ ഒരു നാടാണ്.,COPULA,ATTACHED,നാട്,NOUN,NOMINATIVE_PREDICATE,Kerala is a beautiful land.,കേരളം മനോഹരമായ ഒരു നാടാണ് .,കേരളം/N_NNP മനോഹരമായ/JJ ഒരു/QT_QTF നാടാണ്/V_VAUX ./RD_PUNC,"കേരളം: [കേരളം<n>,കേരളം<np>] | മനോഹരമായ: [മനോഹരം<n>ആയ<cnj>,മനോഹരം<n>ആയ<postp>] | ഒരു: [ഒരു<dem>,ഒരു<adj>] | നാടാണ്: [നാട്<n>ആണ്<aff>,നാട്<n>ആണ്<aff><adj>]",True,False
43,ഗംഗ വലിയൊരു നദിയാണ്.,COPULA,ATTACHED,നദി,NOUN,NOMINATIVE_PREDICATE,Ganga is a big river.,ഗംഗ വലിയൊരു നദിയാണ് .,ഗംഗ/N_NNP വലിയൊരു/JJ നദിയാണ്/V_VAUX ./RD_PUNC,"ഗംഗ: [ഗംഗ<n>,ഗംഗ<np>] | വലിയൊരു: [വലി<n>ഒരു<quantifier>] | നദിയാണ്: [നദി<sanskrit>ആണ്<aff>,നദി<sanskrit>ആണ്<aff><adj>]",True,False
44,അമ്മ ഉണ്ടാക്കിയ പലഹാരം വളരെ രുചികരമാണ്.,COPULA,ATTACHED,രുചികരം,ADJ_PRONOMINAL,NOMINATIVE_PREDICATE,The snack made by mother is very delicious.,അമ്മ ഉണ്ടാക്കിയ പലഹാരം വളരെ രുചികരമാണ് .,അമ്മ/N_NN ഉണ്ടാക്കിയ/V_VM_VNF പലഹാരം/N_NN വളരെ/RP_INTF രുചികരമാണ്/V_VAUX ./RD_PUNC,"അമ്മ: [അമ്മ<n>,അമ്മ<np>] | ഉണ്ടാക്കിയ: [ഉണ്ടാക്കുക<v><adv-clause-rp-past>,ഉണ്ണുക<v><cvb-adv-part-past>ആകുക<v><causative-voice><adv-clause-rp-past>] | പലഹാരം: [പലഹാരം<n>,പലം<n><adj>ഹാരം<n>] | വളരെ: [വളരെ<quantifier>] | രുചികരമാണ്: [രുചി<n><coordinative>കരം<n>ആണ്<aff>,രുചി<n><coordinative>കരം<n>ആണ്<aff><adj>]",True,False
45,ഈ പുരാതന കോട്ട ഒരു ചരിത്ര സ്മാരകമാണ്.,COPULA,ATTACHED,സ്മാരകം,NOUN,NOMINATIVE_PREDICATE,This ancient fort is a historical monument.,ഈ പുരാതന കോട്ട ഒരു ചരിത്ര സ്മാരകമാണ് .,ഈ/DM_DMD പുരാതന/JJ കോട്ട/N_NN ഒരു/QT_QTO ചരിത്ര/JJ സ്മാരകമാണ്/V_VAUX ./RD_PUNC,"ഈ: [ഈ<dem>] | പുരാതന: [പുരാതന<n>,പുരാ<n><coordinative>തനം<n><adj>] | കോട്ട: [കോട്ട<n>,കോട്ടം<n><adj>] | ഒരു: [ഒരു<dem>,ഒരു<adj>] | ചരിത്ര: [ചരിത്രം<sanskrit><adj>] | സ്മാരകമാണ്: [സ്മാരകം<n>ആണ്<aff>,സ്മാരകം<n>ആണ്<aff><adj>]",True,False
46,ആൻഡ്രൂസ് എൻ്റെ ഒരു പഴയ സഹപ്രവർത്തകനാണ്.,COPULA,ATTACHED,സഹപ്രവർത്തകൻ,NOUN,NOMINATIVE_PREDICATE,Andrews is an old colleague of mine.,ആൻഡ്രൂസ് എൻ്റെ ഒരു പഴയ സഹപ്രവർത്തകനാണ് .,ആൻഡ്രൂസ്/N_NNP എൻ്റെ/N_NN ഒരു/QT_QTO പഴയ/JJ സഹപ്രവർത്തകനാണ്/V_VAUX ./RD_PUNC,"ആൻഡ്രൂസ്: [ആൻഡ്രൂസ്<np>,ആൻഡ്രൂസ്<np><adj>] | എൻ്റെ: [എൻ<n><genitive>,ഞാൻ<prn><genitive>] | ഒരു: [ഒരു<dem>,ഒരു<adj>] | പഴയ: [പഴയ<adj>] | സഹപ്രവർത്തകനാണ്: [സഹം<sanskrit><adj>പ്രവർത്തകൻ<sanskrit>ആണ്<aff>,സഹം<sanskrit><adj>പ്രവർത്തകൻ<sanskrit><dative>ആണ്<aff>]",True,False
47,ഈ വിഷയം വളരെ സങ്കീർണ്ണമാണ്.,COPULA,ATTACHED,സങ്കീർണ്ണം,ADJ_PRONOMINAL,NOMINATIVE_PREDICATE,This topic is very complex.,ഈ വിഷയം വളരെ സങ്കീർണ്ണമാണ് .,ഈ/DM_DMD വിഷയം/N_NN വളരെ/RP_INTF സങ്കീർണ്ണമാണ്/V_VAUX ./RD_PUNC,"ഈ: [ഈ<dem>] | വിഷയം: [വിഷയം<n>,വിഷയം<sanskrit>] | വളരെ: [വളരെ<quantifier>] | സങ്കീർണ്ണമാണ്: [സങ്കീർണ്ണം<sanskrit>ആണ്<aff>,സങ്കീർണ്ണം<sanskrit>ആണ്<aff><adj>]",True,False
48,ഇത് എൻ്റെ സ്വന്തം പരീക്ഷണമാണ്.,COPULA,ATTACHED,പരീക്ഷണം,NOUN,NOMINATIVE_PREDICATE,This is my own experiment.,ഇത് എൻ്റെ സ്വന്തം പരീക്ഷണമാണ് .,ഇത്/DM_DMD എൻ്റെ/N_NN സ്വന്തം/PR_PRF പരീക്ഷണമാണ്/V_VAUX ./RD_PUNC,"ഇത്: [ഇത്<prn>,ഇ<dem>അത്<prn>] | എൻ്റെ: [എൻ<n><genitive>,ഞാൻ<prn><genitive>] | സ്വന്തം: [സ്വന്തം<n>] | പരീക്ഷണമാണ്: [പരീക്ഷണം<n>ആണ്<aff>,പരീക്ഷണം<n>ആണ്<aff><adj>]",True,False
49,ആ ചെറിയ വീട് ഒരു വായനശാലയാണ്.,COPULA,ATTACHED,വായനശാല,NOUN,NOMINATIVE_PREDICATE,That small house is a library.,ആ ചെറിയ വീട് ഒരു വായനശാലയാണ് .,ആ/DM_DMD ചെറിയ/JJ വീട്/N_NN ഒരു/QT_QTO വായനശാലയാണ്/V_VAUX ./RD_PUNC,"ആ: [ആ<ij>,ആ<dem>] | ചെറിയ: [ചെറിയ<np>,ചെറിയ<quantifier>] | വീട്: [വീട്<n>] | ഒരു: [ഒരു<dem>,ഒരു<adj>] | വായനശാലയാണ്: [വായന<n><coordinative>ശാല<n>ആണ്<aff>,വായന<n><coordinative>ശാല<n>ആണ്<aff><adj>]",True,False
50,പഠനം മനോഹരമായ ഒരു അനുഭവമാണ്.,COPULA,ATTACHED,അനുഭവം,NOUN,NOMINATIVE_PREDICATE,Learning is a beautiful experience.,പഠനം മനോഹരമായ ഒരു അനുഭവമാണ് .,പഠനം/N_NN മനോഹരമായ/JJ ഒരു/QT_QTO അനുഭവമാണ്/V_VAUX ./RD_PUNC,"പഠനം: [പഠനം<sanskrit>] | മനോഹരമായ: [മനോഹരം<n>ആയ<cnj>,മനോഹരം<n>ആയ<postp>] | ഒരു: [ഒരു<dem>,ഒരു<adj>] | അനുഭവമാണ്: [അനുഭവം<n>ആണ്<aff>,അനുഭവം<sanskrit>ആണ്<aff>]",True,False
51,അധ്യാപകൻ ശിക്ഷിച്ചത് ആ കുസൃതിക്കാരൻ കുട്ടിയെ ആണ്.,FOCUS/CLEFT,DETACHED,കുട്ടിയെ,NOUN,ACCUSATIVE,It was that mischievous child whom the teacher punished.,അധ്യാപകൻ ശിക്ഷിച്ചത് ആ കുസൃതിക്കാരൻ കുട്ടിയെ ആണ് .,അധ്യാപകൻ/N_NN ശിക്ഷിച്ചത്/V_VM_VNF ആ/DM_DMD കുസൃതിക്കാരൻ/N_NN കുട്ടിയെ/N_NN ആണ്/V_VAUX ./RD_PUNC,"അധ്യാപകൻ: [അധ്യാപകൻ<n>,അ<dem>അധ്യാപകൻ<n>] | ശിക്ഷിച്ചത്: [ശിക്ഷിക്കുക<v><adv-clause-rp-past><n><deriv>,ശിക്ഷിക്കുക<v><adv-clause-rp-past><n><deriv><adj>] | ആ: [ആ<ij>,ആ<dem>] | കുസൃതിക്കാരൻ: [കുസൃതി<n><masculine><n><deriv>] | കുട്ടിയെ: [കുട്ടി<n><accusative>,കുട്ടി<np><accusative>] | ആണ്: [ആണ്<aff>]",False,True
52,ഞാൻ ഇന്നലെ വൈകിട്ട് കണ്ടത് രാഹുലിനെ ആണ്.,FOCUS/CLEFT,DETACHED,രാഹുലിനെ,NOUN,ACCUSATIVE,It was Rahul whom I saw yesterday evening.,ഞാൻ ഇന്നലെ വൈകിട്ട് കണ്ടത് രാഹുലിനെ ആണ് .,ഞാൻ/PR_PRP ഇന്നലെ/RB വൈകിട്ട്/V_VM_VF കണ്ടത്/V_VM_VNF രാഹുലിനെ/N_NN ആണ്/V_VAUX ./RD_PUNC,"ഞാൻ: [ഞാൻ<prn>] | ഇന്നലെ: [ഇന്നലെ<np>,ഇന്നൽ<n>എ<indeclinable>] | വൈകിട്ട്: [NO_ANALYSIS] | കണ്ടത്: [കണ്ടത്<n>,കാണുക<v><adv-clause-rp-past><n><deriv>] | രാഹുലിനെ: [രാഹുൽ<np><accusative>,രാഹുൽ<np><dative>എ<indeclinable>] | ആണ്: [ആണ്<aff>]",False,True
53,കുട്ടി കളിപ്പാട്ടം എറിഞ്ഞു പൊട്ടിച്ചത് നിലത്ത് ആണ്.,FOCUS/CLEFT,DETACHED,നിലത്ത്,NOUN,LOCATIVE,It was on the floor that the child threw and broke the toy.,കുട്ടി കളിപ്പാട്ടം എറിഞ്ഞു പൊട്ടിച്ചത് നിലത്ത് ആണ് .,കുട്ടി/N_NN കളിപ്പാട്ടം/N_NN എറിഞ്ഞു/RB പൊട്ടിച്ചത്/V_VM_VNF നിലത്ത്/N_NN ആണ്/V_VAUX ./RD_PUNC,"കുട്ടി: [കുട്ടി<n>,കുട്ടി<np>] | കളിപ്പാട്ടം: [കളിപ്പാട്ടം<n>,കളി<n><adj>പാട്ടം<n>] | എറിഞ്ഞു: [എറിയുക<v><past>] | പൊട്ടിച്ചത്: [പൊട്ടിക്കുക<v><adv-clause-rp-past><n><deriv>,പൊട്ടുക<v><causative-voice><adv-clause-rp-past><n><deriv>] | നിലത്ത്: [നിലം<n><locative>] | ആണ്: [ആണ്<aff>]",False,True
54,അമ്മയ്ക്ക് ഞങ്ങൾ സമ്മാനം നൽകിയത് ജന്മദിനത്തിൽ ആണ്.,FOCUS/CLEFT,DETACHED,ജന്മദിനത്തിൽ,NOUN,LOCATIVE,It was on her birthday that we gave mother a gift.,അമ്മയ്ക്ക് ഞങ്ങൾ സമ്മാനം നൽകിയത് ജന്മദിനത്തിൽ ആണ് .,അമ്മയ്ക്ക്/N_NN ഞങ്ങൾ/PR_PRP സമ്മാനം/N_NN നൽകിയത്/V_VM_VNF ജന്മദിനത്തിൽ/N_NN ആണ്/V_VAUX ./RD_PUNC,"അമ്മയ്ക്ക്: [അമ്മ<n><dative>,അമ്മ<np><dative>] | ഞങ്ങൾ: [ഞാൻ<prn><pl>] | സമ്മാനം: [സമ്മാനം<n>] | നൽകിയത്: [നൽകുക<v><adv-clause-rp-past><n><deriv>,നൽകുക<v><adv-clause-rp-past><n><deriv><adj>] | ജന്മദിനത്തിൽ: [ജന്മദിനം<n><locative>,ജന്മം<n><adj>ദിനം<np><locative>] | ആണ്: [ആണ്<aff>]",False,True
55,അച്ഛൻ വണ്ടി ഓടിച്ചത് വളരെ വേഗത്തിൽ ആണ്.,FOCUS/CLEFT,DETACHED,വേഗത്തിൽ,NOUN,LOCATIVE_MANNER,It was very fast that father drove the vehicle.,അച്ഛൻ വണ്ടി ഓടിച്ചത് വളരെ വേഗത്തിൽ ആണ് .,അച്ഛൻ/N_NN വണ്ടി/PSP ഓടിച്ചത്/V_VM_VNF വളരെ/RP_INTF വേഗത്തിൽ/RB ആണ്/V_VAUX ./RD_PUNC,"അച്ഛൻ: [അച്ഛൻ<n>,അ<dem>അച്ഛൻ<n>] | വണ്ടി: [വണ്ടി<n>] | ഓടിച്ചത്: [ഓടിക്കുക<v><adv-clause-rp-past><n><deriv>,ഓടുക<v><causative-voice><adv-clause-rp-past><n><deriv>] | വളരെ: [വളരെ<quantifier>] | വേഗത്തിൽ: [വേഗത്തിൽ<adv>,വേഗം<n><locative>] | ആണ്: [ആണ്<aff>]",False,True
56,അവൻ ആ തടിയൻ മരം മുറിച്ചത് ഈ വലിയ കോടാലി കൊണ്ട് ആണ്.,FOCUS/CLEFT,DETACHED,കോടാലി കൊണ്ട്,NOUN_POSTPOSITION,INSTRUMENTAL,It was with this big axe that he cut that thick tree.,അവൻ ആ തടിയൻ മരം മുറിച്ചത് ഈ വലിയ കോടാലി കൊണ്ട് ആണ് .,അവൻ/PR_PRP ആ/DM_DMD തടിയൻ/JJ മരം/N_NN മുറിച്ചത്/V_VM_VNF ഈ/DM_DMD വലിയ/JJ കോടാലി/N_NN കൊണ്ട്/PSP ആണ്/V_VAUX ./RD_PUNC,"അവൻ: [അവൻ<prn>,അ<dem>അവൻ<prn>] | ആ: [ആ<ij>,ആ<dem>] | തടിയൻ: [തടിയൻ<n>,തടി<n><masculine><n><deriv>] | മരം: [മരം<n>] | മുറിച്ചത്: [മുറിക്കുക<v><adv-clause-rp-past><n><deriv>,മുറിക്കുക<v><adv-clause-rp-past><n><deriv><adj>] | ഈ: [ഈ<dem>] | വലിയ: [വലിയ<quantifier>,വലിയുക<v><cvb-adv-part-absolute>] | കോടാലി: [കോടാലി<n>] | കൊണ്ട്: [കൊണ്ട്<cnj>,കൊണ്ട്<postp>] | ആണ്: [ആണ്<aff>]",False,True
57,അവർ പരീക്ഷ പാസായത് കഠിനമായ അധ്വാനം മൂലം ആണ്.,FOCUS/CLEFT,DETACHED,അധ്വാനം മൂലം,NOUN_POSTPOSITION,CAUSAL,It was due to hard work that they passed the exam.,അവർ പരീക്ഷ പാസായത് കഠിനമായ അധ്വാനം മൂലം ആണ് .,അവർ/PR_PRP പരീക്ഷ/N_NN പാസായത്/N_NN കഠിനമായ/JJ അധ്വാനം/N_NN മൂലം/PSP ആണ്/V_VAUX ./RD_PUNC,"അവർ: [അവർ<prn>,അ<dem>അവർ<prn>] | പരീക്ഷ: [പരീക്ഷ<sanskrit>] | പാസായത്: [NO_ANALYSIS] | കഠിനമായ: [കഠിനം<n>ആയ<cnj>,കഠിനം<n>ആയ<postp>] | അധ്വാനം: [അധ്വാനം<n>,അ<dem>ധ്വാനം<n>] | മൂലം: [മൂലം<n>,മൂലം<np>] | ആണ്: [ആണ്<aff>]",False,True
58,എനിക്ക് രഹസ്യം പറഞ്ഞുതന്നത് അവൾ ആണ്.,FOCUS/CLEFT,DETACHED,അവൾ,PRONOUN,NOMINATIVE_SUBJECT,It is she who told me the secret.,എനിക്ക് രഹസ്യം പറഞ്ഞുതന്നത് അവൾ ആണ് .,എനിക്ക്/PR_PRP രഹസ്യം/N_NN പറഞ്ഞുതന്നത്/V_VM_VNF അവൾ/PR_PRP ആണ്/V_VAUX ./RD_PUNC,"എനിക്ക്: [ഞാൻ<prn><dative>,ഞാൻ<prn><dative><adj>] | രഹസ്യം: [രഹസ്യം<n>] | പറഞ്ഞുതന്നത്: [പറയുക<v><cvb-adv-part-past>തരിക<v><adv-clause-rp-past><n><deriv>,പറയുക<v><cvb-adv-part-past>തരുക<v><adv-clause-rp-past><n><deriv>] | അവൾ: [അവൾ<prn>,അ<dem>അവൾ<prn>] | ആണ്: [ആണ്<aff>]",False,True
59,രാഹുൽ സമ്മാനം അയച്ചത് ആ കൊച്ചു പെൺകുട്ടിക്ക് ആണ്.,FOCUS/CLEFT,DETACHED,പെൺകുട്ടിക്ക്,NOUN,DATIVE,It was to that little girl that Rahul sent the gift.,രാഹുൽ സമ്മാനം അയച്ചത് ആ കൊച്ചു പെൺകുട്ടിക്ക് ആണ് .,രാഹുൽ/N_NNP സമ്മാനം/N_NN അയച്ചത്/V_VM_VNF ആ/DM_DMD കൊച്ചു/JJ പെൺകുട്ടിക്ക്/N_NN ആണ്/V_VAUX ./RD_PUNC,"രാഹുൽ: [രാഹുൽ<np>] | സമ്മാനം: [സമ്മാനം<n>] | അയച്ചത്: [അയയ്ക്കുക<v><adv-clause-rp-past><n><deriv>,അയയുക<v><causative-voice><adv-clause-rp-past><n><deriv>] | ആ: [ആ<ij>,ആ<dem>] | കൊച്ചു: [കൊച്ചു<np>,കൊച്ച്<n><adj>] | പെൺകുട്ടിക്ക്: [പെൺകുട്ടി<n><dative>] | ആണ്: [ആണ്<aff>]",False,True
60,ഞങ്ങൾ വിമാനം കയറേണ്ടത് നാലുമണിക്ക് ആണ്.,FOCUS/CLEFT,DETACHED,നാലുമണിക്ക്,NOUN,DATIVE_TEMPORAL,It is at four o'clock that we have to board the flight.,ഞങ്ങൾ വിമാനം കയറേണ്ടത് നാലുമണിക്ക് ആണ് .,ഞങ്ങൾ/PR_PRP വിമാനം/N_NN കയറേണ്ടത്/V_VM_VNF നാലുമണിക്ക്/N_NN ആണ്/V_VAUX ./RD_PUNC,"ഞങ്ങൾ: [ഞാൻ<prn><pl>] | വിമാനം: [വിമാനം<n>] | കയറേണ്ടത്: [കയറുക<v><cvb-adv-part-simul>അണ്ടുക<v><cvb-adv-part-absolute><n><deriv>,കയറുക<v><cvb-adv-part-simul>അണ്ടുക<v><cvb-adv-part-absolute><n><deriv><adj>] | നാലുമണിക്ക്: [നാല്<ones><cardinal><adj>മണി<n><dative>,നാലു്<ones><cardinal><adj>മണി<n><dative>] | ആണ്: [ആണ്<aff>]",False,True
61,പൂച്ച മേശപ്പുറത്തു നിന്നും താഴേക്ക് ചാടിയത് പെട്ടെന്ന് ആണ്.,FOCUS/CLEFT,DETACHED,പെട്ടെന്ന്,ADV,MANNER,It was suddenly that the cat jumped down from the table.,പൂച്ച മേശപ്പുറത്തു നിന്നും താഴേക്ക് ചാടിയത് പെട്ടെന്ന് ആണ് .,പൂച്ച/N_NN മേശപ്പുറത്തു/N_NN നിന്നും/PSP താഴേക്ക്/N_NST ചാടിയത്/N_NN പെട്ടെന്ന്/RB ആണ്/V_VAUX ./RD_PUNC,"പൂച്ച: [പൂച്ച<n>,പൂ<n><coordinative>അച്ച<n>] | മേശപ്പുറത്തു: [മേശ<n><adj>പുറം<n><locative>,മേശ<n><adj>പുറം<n><locative><adj>] | നിന്നും: [നിന്നും<cnj>,നിന്ന്<postp>ഉം<cnj>] | താഴേക്ക്: [താഴ്<n><adj>ഏക്ക്<n>,താഴ്<n><coordinative>ഏക്ക്<n>] | ചാടിയത്: [ചാടുക<v><adv-clause-rp-past><n><deriv>,ചാടുക<v><adv-clause-rp-past><n><deriv><adj>] | പെട്ടെന്ന്: [പെട്ടെന്ന്<adv>,പെട്ടെന്ന്<quantifier>] | ആണ്: [ആണ്<aff>]",False,True
62,ലക്ഷ്മി പുതിയ പുസ്തകം വാങ്ങിയത് വലിയ കടയിൽ നിന്നും ആണ്.,FOCUS/CLEFT,DETACHED,കടയിൽ നിന്നും,NOUN_POSTPOSITION,ABLATIVE_LOCATION,It was from the big shop that Lakshmi bought the new book.,ലക്ഷ്മി പുതിയ പുസ്തകം വാങ്ങിയത് വലിയ കടയിൽ നിന്നും ആണ് .,ലക്ഷ്മി/N_NNP പുതിയ/JJ പുസ്തകം/N_NN വാങ്ങിയത്/N_NN വലിയ/JJ കടയിൽ/N_NN നിന്നും/PSP ആണ്/V_VAUX ./RD_PUNC,"ലക്ഷ്മി: [ലക്ഷ്മി<n>,ലക്ഷ്മി<np>] | പുതിയ: [പുതിയ<adj>] | പുസ്തകം: [പുസ്തകം<n>] | വാങ്ങിയത്: [വാങ്ങുക<v><adv-clause-rp-past><n><deriv>,വാങ്ങുക<v><adv-clause-rp-past><n><deriv><adj>] | വലിയ: [വലിയ<quantifier>,വലിയുക<v><cvb-adv-part-absolute>] | കടയിൽ: [കട<n><locative>,കടയുക<v><cvb-adv-part-conditional>] | നിന്നും: [നിന്നും<cnj>,നിന്ന്<postp>ഉം<cnj>] | ആണ്: [ആണ്<aff>]",False,True
63,അവൻ പുതിയ കാർ ഓടിച്ചു പഠിക്കുന്നത് വൈകുന്നേരങ്ങളിൽ ആണ്.,FOCUS/CLEFT,DETACHED,വൈകുന്നേരങ്ങളിൽ,NOUN,LOCATIVE_TEMPORAL,It is during the evenings that he learns to drive the new car.,അവൻ പുതിയ കാർ ഓടിച്ചു പഠിക്കുന്നത് വൈകുന്നേരങ്ങളിൽ ആണ് .,അവൻ/PR_PRP പുതിയ/JJ കാർ/N_NN ഓടിച്ചു/V_VM_VF പഠിക്കുന്നത്/V_VM_VNF വൈകുന്നേരങ്ങളിൽ/N_NN ആണ്/V_VAUX ./RD_PUNC,"അവൻ: [അവൻ<prn>,അ<dem>അവൻ<prn>] | പുതിയ: [പുതിയ<adj>] | കാർ: [കാർ<eng>] | ഓടിച്ചു: [ഓടിക്കുക<v><past>,ഓടുക<v><causative-voice><past>] | പഠിക്കുന്നത്: [പഠിക്കുക<v><adv-clause-rp-present><n><deriv>,പഠിക്കുക<v><adv-clause-rp-present><n><deriv><adj>] | വൈകുന്നേരങ്ങളിൽ: [വൈകുന്നേരം<np><pl><locative>] | ആണ്: [ആണ്<aff>]",False,True
64,ആ വലിയ പാത്രം നിലത്തുവീണു പൊട്ടിയത് വലിയ ശബ്ദത്തോടെ ആണ്.,FOCUS/CLEFT,DETACHED,ശബ്ദത്തോടെ,NOUN,SOCIATIVE_MANNER,It was with a loud noise that that big vessel fell and broke on the floor.,ആ വലിയ പാത്രം നിലത്തുവീണു പൊട്ടിയത് വലിയ ശബ്ദത്തോടെ ആണ് .,ആ/DM_DMD വലിയ/JJ പാത്രം/N_NN നിലത്തുവീണു/V_VM_VNF പൊട്ടിയത്/N_NN വലിയ/JJ ശബ്ദത്തോടെ/N_NN ആണ്/V_VAUX ./RD_PUNC,"ആ: [ആ<ij>,ആ<dem>] | വലിയ: [വലിയ<quantifier>,വലിയുക<v><cvb-adv-part-absolute>] | പാത്രം: [പാത്രം<n>] | നിലത്തുവീണു: [നിലം<n><locative><n-v-compound>വീഴുക<v><past>,നിലം<n><locative><adj><n-v-compound>വീഴുക<v><past>] | പൊട്ടിയത്: [പൊട്ടുക<v><adv-clause-rp-past><n><deriv>,പൊട്ടുക<v><adv-clause-rp-past><n><deriv><adj>] | വലിയ: [വലിയ<quantifier>,വലിയുക<v><cvb-adv-part-absolute>] | ശബ്ദത്തോടെ: [ശബ്ദം<n><sociative>എ<indeclinable>,ശബ്ദം<n><adj>തോട്<n>എ<indeclinable>] | ആണ്: [ആണ്<aff>]",False,True
65,മന്ത്രി യോഗത്തിൽ വെച്ച് സംസാരിച്ചത് വളരെ ധൈര്യത്തോടെ ആണ്.,FOCUS/CLEFT,DETACHED,ധൈര്യത്തോടെ,NOUN,SOCIATIVE_MANNER,It was with great courage that the minister spoke during the meeting.,മന്ത്രി യോഗത്തിൽ വെച്ച് സംസാരിച്ചത് വളരെ ധൈര്യത്തോടെ ആണ് .,മന്ത്രി/N_NN യോഗത്തിൽ/RB വെച്ച്/V_VM_VNF സംസാരിച്ചത്/V_VM_VNF വളരെ/RP_INTF ധൈര്യത്തോടെ/N_NN ആണ്/V_VAUX ./RD_PUNC,"മന്ത്രി: [മന്ത്രി<n>] | യോഗത്തിൽ: [യോഗം<n><locative>] | വെച്ച്: [വെച്ച്<postp>,വെയ്ക്കുക<v><cvb-adv-part-past>] | സംസാരിച്ചത്: [സംസാരിക്കുക<v><adv-clause-rp-past><n><deriv>,സംസാരിക്കുക<v><adv-clause-rp-past><n><deriv><adj>] | വളരെ: [വളരെ<quantifier>] | ധൈര്യത്തോടെ: [ധൈര്യം<n><sociative>എ<indeclinable>,ധൈര്യം<n><adj>തോട്<n>എ<indeclinable>] | ആണ്: [ആണ്<aff>]",False,True
66,വിദ്യാർത്ഥികൾ സുന്ദരമായ ചിത്രം വരച്ചത് ബ്രഷുകൾ കൊണ്ട് ആണ്.,FOCUS/CLEFT,DETACHED,ബ്രഷുകൾ കൊണ്ട്,NOUN_POSTPOSITION,INSTRUMENTAL,It was with brushes that the students painted the beautiful picture.,വിദ്യാർത്ഥികൾ സുന്ദരമായ ചിത്രം വരച്ചത് ബ്രഷുകൾ കൊണ്ട് ആണ് .,വിദ്യാർത്ഥികൾ/N_NN സുന്ദരമായ/JJ ചിത്രം/N_NN വരച്ചത്/N_NN ബ്രഷുകൾ/N_NN കൊണ്ട്/PSP ആണ്/V_VAUX ./RD_PUNC,"വിദ്യാർത്ഥികൾ: [വിദ്യാർത്ഥി<n><pl>] | സുന്ദരമായ: [സുന്ദരം<n>ആയ<cnj>,സുന്ദരം<n>ആയ<postp>] | ചിത്രം: [ചിത്രം<n>] | വരച്ചത്: [വരയ്ക്കുക<v><adv-clause-rp-past><n><deriv>,വരയ്ക്കുക<v><adv-clause-rp-past><n><deriv><adj>] | ബ്രഷുകൾ: [ബ്രഷ്<eng><pl>] | കൊണ്ട്: [കൊണ്ട്<cnj>,കൊണ്ട്<postp>] | ആണ്: [ആണ്<aff>]",False,True
67,കനത്ത മഴ കാരണം ആണ് കളി മാറ്റിവെച്ചത്.,FOCUS/CLEFT,DETACHED,മഴ കാരണം,NOUN_POSTPOSITION,CAUSAL_SUBJECT,It was because of the heavy rain that the match was postponed.,കനത്ത മഴ കാരണം ആണ് കളി മാറ്റിവെച്ചത് .,കനത്ത/JJ മഴ/N_NN കാരണം/CC_CCD ആണ്/V_VM കളി/N_NN മാറ്റിവെച്ചത്/V_VM_VNF ./RD_PUNC,"കനത്ത: [കനത്ത<quantifier>] | മഴ: [മഴ<n>] | കാരണം: [കാരണം<n>,കാരണം<postp>] | ആണ്: [ആണ്<aff>] | കളി: [കളി<n>] | മാറ്റിവെച്ചത്: [മാറ്റുക<v><cvb-adv-part-past>വെയ്ക്കുക<v><adv-clause-rp-past><n><deriv>,മാറുക<v><causative-voice><cvb-adv-part-past>വെയ്ക്കുക<v><adv-clause-rp-past><n><deriv>]",False,True
68,തമ്പുരാൻ്റെ രത്നങ്ങൾ ഒളിപ്പിച്ചു വെച്ചിരിക്കുന്നത് ഈ രഹസ്യ മുറിയിൽ ആണ്.,FOCUS/CLEFT,DETACHED,മുറിയിൽ,NOUN,LOCATIVE,It is in this secret room that the king's jewels are hidden.,തമ്പുരാൻ്റെ രത്നങ്ങൾ ഒളിപ്പിച്ചു വെച്ചിരിക്കുന്നത് ഈ രഹസ്യ മുറിയിൽ ആണ് .,തമ്പുരാൻ്റെ/N_NN രത്നങ്ങൾ/N_NN ഒളിപ്പിച്ചു/RB വെച്ചിരിക്കുന്നത്/V_VM_VNF ഈ/DM_DMD രഹസ്യ/JJ മുറിയിൽ/N_NN ആണ്/V_VAUX ./RD_PUNC,"തമ്പുരാൻ്റെ: [തമ്പുരാൻ<n><genitive>] | രത്നങ്ങൾ: [രത്നം<n><pl>,രത്നം<np><pl>] | ഒളിപ്പിച്ചു: [ഒളിക്കുക<v><causative-voice><past>,ഒളി<n><adj>പിച്ച്<n><adj>] | വെച്ചിരിക്കുന്നത്: [വെയ്ക്കുക<v><cvb-adv-part-past>ഇരിക്കുക<v><adv-clause-rp-present><n><deriv>,വെയ്ക്കുക<v><cvb-adv-part-past>ഇരിക്കുക<v><adv-clause-rp-present><n><deriv><adj>] | ഈ: [ഈ<dem>] | രഹസ്യ: [രഹസ്യം<n><adj>] | മുറിയിൽ: [മുറി<n><locative>,മുറിയുക<v><cvb-adv-part-conditional>] | ആണ്: [ആണ്<aff>]",False,True
69,ഞങ്ങൾ കഴിഞ്ഞ മാസം താമസിച്ചത് കോട്ടയത്ത് ആണ്.,FOCUS/CLEFT,DETACHED,കോട്ടയത്ത്,NOUN,LOCATIVE,It was in Kottayam that we stayed last month.,ഞങ്ങൾ കഴിഞ്ഞ മാസം താമസിച്ചത് കോട്ടയത്ത് ആണ് .,ഞങ്ങൾ/PR_PRP കഴിഞ്ഞ/JJ മാസം/N_NN താമസിച്ചത്/V_VM_VNF കോട്ടയത്ത്/N_NN ആണ്/V_VAUX ./RD_PUNC,"ഞങ്ങൾ: [ഞാൻ<prn><pl>] | കഴിഞ്ഞ: [കഴിയുക<v><adv-clause-rp-past>,കഴിയുക<v><past><adv-clause-rp-past>] | മാസം: [മാസം<n>,മാസം<np>] | താമസിച്ചത്: [താമസിക്കുക<v><adv-clause-rp-past><n><deriv>,താമസിക്കുക<v><adv-clause-rp-past><n><deriv><adj>] | കോട്ടയത്ത്: [കോട്ടയം<np><locative>,കോട്ട്<n><adj>അയം<n><locative>] | ആണ്: [ആണ്<aff>]",False,True
70,പരീക്ഷ എഴുതാൻ കുട്ടികൾ പേന ഉപയോഗിക്കുന്നത് വളരെ ശ്രദ്ധയോടെ ആണ്.,FOCUS/CLEFT,DETACHED,ശ്രദ്ധയോടെ,NOUN,SOCIATIVE_MANNER,It is with great care that the children use the pen to write the exam.,പരീക്ഷ എഴുതാൻ കുട്ടികൾ പേന ഉപയോഗിക്കുന്നത് വളരെ ശ്രദ്ധയോടെ ആണ് .,പരീക്ഷ/N_NN എഴുതാൻ/V_VM_VNF കുട്ടികൾ/N_NN പേന/N_NN ഉപയോഗിക്കുന്നത്/V_VM_VNF വളരെ/RP_INTF ശ്രദ്ധയോടെ/RB ആണ്/V_VAUX ./RD_PUNC,"പരീക്ഷ: [പരീക്ഷ<sanskrit>] | എഴുതാൻ: [എഴുതുക<v><purposive-mood>,എഴുതുക<v><cvb-adv-part-future>] | കുട്ടികൾ: [കുട്ടി<n><pl>,കുട്ടി<np><pl>] | പേന: [പേന<n>] | ഉപയോഗിക്കുന്നത്: [ഉപയോഗിക്കുക<v><adv-clause-rp-present><n><deriv>,ഉപയോഗിക്കുക<v><adv-clause-rp-present><n><deriv><adj>] | വളരെ: [വളരെ<quantifier>] | ശ്രദ്ധയോടെ: [ശ്രദ്ധ<n><sociative>എ<indeclinable>,ശ്രദ്ധ<n><adj>ഓട്<n>എ<indeclinable>] | ആണ്: [ആണ്<aff>]",False,True
71,അമ്മ പലഹാരങ്ങൾ ഉണ്ടാക്കി സൂക്ഷിക്കുന്നത് അടുക്കളയിലെ കുപ്പിയിൽ ആണ്.,FOCUS/CLEFT,DETACHED,കുപ്പിയിൽ,NOUN,LOCATIVE,It is in the jar in the kitchen that mother keeps the snacks made.,അമ്മ പലഹാരങ്ങൾ ഉണ്ടാക്കി സൂക്ഷിക്കുന്നത് അടുക്കളയിലെ കുപ്പിയിൽ ആണ് .,അമ്മ/N_NN പലഹാരങ്ങൾ/N_NN ഉണ്ടാക്കി/V_VM_VNF സൂക്ഷിക്കുന്നത്/V_VM_VNF അടുക്കളയിലെ/N_NNP കുപ്പിയിൽ/N_NN ആണ്/V_VAUX ./RD_PUNC,"അമ്മ: [അമ്മ<n>,അമ്മ<np>] | പലഹാരങ്ങൾ: [പലഹാരം<n><pl>,പലം<n><adj>ഹാരം<n><pl>] | ഉണ്ടാക്കി: [ഉണ്ടാക്കുക<v><past>,ഉണ്ടാക്കുക<v><cvb-adv-part-past>] | സൂക്ഷിക്കുന്നത്: [സൂക്ഷിക്കുക<v><adv-clause-rp-present><n><deriv>,സൂക്ഷിക്കുക<v><adv-clause-rp-present><n><deriv><adj>] | അടുക്കളയിലെ: [അടുക്കള<n><locative>എ<indeclinable>,അ<dem>അടുക്കള<n><locative>എ<indeclinable>] | കുപ്പിയിൽ: [കുപ്പി<n><locative>] | ആണ്: [ആണ്<aff>]",False,True
72,അവൾ കോളേജിൽ എത്തിയത് തൻ്റെ സ്വന്തം സ്കൂട്ടറിൽ ആണ്.,FOCUS/CLEFT,DETACHED,സ്കൂട്ടറിൽ,NOUN,LOCATIVE_INSTRUMENTAL,It was on her own scooter that she arrived at the college.,അവൾ കോളേജിൽ എത്തിയത് തൻ്റെ സ്വന്തം സ്കൂട്ടറിൽ ആണ് .,അവൾ/PR_PRP കോളേജിൽ/N_NN എത്തിയത്/V_VM_VNF തൻ്റെ/PR_PRF സ്വന്തം/PR_PRF സ്കൂട്ടറിൽ/N_NN ആണ്/V_VAUX ./RD_PUNC,"അവൾ: [അവൾ<prn>,അ<dem>അവൾ<prn>] | കോളേജിൽ: [കോളേജ്<n><locative>,കോളേജ്<eng><locative>] | എത്തിയത്: [എത്തുക<v><adv-clause-rp-past><n><deriv>,എത്തുക<v><adv-clause-rp-past><n><deriv><adj>] | തൻ്റെ: [തൻ<n><genitive>,തൻ<prn><genitive>] | സ്വന്തം: [സ്വന്തം<n>] | സ്കൂട്ടറിൽ: [സ്കൂട്ടർ<eng><locative>] | ആണ്: [ആണ്<aff>]",False,True
73,ആ വലിയ മരങ്ങൾ മുഴുവൻ കടപുഴകി വീണത് ചുഴലിക്കാറ്റ് മൂലം ആണ്.,FOCUS/CLEFT,DETACHED,ചുഴലിക്കാറ്റ് മൂലം,NOUN_POSTPOSITION,CAUSAL,It was due to the cyclone that all those big trees fell uprooted.,ആ വലിയ മരങ്ങൾ മുഴുവൻ കടപുഴകി വീണത് ചുഴലിക്കാറ്റ് മൂലം ആണ് .,ആ/DM_DMD വലിയ/JJ മരങ്ങൾ/N_NN മുഴുവൻ/QT_QTF കടപുഴകി/V_VM_VF വീണത്/N_NN ചുഴലിക്കാറ്റ്/N_NN മൂലം/PSP ആണ്/V_VAUX ./RD_PUNC,"ആ: [ആ<ij>,ആ<dem>] | വലിയ: [വലിയ<quantifier>,വലിയുക<v><cvb-adv-part-absolute>] | മരങ്ങൾ: [മരം<n><pl>] | മുഴുവൻ: [മുഴുവൻ<quantifier>] | കടപുഴകി: [NO_ANALYSIS] | വീണത്: [വീഴുക<v><adv-clause-rp-past><n><deriv>,വീഴുക<v><adv-clause-rp-past><n><deriv><adj>] | ചുഴലിക്കാറ്റ്: [ചുഴലിക്കാറ്റ്<n>,ചുഴലി<n><adj>കാറ്റ്<n>] | മൂലം: [മൂലം<n>,മൂലം<np>] | ആണ്: [ആണ്<aff>]",False,True
74,വിദേശത്തു നിന്നും എൻ്റെ കൂട്ടുകാരൻ എത്തിയത് ഇന്നലെ അർദ്ധരാത്രിയിൽ ആണ്.,FOCUS/CLEFT,DETACHED,അർദ്ധരാത്രിയിൽ,NOUN,LOCATIVE_TEMPORAL,It was at midnight yesterday that my friend arrived from abroad.,വിദേശത്തു നിന്നും എൻ്റെ കൂട്ടുകാരൻ എത്തിയത് ഇന്നലെ അർദ്ധരാത്രിയിൽ ആണ് .,വിദേശത്തു/N_NN നിന്നും/PSP എൻ്റെ/N_NN കൂട്ടുകാരൻ/N_NN എത്തിയത്/V_VM_VNF ഇന്നലെ/RB അർദ്ധരാത്രിയിൽ/N_NN ആണ്/V_VAUX ./RD_PUNC,"വിദേശത്തു: [വിദേശം<n><locative>,വിദേശം<n><locative><adj>] | നിന്നും: [നിന്നും<cnj>,നിന്ന്<postp>ഉം<cnj>] | എൻ്റെ: [എൻ<n><genitive>,ഞാൻ<prn><genitive>] | കൂട്ടുകാരൻ: [കൂട്ട്<n><masculine><n><deriv>] | എത്തിയത്: [എത്തുക<v><adv-clause-rp-past><n><deriv>,എത്തുക<v><adv-clause-rp-past><n><deriv><adj>] | ഇന്നലെ: [ഇന്നലെ<np>,ഇന്നൽ<n>എ<indeclinable>] | അർദ്ധരാത്രിയിൽ: [അർദ്ധം<sanskrit><adj>രാത്രി<np><locative>,അർദ്ധം<sanskrit><adj>രാത്രി<sanskrit><locative>] | ആണ്: [ആണ്<aff>]",False,True
75,നീ ഈ കഠിനമായ ജോലി ചെയ്യേണ്ടത് നാളെ ആണ്.,FOCUS/CLEFT,DETACHED,നാളെ,NOUN,NOMINATIVE_TEMPORAL,It is tomorrow that you must perform this hard work.,നീ ഈ കഠിനമായ ജോലി ചെയ്യേണ്ടത് നാളെ ആണ് .,നീ/PR_PRP ഈ/DM_DMD കഠിനമായ/JJ ജോലി/N_NN ചെയ്യേണ്ടത്/V_VM_VNF നാളെ/PR_PRP ആണ്/V_VAUX ./RD_PUNC,"നീ: [നീ<prn>] | ഈ: [ഈ<dem>] | കഠിനമായ: [കഠിനം<n>ആയ<cnj>,കഠിനം<n>ആയ<postp>] | ജോലി: [ജോലി<n>] | ചെയ്യേണ്ടത്: [ചെയ്യുക<v><cvb-adv-part-simul>അണ്ടുക<v><cvb-adv-part-absolute><n><deriv>,ചെയ്യുക<v><cvb-adv-part-simul>അണ്ടുക<v><cvb-adv-part-absolute><n><deriv><adj>] | നാളെ: [നാളെ<n>,നാളെ<np>] | ആണ്: [ആണ്<aff>]",False,True
76,അധ്യാപകൻ ശിക്ഷിച്ചത് ആ കുസൃതിക്കാരൻ കുട്ടിയെയാണ്.,FOCUS/CLEFT,ATTACHED,കുട്ടിയെ,NOUN,ACCUSATIVE,It was that mischievous child whom the teacher punished.,അധ്യാപകൻ ശിക്ഷിച്ചത് ആ കുസൃതിക്കാരൻ കുട്ടിയെയാണ് .,അധ്യാപകൻ/N_NN ശിക്ഷിച്ചത്/V_VM_VNF ആ/DM_DMD കുസൃതിക്കാരൻ/N_NN കുട്ടിയെയാണ്/V_VAUX ./RD_PUNC,"അധ്യാപകൻ: [അധ്യാപകൻ<n>,അ<dem>അധ്യാപകൻ<n>] | ശിക്ഷിച്ചത്: [ശിക്ഷിക്കുക<v><adv-clause-rp-past><n><deriv>,ശിക്ഷിക്കുക<v><adv-clause-rp-past><n><deriv><adj>] | ആ: [ആ<ij>,ആ<dem>] | കുസൃതിക്കാരൻ: [കുസൃതി<n><masculine><n><deriv>] | കുട്ടിയെയാണ്: [കുട്ടി<n><accusative>ആണ്<aff>,കുട്ടി<np><accusative>ആണ്<aff>]",True,False
77,ഞാൻ ഇന്നലെ വൈകിട്ട് കണ്ടത് രാഹുലിനെയാണ്.,FOCUS/CLEFT,ATTACHED,രാഹുലിനെ,NOUN,ACCUSATIVE,It was Rahul whom I saw yesterday evening.,ഞാൻ ഇന്നലെ വൈകിട്ട് കണ്ടത് രാഹുലിനെയാണ് .,ഞാൻ/PR_PRP ഇന്നലെ/RB വൈകിട്ട്/V_VM_VF കണ്ടത്/V_VM_VNF രാഹുലിനെയാണ്/V_VAUX ./RD_PUNC,"ഞാൻ: [ഞാൻ<prn>] | ഇന്നലെ: [ഇന്നലെ<np>,ഇന്നൽ<n>എ<indeclinable>] | വൈകിട്ട്: [NO_ANALYSIS] | കണ്ടത്: [കണ്ടത്<n>,കാണുക<v><adv-clause-rp-past><n><deriv>] | രാഹുലിനെയാണ്: [രാഹുൽ<np><accusative>ആണ്<aff>,രാഹുൽ<np><accusative>ആണ്<aff><adj>]",True,False
78,കുട്ടി കളിപ്പാട്ടം എറിഞ്ഞു പൊട്ടിച്ചത് നിലത്താണ്.,FOCUS/CLEFT,ATTACHED,നിലത്ത്,NOUN,LOCATIVE,It was on the floor that the child threw and broke the toy.,കുട്ടി കളിപ്പാട്ടം എറിഞ്ഞു പൊട്ടിച്ചത് നിലത്താണ് .,കുട്ടി/N_NN കളിപ്പാട്ടം/N_NN എറിഞ്ഞു/RB പൊട്ടിച്ചത്/V_VM_VNF നിലത്താണ്/V_VAUX ./RD_PUNC,"കുട്ടി: [കുട്ടി<n>,കുട്ടി<np>] | കളിപ്പാട്ടം: [കളിപ്പാട്ടം<n>,കളി<n><adj>പാട്ടം<n>] | എറിഞ്ഞു: [എറിയുക<v><past>] | പൊട്ടിച്ചത്: [പൊട്ടിക്കുക<v><adv-clause-rp-past><n><deriv>,പൊട്ടുക<v><causative-voice><adv-clause-rp-past><n><deriv>] | നിലത്താണ്: [നിലം<n><locative>ആണ്<aff>,നിലം<n><locative>ആണ്<aff><adj>]",True,False
79,അമ്മയ്ക്ക് ഞങ്ങൾ സമ്മാനം നൽകിയത് ജന്മദിനത്തിലാണ്.,FOCUS/CLEFT,ATTACHED,ജന്മദിനത്തിൽ,NOUN,LOCATIVE,It was on her birthday that we gave mother a gift.,അമ്മയ്ക്ക് ഞങ്ങൾ സമ്മാനം നൽകിയത് ജന്മദിനത്തിലാണ് .,അമ്മയ്ക്ക്/N_NN ഞങ്ങൾ/PR_PRP സമ്മാനം/N_NN നൽകിയത്/V_VM_VNF ജന്മദിനത്തിലാണ്/V_VAUX ./RD_PUNC,"അമ്മയ്ക്ക്: [അമ്മ<n><dative>,അമ്മ<np><dative>] | ഞങ്ങൾ: [ഞാൻ<prn><pl>] | സമ്മാനം: [സമ്മാനം<n>] | നൽകിയത്: [നൽകുക<v><adv-clause-rp-past><n><deriv>,നൽകുക<v><adv-clause-rp-past><n><deriv><adj>] | ജന്മദിനത്തിലാണ്: [ജന്മദിനം<n><locative>ആണ്<aff>,ജന്മദിനം<n><locative>ആണ്<aff><adj>]",True,False
80,അച്ഛൻ വണ്ടി ഓടിച്ചത് വളരെ വേഗത്തിലാണ്.,FOCUS/CLEFT,ATTACHED,വേഗത്തിൽ,NOUN,LOCATIVE_MANNER,It was very fast that father drove the vehicle.,അച്ഛൻ വണ്ടി ഓടിച്ചത് വളരെ വേഗത്തിലാണ് .,അച്ഛൻ/N_NN വണ്ടി/PSP ഓടിച്ചത്/V_VM_VNF വളരെ/RP_INTF വേഗത്തിലാണ്/V_VAUX ./RD_PUNC,"അച്ഛൻ: [അച്ഛൻ<n>,അ<dem>അച്ഛൻ<n>] | വണ്ടി: [വണ്ടി<n>] | ഓടിച്ചത്: [ഓടിക്കുക<v><adv-clause-rp-past><n><deriv>,ഓടുക<v><causative-voice><adv-clause-rp-past><n><deriv>] | വളരെ: [വളരെ<quantifier>] | വേഗത്തിലാണ്: [വേഗം<n><locative>ആണ്<aff>,വേഗം<n><locative>ആണ്<aff><adj>]",True,False
81,അവൻ ആ തടിയൻ മരം മുറിച്ചത് ഈ വലിയ കോടാലി കൊണ്ടാണ്.,FOCUS/CLEFT,ATTACHED,കോടാലി കൊണ്ട്,NOUN_POSTPOSITION,INSTRUMENTAL,It was with this big axe that he cut that thick tree.,അവൻ ആ തടിയൻ മരം മുറിച്ചത് ഈ വലിയ കോടാലി കൊണ്ടാണ് .,അവൻ/PR_PRP ആ/DM_DMD തടിയൻ/JJ മരം/N_NN മുറിച്ചത്/V_VM_VNF ഈ/DM_DMD വലിയ/JJ കോടാലി/N_NN കൊണ്ടാണ്/V_VAUX ./RD_PUNC,"അവൻ: [അവൻ<prn>,അ<dem>അവൻ<prn>] | ആ: [ആ<ij>,ആ<dem>] | തടിയൻ: [തടിയൻ<n>,തടി<n><masculine><n><deriv>] | മരം: [മരം<n>] | മുറിച്ചത്: [മുറിക്കുക<v><adv-clause-rp-past><n><deriv>,മുറിക്കുക<v><adv-clause-rp-past><n><deriv><adj>] | ഈ: [ഈ<dem>] | വലിയ: [വലിയ<quantifier>,വലിയുക<v><cvb-adv-part-absolute>] | കോടാലി: [കോടാലി<n>] | കൊണ്ടാണ്: [കൊണ്ട്<cnj>ആണ്<aff>,കൊണ്ടു്<cnj>ആണ്<aff>]",True,False
82,അവർ പരീക്ഷ പാസായത് കഠിനമായ അധ്വാനം മൂലമാണ്.,FOCUS/CLEFT,ATTACHED,അധ്വാനം മൂലം,NOUN_POSTPOSITION,CAUSAL,It was due to hard work that they passed the exam.,അവർ പരീക്ഷ പാസായത് കഠിനമായ അധ്വാനം മൂലമാണ് .,അവർ/PR_PRP പരീക്ഷ/N_NN പാസായത്/N_NN കഠിനമായ/JJ അധ്വാനം/N_NN മൂലമാണ്/V_VAUX ./RD_PUNC,"അവർ: [അവർ<prn>,അ<dem>അവർ<prn>] | പരീക്ഷ: [പരീക്ഷ<sanskrit>] | പാസായത്: [NO_ANALYSIS] | കഠിനമായ: [കഠിനം<n>ആയ<cnj>,കഠിനം<n>ആയ<postp>] | അധ്വാനം: [അധ്വാനം<n>,അ<dem>ധ്വാനം<n>] | മൂലമാണ്: [മൂലം<n>ആണ്<aff>,മൂലം<np>ആണ്<aff>]",True,False
83,എനിക്ക് രഹസ്യം പറഞ്ഞുതന്നത് അവളാണ്.,FOCUS/CLEFT,ATTACHED,അവൾ,PRONOUN,NOMINATIVE_SUBJECT,It is she who told me the secret.,എനിക്ക് രഹസ്യം പറഞ്ഞുതന്നത് അവളാണ് .,എനിക്ക്/PR_PRP രഹസ്യം/N_NN പറഞ്ഞുതന്നത്/V_VM_VNF അവളാണ്/V_VAUX ./RD_PUNC,"എനിക്ക്: [ഞാൻ<prn><dative>,ഞാൻ<prn><dative><adj>] | രഹസ്യം: [രഹസ്യം<n>] | പറഞ്ഞുതന്നത്: [പറയുക<v><cvb-adv-part-past>തരിക<v><adv-clause-rp-past><n><deriv>,പറയുക<v><cvb-adv-part-past>തരുക<v><adv-clause-rp-past><n><deriv>] | അവളാണ്: [അവൾ<prn>ആണ്<aff>,അവൾ<prn>ആണ്<aff><adj>]",True,False
84,രാഹുൽ സമ്മാനം അയച്ചത് ആ കൊച്ചു പെൺകുട്ടിക്കാണ്.,FOCUS/CLEFT,ATTACHED,പെൺകുട്ടിക്ക്,NOUN,DATIVE,It was to that little girl that Rahul sent the gift.,രാഹുൽ സമ്മാനം അയച്ചത് ആ കൊച്ചു പെൺകുട്ടിക്കാണ് .,രാഹുൽ/N_NNP സമ്മാനം/N_NN അയച്ചത്/V_VM_VNF ആ/DM_DMD കൊച്ചു/JJ പെൺകുട്ടിക്കാണ്/V_VAUX ./RD_PUNC,"രാഹുൽ: [രാഹുൽ<np>] | സമ്മാനം: [സമ്മാനം<n>] | അയച്ചത്: [അയയ്ക്കുക<v><adv-clause-rp-past><n><deriv>,അയയുക<v><causative-voice><adv-clause-rp-past><n><deriv>] | ആ: [ആ<ij>,ആ<dem>] | കൊച്ചു: [കൊച്ചു<np>,കൊച്ച്<n><adj>] | പെൺകുട്ടിക്കാണ്: [പെൺകുട്ടി<n><dative>ആണ്<aff>,പെൺകുട്ടി<n><dative>ആണ്<aff><adj>]",True,False
85,ഞങ്ങൾ വിമാനം കയറേണ്ടത് നാലുമണിക്കാണ്.,FOCUS/CLEFT,ATTACHED,നാലുമണിക്ക്,NOUN,DATIVE_TEMPORAL,It is at four o'clock that we have to board the flight.,ഞങ്ങൾ വിമാനം കയറേണ്ടത് നാലുമണിക്കാണ് .,ഞങ്ങൾ/PR_PRP വിമാനം/N_NN കയറേണ്ടത്/V_VM_VNF നാലുമണിക്കാണ്/V_VAUX ./RD_PUNC,"ഞങ്ങൾ: [ഞാൻ<prn><pl>] | വിമാനം: [വിമാനം<n>] | കയറേണ്ടത്: [കയറുക<v><cvb-adv-part-simul>അണ്ടുക<v><cvb-adv-part-absolute><n><deriv>,കയറുക<v><cvb-adv-part-simul>അണ്ടുക<v><cvb-adv-part-absolute><n><deriv><adj>] | നാലുമണിക്കാണ്: [നാല്<ones><cardinal><adj>മണി<n><dative>ആണ്<aff>,നാലു്<ones><cardinal><adj>മണി<n><dative>ആണ്<aff>]",True,False
86,പൂച്ച മേശപ്പുറത്തു നിന്നും താഴേക്ക് ചാടിയത് പെട്ടെന്നാണ്.,FOCUS/CLEFT,ATTACHED,പെട്ടെന്ന്,ADV,MANNER,It was suddenly that the cat jumped down from the table.,പൂച്ച മേശപ്പുറത്തു നിന്നും താഴേക്ക് ചാടിയത് പെട്ടെന്നാണ് .,പൂച്ച/N_NN മേശപ്പുറത്തു/N_NN നിന്നും/PSP താഴേക്ക്/N_NST ചാടിയത്/N_NN പെട്ടെന്നാണ്/V_VAUX ./RD_PUNC,"പൂച്ച: [പൂച്ച<n>,പൂ<n><coordinative>അച്ച<n>] | മേശപ്പുറത്തു: [മേശ<n><adj>പുറം<n><locative>,മേശ<n><adj>പുറം<n><locative><adj>] | നിന്നും: [നിന്നും<cnj>,നിന്ന്<postp>ഉം<cnj>] | താഴേക്ക്: [താഴ്<n><adj>ഏക്ക്<n>,താഴ്<n><coordinative>ഏക്ക്<n>] | ചാടിയത്: [ചാടുക<v><adv-clause-rp-past><n><deriv>,ചാടുക<v><adv-clause-rp-past><n><deriv><adj>] | പെട്ടെന്നാണ്: [പെട്ടെന്ന്<quantifier>ആണ്<aff>,പെട്ട്<n>എന്ന്<cnj>ആണ്<aff>]",True,False
87,ലക്ഷ്മി പുതിയ പുസ്തകം വാങ്ങിയത് വലിയ കടയിൽ നിന്നാണ്.,FOCUS/CLEFT,ATTACHED,കടയിൽ നിന്നും,NOUN_POSTPOSITION,ABLATIVE_LOCATION,It was from the big shop that Lakshmi bought the new book.,ലക്ഷ്മി പുതിയ പുസ്തകം വാങ്ങിയത് വലിയ കടയിൽ നിന്നാണ് .,ലക്ഷ്മി/N_NNP പുതിയ/JJ പുസ്തകം/N_NN വാങ്ങിയത്/N_NN വലിയ/JJ കടയിൽ/N_NN നിന്നാണ്/V_VAUX ./RD_PUNC,"ലക്ഷ്മി: [ലക്ഷ്മി<n>,ലക്ഷ്മി<np>] | പുതിയ: [പുതിയ<adj>] | പുസ്തകം: [പുസ്തകം<n>] | വാങ്ങിയത്: [വാങ്ങുക<v><adv-clause-rp-past><n><deriv>,വാങ്ങുക<v><adv-clause-rp-past><n><deriv><adj>] | വലിയ: [വലിയ<quantifier>,വലിയുക<v><cvb-adv-part-absolute>] | കടയിൽ: [കട<n><locative>,കടയുക<v><cvb-adv-part-conditional>] | നിന്നാണ്: [നിൽക്കുക<v><cvb-adv-part-past>ആണ്<aff>,നില്ക്കുക<v><cvb-adv-part-past>ആണ്<aff>]",True,False
88,അവൻ പുതിയ കാർ ഓടിച്ചു പഠിക്കുന്നത് വൈകുന്നേരങ്ങളിലാണ്.,FOCUS/CLEFT,ATTACHED,വൈകുന്നേരങ്ങളിൽ,NOUN,LOCATIVE_TEMPORAL,It is during the evenings that he learns to drive the new car.,അവൻ പുതിയ കാർ ഓടിച്ചു പഠിക്കുന്നത് വൈകുന്നേരങ്ങളിലാണ് .,അവൻ/PR_PRP പുതിയ/JJ കാർ/N_NN ഓടിച്ചു/V_VM_VF പഠിക്കുന്നത്/V_VM_VNF വൈകുന്നേരങ്ങളിലാണ്/V_VAUX ./RD_PUNC,"അവൻ: [അവൻ<prn>,അ<dem>അവൻ<prn>] | പുതിയ: [പുതിയ<adj>] | കാർ: [കാർ<eng>] | ഓടിച്ചു: [ഓടിക്കുക<v><past>,ഓടുക<v><causative-voice><past>] | പഠിക്കുന്നത്: [പഠിക്കുക<v><adv-clause-rp-present><n><deriv>,പഠിക്കുക<v><adv-clause-rp-present><n><deriv><adj>] | വൈകുന്നേരങ്ങളിലാണ്: [വൈകുന്നേരം<np><pl><locative>ആണ്<aff>,വൈകുന്നേരം<np><pl><locative>ആണ്<aff><adj>]",True,False
89,ആ വലിയ പാത്രം നിലത്തുവീണു പൊട്ടിയത് വലിയ ശബ്ദത്തോടെയാണ്.,FOCUS/CLEFT,ATTACHED,ശബ്ദത്തോടെ,NOUN,SOCIATIVE_MANNER,It was with a loud noise that that big vessel fell and broke on the floor.,ആ വലിയ പാത്രം നിലത്തുവീണു പൊട്ടിയത് വലിയ ശബ്ദത്തോടെയാണ് .,ആ/DM_DMD വലിയ/JJ പാത്രം/N_NN നിലത്തുവീണു/V_VM_VNF പൊട്ടിയത്/N_NN വലിയ/JJ ശബ്ദത്തോടെയാണ്/V_VAUX ./RD_PUNC,"ആ: [ആ<ij>,ആ<dem>] | വലിയ: [വലിയ<quantifier>,വലിയുക<v><cvb-adv-part-absolute>] | പാത്രം: [പാത്രം<n>] | നിലത്തുവീണു: [നിലം<n><locative><n-v-compound>വീഴുക<v><past>,നിലം<n><locative><adj><n-v-compound>വീഴുക<v><past>] | പൊട്ടിയത്: [പൊട്ടുക<v><adv-clause-rp-past><n><deriv>,പൊട്ടുക<v><adv-clause-rp-past><n><deriv><adj>] | വലിയ: [വലിയ<quantifier>,വലിയുക<v><cvb-adv-part-absolute>] | ശബ്ദത്തോടെയാണ്: [ശബ്ദം<n><sociative>എ<indeclinable>ആണ്<aff>,ശബ്ദം<n><sociative>എ<indeclinable>ആണ്<aff><adj>]",True,False
90,മന്ത്രി യോഗത്തിൽ വെച്ച് സംസാരിച്ചത് വളരെ ധൈര്യത്തോടെയാണ്.,FOCUS/CLEFT,ATTACHED,ധൈര്യത്തോടെ,NOUN,SOCIATIVE_MANNER,It was with great courage that the minister spoke during the meeting.,മന്ത്രി യോഗത്തിൽ വെച്ച് സംസാരിച്ചത് വളരെ ധൈര്യത്തോടെയാണ് .,മന്ത്രി/N_NN യോഗത്തിൽ/RB വെച്ച്/V_VM_VNF സംസാരിച്ചത്/V_VM_VNF വളരെ/RP_INTF ധൈര്യത്തോടെയാണ്/V_VAUX ./RD_PUNC,"മന്ത്രി: [മന്ത്രി<n>] | യോഗത്തിൽ: [യോഗം<n><locative>] | വെച്ച്: [വെച്ച്<postp>,വെയ്ക്കുക<v><cvb-adv-part-past>] | സംസാരിച്ചത്: [സംസാരിക്കുക<v><adv-clause-rp-past><n><deriv>,സംസാരിക്കുക<v><adv-clause-rp-past><n><deriv><adj>] | വളരെ: [വളരെ<quantifier>] | ധൈര്യത്തോടെയാണ്: [ധൈര്യം<n><sociative>എ<indeclinable>ആണ്<aff>,ധൈര്യം<n><sociative>എ<indeclinable>ആണ്<aff><adj>]",True,False
91,വിദ്യാർത്ഥികൾ സുന്ദരമായ ചിത്രം വരച്ചത് ബ്രഷുകൾ കൊണ്ടാണ്.,FOCUS/CLEFT,ATTACHED,ബ്രഷുകൾ കൊണ്ട്,NOUN_POSTPOSITION,INSTRUMENTAL,It was with brushes that the students painted the beautiful picture.,വിദ്യാർത്ഥികൾ സുന്ദരമായ ചിത്രം വരച്ചത് ബ്രഷുകൾ കൊണ്ടാണ് .,വിദ്യാർത്ഥികൾ/N_NN സുന്ദരമായ/JJ ചിത്രം/N_NN വരച്ചത്/V_VM_VNF ബ്രഷുകൾ/N_NN കൊണ്ടാണ്/V_VAUX ./RD_PUNC,"വിദ്യാർത്ഥികൾ: [വിദ്യാർത്ഥി<n><pl>] | സുന്ദരമായ: [സുന്ദരം<n>ആയ<cnj>,സുന്ദരം<n>ആയ<postp>] | ചിത്രം: [ചിത്രം<n>] | വരച്ചത്: [വരയ്ക്കുക<v><adv-clause-rp-past><n><deriv>,വരയ്ക്കുക<v><adv-clause-rp-past><n><deriv><adj>] | ബ്രഷുകൾ: [ബ്രഷ്<eng><pl>] | കൊണ്ടാണ്: [കൊണ്ട്<cnj>ആണ്<aff>,കൊണ്ടു്<cnj>ആണ്<aff>]",True,False
92,കനത്ത മഴ കാരണമാണ് കളി മാറ്റിവെച്ചത്.,FOCUS/CLEFT,ATTACHED,മഴ കാരണം,NOUN_POSTPOSITION,CAUSAL_SUBJECT,It was because of the heavy rain that the match was postponed.,കനത്ത മഴ കാരണമാണ് കളി മാറ്റിവെച്ചത് .,കനത്ത/JJ മഴ/N_NN കാരണമാണ്/V_VAUX കളി/N_NN മാറ്റിവെച്ചത്/V_VAUX ./RD_PUNC,"കനത്ത: [കനത്ത<quantifier>] | മഴ: [മഴ<n>] | കാരണമാണ്: [കാരണം<n>ആണ്<aff>,കാരണം<n>ആണ്<aff><adj>] | കളി: [കളി<n>] | മാറ്റിവെച്ചത്: [മാറ്റുക<v><cvb-adv-part-past>വെയ്ക്കുക<v><adv-clause-rp-past><n><deriv>,മാറുക<v><causative-voice><cvb-adv-part-past>വെയ്ക്കുക<v><adv-clause-rp-past><n><deriv>]",True,False
93,തമ്പുരാൻ്റെ രത്നങ്ങൾ ഒളിപ്പിച്ചു വെച്ചിരിക്കുന്നത് ഈ രഹസ്യ മുറിയിലാണ്.,FOCUS/CLEFT,ATTACHED,മുറിയിൽ,NOUN,LOCATIVE,It is in this secret room that the king's jewels are hidden.,തമ്പുരാൻ്റെ രത്നങ്ങൾ ഒളിപ്പിച്ചു വെച്ചിരിക്കുന്നത് ഈ രഹസ്യ മുറിയിലാണ് .,തമ്പുരാൻ്റെ/N_NN രത്നങ്ങൾ/N_NN ഒളിപ്പിച്ചു/RB വെച്ചിരിക്കുന്നത്/V_VM_VNF ഈ/DM_DMD രഹസ്യ/JJ മുറിയിലാണ്/V_VAUX ./RD_PUNC,"തമ്പുരാൻ്റെ: [തമ്പുരാൻ<n><genitive>] | രത്നങ്ങൾ: [രത്നം<n><pl>,രത്നം<np><pl>] | ഒളിപ്പിച്ചു: [ഒളിക്കുക<v><causative-voice><past>,ഒളി<n><adj>പിച്ച്<n><adj>] | വെച്ചിരിക്കുന്നത്: [വെയ്ക്കുക<v><cvb-adv-part-past>ഇരിക്കുക<v><adv-clause-rp-present><n><deriv>,വെയ്ക്കുക<v><cvb-adv-part-past>ഇരിക്കുക<v><adv-clause-rp-present><n><deriv><adj>] | ഈ: [ഈ<dem>] | രഹസ്യ: [രഹസ്യം<n><adj>] | മുറിയിലാണ്: [മുറി<n><locative>ആണ്<aff>,മുറി<n><locative>ആണ്<aff><adj>]",True,False
94,ഞങ്ങൾ കഴിഞ്ഞ മാസം താമസിച്ചത് കോട്ടയത്താണ്.,FOCUS/CLEFT,ATTACHED,കോട്ടയത്ത്,NOUN,LOCATIVE,It was in Kottayam that we stayed last month.,ഞങ്ങൾ കഴിഞ്ഞ മാസം താമസിച്ചത് കോട്ടയത്താണ് .,ഞങ്ങൾ/PR_PRP കഴിഞ്ഞ/JJ മാസം/N_NN താമസിച്ചത്/V_VM_VNF കോട്ടയത്താണ്/V_VAUX ./RD_PUNC,"ഞങ്ങൾ: [ഞാൻ<prn><pl>] | കഴിഞ്ഞ: [കഴിയുക<v><adv-clause-rp-past>,കഴിയുക<v><past><adv-clause-rp-past>] | മാസം: [മാസം<n>,മാസം<np>] | താമസിച്ചത്: [താമസിക്കുക<v><adv-clause-rp-past><n><deriv>,താമസിക്കുക<v><adv-clause-rp-past><n><deriv><adj>] | കോട്ടയത്താണ്: [കോട്ടയം<np><locative>ആണ്<aff>,കോട്ടയം<np><locative>ആണ്<aff><adj>]",True,False
95,പരീക്ഷ എഴുതാൻ കുട്ടികൾ പേന ഉപയോഗിക്കുന്നത് വളരെ ശ്രദ്ധയോടെയാണ്.,FOCUS/CLEFT,ATTACHED,ശ്രദ്ധയോടെ,NOUN,SOCIATIVE_MANNER,It is with great care that the children use the pen to write the exam.,പരീക്ഷ എഴുതാൻ കുട്ടികൾ പേന ഉപയോഗിക്കുന്നത് വളരെ ശ്രദ്ധയോടെയാണ് .,പരീക്ഷ/N_NN എഴുതാൻ/V_VM_VNF കുട്ടികൾ/N_NN പേന/N_NN ഉപയോഗിക്കുന്നത്/V_VM_VNF വളരെ/RP_INTF ശ്രദ്ധയോടെയാണ്/V_VAUX ./RD_PUNC,"പരീക്ഷ: [പരീക്ഷ<sanskrit>] | എഴുതാൻ: [എഴുതുക<v><purposive-mood>,എഴുതുക<v><cvb-adv-part-future>] | കുട്ടികൾ: [കുട്ടി<n><pl>,കുട്ടി<np><pl>] | പേന: [പേന<n>] | ഉപയോഗിക്കുന്നത്: [ഉപയോഗിക്കുക<v><adv-clause-rp-present><n><deriv>,ഉപയോഗിക്കുക<v><adv-clause-rp-present><n><deriv><adj>] | വളരെ: [വളരെ<quantifier>] | ശ്രദ്ധയോടെയാണ്: [ശ്രദ്ധ<n><sociative>എ<indeclinable>ആണ്<aff>,ശ്രദ്ധ<n><sociative>എ<indeclinable>ആണ്<aff><adj>]",True,False
96,അമ്മ പലഹാരങ്ങൾ ഉണ്ടാക്കി സൂക്ഷിക്കുന്നത് അടുക്കളയിലെ കുപ്പിയിലാണ്.,FOCUS/CLEFT,ATTACHED,കുപ്പിയിൽ,NOUN,LOCATIVE,It is in the jar in the kitchen that mother keeps the snacks made.,അമ്മ പലഹാരങ്ങൾ ഉണ്ടാക്കി സൂക്ഷിക്കുന്നത് അടുക്കളയിലെ കുപ്പിയിലാണ് .,അമ്മ/N_NN പലഹാരങ്ങൾ/N_NN ഉണ്ടാക്കി/V_VM_VNF സൂക്ഷിക്കുന്നത്/V_VM_VNF അടുക്കളയിലെ/N_NNP കുപ്പിയിലാണ്/V_VAUX ./RD_PUNC,"അമ്മ: [അമ്മ<n>,അമ്മ<np>] | പലഹാരങ്ങൾ: [പലഹാരം<n><pl>,പലം<n><adj>ഹാരം<n><pl>] | ഉണ്ടാക്കി: [ഉണ്ടാക്കുക<v><past>,ഉണ്ടാക്കുക<v><cvb-adv-part-past>] | സൂക്ഷിക്കുന്നത്: [സൂക്ഷിക്കുക<v><adv-clause-rp-present><n><deriv>,സൂക്ഷിക്കുക<v><adv-clause-rp-present><n><deriv><adj>] | അടുക്കളയിലെ: [അടുക്കള<n><locative>എ<indeclinable>,അ<dem>അടുക്കള<n><locative>എ<indeclinable>] | കുപ്പിയിലാണ്: [കുപ്പി<n><locative>ആണ്<aff>,കുപ്പി<n><locative>ആണ്<aff><adj>]",True,False
97,അവൾ കോളേജിൽ എത്തിയത് തൻ്റെ സ്വന്തം സ്കൂട്ടറിലാണ്.,FOCUS/CLEFT,ATTACHED,സ്കൂട്ടറിൽ,NOUN,LOCATIVE_INSTRUMENTAL,It was on her own scooter that she arrived at the college.,അവൾ കോളേജിൽ എത്തിയത് തൻ്റെ സ്വന്തം സ്കൂട്ടറിലാണ് .,അവൾ/PR_PRP കോളേജിൽ/N_NN എത്തിയത്/V_VM_VNF തൻ്റെ/PR_PRF സ്വന്തം/PR_PRF സ്കൂട്ടറിലാണ്/V_VAUX ./RD_PUNC,"അവൾ: [അവൾ<prn>,അ<dem>അവൾ<prn>] | കോളേജിൽ: [കോളേജ്<n><locative>,കോളേജ്<eng><locative>] | എത്തിയത്: [എത്തുക<v><adv-clause-rp-past><n><deriv>,എത്തുക<v><adv-clause-rp-past><n><deriv><adj>] | തൻ്റെ: [തൻ<n><genitive>,തൻ<prn><genitive>] | സ്വന്തം: [സ്വന്തം<n>] | സ്കൂട്ടറിലാണ്: [സ്കൂട്ടർ<eng><locative>ആണ്<aff>,സ്കൂട്ടർ<eng><locative>ആണ്<aff><adj>]",True,False
98,ആ വലിയ മരങ്ങൾ മുഴുവൻ കടപുഴകി വീണത് ചുഴലിക്കാറ്റ് മൂലമാണ്.,FOCUS/CLEFT,ATTACHED,ചുഴലിക്കാറ്റ് മൂലം,NOUN_POSTPOSITION,CAUSAL,It was due to the cyclone that all those big trees fell uprooted.,ആ വലിയ മരങ്ങൾ മുഴുവൻ കടപുഴകി വീണത് ചുഴലിക്കാറ്റ് മൂലമാണ് .,ആ/DM_DMD വലിയ/JJ മരങ്ങൾ/N_NN മുഴുവൻ/QT_QTF കടപുഴകി/V_VM_VF വീണത്/N_NN ചുഴലിക്കാറ്റ്/N_NN മൂലമാണ്/V_VAUX ./RD_PUNC,"ആ: [ആ<ij>,ആ<dem>] | വലിയ: [വലിയ<quantifier>,വലിയുക<v><cvb-adv-part-absolute>] | മരങ്ങൾ: [മരം<n><pl>] | മുഴുവൻ: [മുഴുവൻ<quantifier>] | കടപുഴകി: [NO_ANALYSIS] | വീണത്: [വീഴുക<v><adv-clause-rp-past><n><deriv>,വീഴുക<v><adv-clause-rp-past><n><deriv><adj>] | ചുഴലിക്കാറ്റ്: [ചുഴലിക്കാറ്റ്<n>,ചുഴലി<n><adj>കാറ്റ്<n>] | മൂലമാണ്: [മൂലം<n>ആണ്<aff>,മൂലം<np>ആണ്<aff>]",True,False
99,വിദേശത്തു നിന്നും എൻ്റെ കൂട്ടുകാരൻ എത്തിയത് ഇന്നലെ അർദ്ധരാത്രിയിലാണ്.,FOCUS/CLEFT,ATTACHED,അർദ്ധരാത്രിയിൽ,NOUN,LOCATIVE_TEMPORAL,It was at midnight yesterday that my friend arrived from abroad.,വിദേശത്തു നിന്നും എൻ്റെ കൂട്ടുകാരൻ എത്തിയത് ഇന്നലെ അർദ്ധരാത്രിയിലാണ് .,വിദേശത്തു/N_NN നിന്നും/PSP എൻ്റെ/N_NN കൂട്ടുകാരൻ/N_NN എത്തിയത്/V_VM_VNF ഇന്നലെ/RB അർദ്ധരാത്രിയിലാണ്/V_VAUX ./RD_PUNC,"വിദേശത്തു: [വിദേശം<n><locative>,വിദേശം<n><locative><adj>] | നിന്നും: [നിന്നും<cnj>,നിന്ന്<postp>ഉം<cnj>] | എൻ്റെ: [എൻ<n><genitive>,ഞാൻ<prn><genitive>] | കൂട്ടുകാരൻ: [കൂട്ട്<n><masculine><n><deriv>] | എത്തിയത്: [എത്തുക<v><adv-clause-rp-past><n><deriv>,എത്തുക<v><adv-clause-rp-past><n><deriv><adj>] | ഇന്നലെ: [ഇന്നലെ<np>,ഇന്നൽ<n>എ<indeclinable>] | അർദ്ധരാത്രിയിലാണ്: [അർദ്ധം<sanskrit><adj>രാത്രി<np><locative>ആണ്<aff>,അർദ്ധം<sanskrit><adj>രാത്രി<sanskrit><locative>ആണ്<aff>]",True,False
100,നീ ഈ കഠിനമായ ജോലി ചെയ്യേണ്ടത് നാളെയാണ്.,FOCUS/CLEFT,ATTACHED,നാളെ,NOUN,NOMINATIVE_TEMPORAL,It is tomorrow that you must perform this hard work.,നീ ഈ കഠിനമായ ജോലി ചെയ്യേണ്ടത് നാളെയാണ് .,നീ/PR_PRP ഈ/DM_DMD കഠിനമായ/JJ ജോലി/N_NN ചെയ്യേണ്ടത്/V_VM_VNF നാളെയാണ്/V_VAUX ./RD_PUNC,"നീ: [നീ<prn>] | ഈ: [ഈ<dem>] | കഠിനമായ: [കഠിനം<n>ആയ<cnj>,കഠിനം<n>ആയ<postp>] | ജോലി: [ജോലി<n>] | ചെയ്യേണ്ടത്: [ചെയ്യുക<v><cvb-adv-part-simul>അണ്ടുക<v><cvb-adv-part-absolute><n><deriv>,ചെയ്യുക<v><cvb-adv-part-simul>അണ്ടുക<v><cvb-adv-part-absolute><n><deriv><adj>] | നാളെയാണ്: [നാളെ<n>ആണ്<aff>,നാളെ<np>ആണ്<aff>]",True,False
