English Sentence,Malayalam Sentence,Google Translate,IndicTrans2,BhashaVerse
"This book, Finding Darwin's God, by Kenneth Miller, is one of the most effective attacks on Intelligent Design that I know and it's all the more effective because it's written by a devout Christian.","ഈ കാണുന്ന, കെന്നത്ത് മില്ലര് എഴുതിയ ഫയ്ന്റ്റിംഗ് ഡാര് വിന് സ് ഗോഡ് എന്ന പുസ്തകം എനിക്കരിയാവുന്നതില് വെച്ച് ഐ.ഡി. വാദത്തിനെതിരെയുള്ള ഏറ്റവും ഫലപ്രദമായ ആക്രമണമാണ്. അത് കൂടുതല് ഫലപ്രദമാണ്, കാരണം, അതെഴുതിയത് ഒരു മതാനുഷ്ടാനിയായ ക്രിസ്ത്യാനിയാണ്.","കെന്നത്ത് മില്ലറുടെ ഫൈൻഡിംഗ് ഡാർവിൻ്റെ ഗോഡ് എന്ന ഈ പുസ്തകം എനിക്ക് അറിയാവുന്ന ഇൻ്റലിജൻ്റ് ഡിസൈനിലെ ഏറ്റവും ഫലപ്രദമായ ആക്രമണങ്ങളിലൊന്നാണ്, ഇത് ഒരു ഭക്ത ക്രിസ്ത്യാനി എഴുതിയതിനാൽ ഇത് കൂടുതൽ ഫലപ്രദമാണ്.","കെന്നത്ത് മില്ലർ എഴുതിയ ഫൈൻഡിംഗ് ഡാർവിൻസ് ഗോഡ് എന്ന ഈ പുസ്തകം എനിക്ക് അറിയാവുന്ന ഇന്റലിജന്റ് ഡിസൈനിനെതിരായ ഏറ്റവും ഫലപ്രദമായ ആക്രമണങ്ങളിലൊന്നാണ്, ഇത് കൂടുതൽ ഫലപ്രദമാണ്, കാരണം ഇത് ഒരു ഭക്തനായ ക്രിസ്ത്യാനിയാണ് എഴുതിയത്.","ഈ പുസ്ത കെന്നത്ത് മില്ലർ എഴു ഡാർവിന്റെ ദൈവനെ കണ്ടെത്തൽ, എനിക്ക് അറിയാവുന്ന ഇന്റലിജന്റ് ഡിസൈനിനെതിരായ ഏറ്റവും ഫലപ്രദ മായ ആക്രമണങ്ങളിലൊന്നാണ്, ഇത് ഒരു ഭക്തനായ ക്രിസ്ത്യാനിയുടെ രചനയായതിനാൽ ഇത് കൂടുതൽ ഫലപ്രദ."
"This book, Finding Darwin's God, by Kenneth Miller, is one of the most effective attacks on Intelligent Design that I know and it's all the more effective because it's written by a devout Christian.","ഈ കാണുന്ന, കെന്നത്ത് മില്ലര് എഴുതിയ ഫയ്ന്റ്റിംഗ് ഡാര് വിന് സ് ഗോഡ് എന്ന പുസ്തകം എനിക്കരിയാവുന്നതില് വെച്ച് ഐ.ഡി. വാദത്തിനെതിരെയുള്ള ഏറ്റവും ഫലപ്രദമായ ആക്രമണമാണ്. അത് കൂടുതല് ഫലപ്രദമാണ്, കാരണം, അതെഴുതിയത് ഒരു മതാനുഷ്ടാനിയായ ക്രിസ്ത്യാനിയാണ്.","കെന്നത്ത് മില്ലറുടെ ഫൈൻഡിംഗ് ഡാർവിൻ്റെ ഗോഡ് എന്ന ഈ പുസ്തകം എനിക്ക് അറിയാവുന്ന ഇൻ്റലിജൻ്റ് ഡിസൈനിലെ ഏറ്റവും ഫലപ്രദമായ ആക്രമണങ്ങളിലൊന്നാണ്, ഇത് ഒരു ഭക്ത ക്രിസ്ത്യാനി എഴുതിയതിനാൽ ഇത് കൂടുതൽ ഫലപ്രദമാണ്.","കെന്നത്ത് മില്ലർ എഴുതിയ ഫൈൻഡിംഗ് ഡാർവിൻസ് ഗോഡ് എന്ന ഈ പുസ്തകം എനിക്ക് അറിയാവുന്ന ഇന്റലിജന്റ് ഡിസൈനിനെതിരായ ഏറ്റവും ഫലപ്രദമായ ആക്രമണങ്ങളിലൊന്നാണ്, ഇത് കൂടുതൽ ഫലപ്രദമാണ്, കാരണം ഇത് ഒരു ഭക്തനായ ക്രിസ്ത്യാനിയാണ് എഴുതിയത്.","ഈ പുസ്ത കെന്നത്ത് മില്ലർ എഴു ഡാർവിന്റെ ദൈവനെ കണ്ടെത്തൽ, എനിക്ക് അറിയാവുന്ന ഇന്റലിജന്റ് ഡിസൈനിനെതിരായ ഏറ്റവും ഫലപ്രദ മായ ആക്രമണങ്ങളിലൊന്നാണ്, ഇത് ഒരു ഭക്തനായ ക്രിസ്ത്യാനിയുടെ രചനയായതിനാൽ ഇത് കൂടുതൽ ഫലപ്രദ."
"This book, Finding Darwin's God, by Kenneth Miller, is one of the most effective attacks on Intelligent Design that I know and it's all the more effective because it's written by a devout Christian.","ഈ കാണുന്ന, കെന്നത്ത് മില്ലര് എഴുതിയ ഫയ്ന്റ്റിംഗ് ഡാര് വിന് സ് ഗോഡ് എന്ന പുസ്തകം എനിക്കരിയാവുന്നതില് വെച്ച് ഐ.ഡി. വാദത്തിനെതിരെയുള്ള ഏറ്റവും ഫലപ്രദമായ ആക്രമണമാണ്. അത് കൂടുതല് ഫലപ്രദമാണ്, കാരണം, അതെഴുതിയത് ഒരു മതാനുഷ്ടാനിയായ ക്രിസ്ത്യാനിയാണ്.","കെന്നത്ത് മില്ലറുടെ ഫൈൻഡിംഗ് ഡാർവിൻ്റെ ഗോഡ് എന്ന ഈ പുസ്തകം എനിക്ക് അറിയാവുന്ന ഇൻ്റലിജൻ്റ് ഡിസൈനിലെ ഏറ്റവും ഫലപ്രദമായ ആക്രമണങ്ങളിലൊന്നാണ്, ഇത് ഒരു ഭക്ത ക്രിസ്ത്യാനി എഴുതിയതിനാൽ ഇത് കൂടുതൽ ഫലപ്രദമാണ്.","കെന്നത്ത് മില്ലർ എഴുതിയ ഫൈൻഡിംഗ് ഡാർവിൻസ് ഗോഡ് എന്ന ഈ പുസ്തകം എനിക്ക് അറിയാവുന്ന ഇന്റലിജന്റ് ഡിസൈനിനെതിരായ ഏറ്റവും ഫലപ്രദമായ ആക്രമണങ്ങളിലൊന്നാണ്, ഇത് കൂടുതൽ ഫലപ്രദമാണ്, കാരണം ഇത് ഒരു ഭക്തനായ ക്രിസ്ത്യാനിയാണ് എഴുതിയത്.","ഈ പുസ്ത കെന്നത്ത് മില്ലർ എഴു ഡാർവിന്റെ ദൈവനെ കണ്ടെത്തൽ, എനിക്ക് അറിയാവുന്ന ഇന്റലിജന്റ് ഡിസൈനിനെതിരായ ഏറ്റവും ഫലപ്രദ മായ ആക്രമണങ്ങളിലൊന്നാണ്, ഇത് ഒരു ഭക്തനായ ക്രിസ്ത്യാനിയുടെ രചനയായതിനാൽ ഇത് കൂടുതൽ ഫലപ്രദ."
This is one nation under God.,ഇത് ദൈവത്തിനു കീഴിലുള്ള ഒരൊറ്റ രാഷ്ട്രമാണ്.,ഇത് ദൈവത്തിൻ്റെ കീഴിലുള്ള ഒരു ജനതയാണ്.,ഇത് ദൈവത്തിൻ്റെ കീഴിലുള്ള ഒരു രാഷ്ട്രമാണ്.....................................................................................................................................................................................................................................................,ഇത് ദൈവത്തിൻറെ കീഴുള്ള ഒരു ജനതയാണ്.
"Now, a friend, an intelligent lapsed Jew, who, incidentally, observes the Sabbath for reasons of cultural solidarity, describes himself as a tooth-fairy agnostic.","എന്റെ ഒരു ബുദ്ധിമാനായ, അനുഷ്ടാനിയല്ലാത്ത, സാംസ്കാരിക സഹവര് ത്തിത്വത്തിനു വേണ്ടി മാത്രം സാഹചര്യമനുസരിച്ച് സാബത്ത് ആചരിക്കുന്ന, ജൂത സുഹൃത്ത് സ്വയം വിളിക്കുന്നത് ടൂത്ത് ഫെയറി അജ്ഞ്ഞേയവാദി എന്നാണ്.","ഇപ്പോൾ, ഒരു സുഹൃത്ത്, ഒരു ബുദ്ധിമാനായ കാലഹരണപ്പെട്ട ജൂതൻ, ആകസ്മികമായി, സാംസ്കാരിക ഐക്യദാർഢ്യത്തിൻ്റെ കാരണങ്ങളാൽ ശബത്ത് ആചരിക്കുന്നു, അവൻ തന്നെത്തന്നെ ഒരു ടൂത്ത് ഫെയറി അജ്ഞേയവാദി എന്ന് വിശേഷിപ്പിക്കുന്നു.","ഇപ്പോൾ, സാംസ്കാരിക ഐക്യദാർഢ്യത്തിന്റെ കാരണങ്ങളാൽ ശബ്ബത്ത് ആചരിക്കുന്ന ഒരു സുഹൃത്ത്, ബുദ്ധിശൂന്യനായ ഒരു ജൂതൻ, സ്വയം ഒരു പല്ല്-ഫെറി അജ്ഞേയവാദിയായി വിശേഷിപ്പിക്കുന്നു.....................................................................................................................................................................................................................","ഇപ്പോൾ, സാംസ്കാരിക ഐക്യദാർഢ്യത്തിന്റെ കാരണങ്ങളാൽ സാബത്ത് ആചരിക്കുന്ന ഒരു സുഹൃ, ബുദ്ധിശാലിയായ ഒരു യഹൂദൻ, യാദൃശ്ചികമായി, ഒരു പല്ല്-ഫെയറി അജ്ഞേയവാദിയായി സ്വയം വിശേഷിക്കുന്നു."
"So, my friend is strictly agnostic about the tooth fairy, but it isn't very likely, is it?","അത് കൊണ്ട് എന്റെ സുഹൃത്ത് ടൂത്ത് ഫെയറിയെ കുറിച്ച് അജ്ഞ്ഞേയവാദിയാണ്. പക്ഷെ അതിനൊരു സാധ്യത കുറവുണ്ട്, ഇല്ലേ?","അതിനാൽ, ടൂത്ത് ഫെയറിയെക്കുറിച്ച് എൻ്റെ സുഹൃത്ത് കർശനമായി അജ്ഞേയവാദിയാണ്, പക്ഷേ അത് വളരെ സാധ്യതയില്ല, അല്ലേ?","അതിനാൽ, എൻറെ സുഹൃത്ത് പല്ല് യക്ഷിയെക്കുറിച്ച് കർശനമായി അജ്ഞേയവാദിയാണ്, പക്ഷേ അത് വളരെ സാധ്യതയല്ല, അല്ലേ?","അതിനാൽ, എന്റെ സുഹൃത്ത് പല്ല് ഫെയറി കുറിച്ച് കർശനമായി അജ്ഞേയവാദ ആണ്, എന്നാൽ അത് വളരെ സാധ്യതയില്ല, അല്ലേ?"
"Hence the phrase, tooth-fairy agnostic.",അത് കൊണ്ടാണ് ടൂത്ത് ഫെയറി അജ്ഞ്ഞേയവാദി എന്ന പദം.,അതിനാൽ ടൂത്ത് ഫെയറി അജ്ഞ്ഞേയവാദി എന്ന പ്രയോഗം.,"അതിനാൽ, ടൂത്ത്-ഫെയറി അഗ്നോസ്റ്റിക് എന്ന വാചകം...............................................................................................................................................................................................................................................","അതിനാൽ, പല്ല്-ഫെയറി അഗ്നോസ്റ്റിക് എന്ന വാക്ക്."
The list of things which we strictly have to be agnostic about doesn't stop at tooth fairies and teapots; it's infinite.,നാം അജ്ഞ്ഞേയവാദി ആയിരിക്കേണ്ട സംഗതികളുടെ നിര ടൂത്ത് ഫെയറിയിലോ ചായകോപ്പയിലോ തീരുന്നില്ല. അത് അനന്തമാണ്.,നാം കർശനമായി അജ്ഞേയവാദികളായിരിക്കേണ്ട കാര്യങ്ങളുടെ പട്ടിക ടൂത്ത് ഫെയറികളിലും ചായപ്പൊടികളിലും അവസാനിക്കുന്നില്ല; അത് അനന്തമാണ്.,നാം കർശനമായി അജ്ഞേയവാദികളായിരിക്കേണ്ട കാര്യങ്ങളുടെ പട്ടിക പല്ല് യക്ഷിമാരിലും ടീപോട്ടുകളിലും അവസാനിക്കുന്നില്ല; അത് അനന്തമാണ്.................................................................................................................................................................................................................................,നമ്മൾ കർശനമായി അജ്ഞേയവാദപരമായിരിക്കേണ്ട കാര്യങ്ങളുടെ പട്ടിക പല്ല് യക്ഷികളിലും ചായക്കടകളിലും അവസാനിക്കുന്നില്ല; അത് അനന്തമാണ്.
"Now, this is an elite audience, and I would therefore expect about 10 percent of you to be religious.","ഇതൊരു വിശിഷ്ട സദസ്സാണ്, അത് കൊണ്ട് ഇതിന്റെ 10 ശതമാനം എങ്കിലും മത വിശ്വാസികള് ആയിരിക്കുമെന്ന് ഞാന് കരുതുന്നു.","ഇപ്പോൾ, ഇതൊരു എലൈറ്റ് പ്രേക്ഷകരാണ്, അതിനാൽ നിങ്ങളിൽ 10 ശതമാനം പേർ മതവിശ്വാസികളായിരിക്കുമെന്ന് ഞാൻ പ്രതീക്ഷിക്കുന്നു.","ഇപ്പോൾ, ഇത് ഒരു എലൈറ്റ് പ്രേക്ഷകരാണ്, അതിനാൽ നിങ്ങളിൽ ഏകദേശം 10 ശതമാനം പേർ മതവിശ്വാസികളായിരിക്കുമെന്ന് ഞാൻ പ്രതീക്ഷിക്കുന്നു................................................................................................................................................................................................................................","ഇപ്പോൾ, ഇത് ഒരു എലൈറ്റ് പ്രേക്ഷകരാണ്, അതിനാൽ നിങ്ങളിൽ 10 ശതമാനം പേർ മതവിശ്വാസികളായിരിക്കുമെന്ന് ഞാൻ പ്രതീക്ഷിക്കുന്നു."
"Well, here's how it changed me.","എന്ന്. ദാ, ഇങ്ങിനെയാണ് അതെന്നെ മാറ്റിയത്.","ശരി, അതെങ്ങനെയാണ് എന്നെ മാറ്റിയത്.","ശരി, അത് എന്നെ എങ്ങനെ മാറ്റിമറിച്ചു എന്ന് ഇവിടെ പറയാം..................................................................................................................................................................................................................................................",അതെന്നെ മാറ്റിയത് ഇങ്ങനെയാണ്.
"Those pieces, in different forms, make up all stairs.",ഈ ഭാഗങ്ങളാണ് എല്ലാ ഗോവണികളുമുണ്ടാക്കുന്നത്.,"ആ കഷണങ്ങൾ, വ്യത്യസ്ത രൂപങ്ങളിൽ, എല്ലാ പടവുകളും ഉണ്ടാക്കുന്നു.","ആ കഷണങ്ങൾ, വ്യത്യസ്ത രൂപങ്ങളിൽ, എല്ലാ പടികളും നിർമ്മിക്കുന്നു.............................................................................................................................................................................................................................................","ആ കഷണങ്ങൾ, വിവിധ രൂപങ്ങളിൽ, എല്ലാ പടികളും ഉണ്ടാക്കുന്നു."
"And so if you're able to sit halfway up there, you're in a kind of magical place.","അത് കൊണ്ട് ആ വഴിമദ്ധ്യേ ഇരിക്കാന് സാധിക്കുന്നെങ്കില്, അത് തികച്ചും മാന്ത്രികമാണ്.","അതിനാൽ നിങ്ങൾക്ക് അവിടെ പകുതിയോളം ഇരിക്കാൻ കഴിയുമെങ്കിൽ, നിങ്ങൾ ഒരുതരം മാന്ത്രിക സ്ഥലത്താണ്.","അതിനാൽ നിങ്ങൾക്ക് അവിടെ പാതിവഴിയിൽ ഇരിക്കാൻ കഴിയുമെങ്കിൽ, നിങ്ങൾ ഒരുതരം മാന്ത്രിക സ്ഥലത്താണ്.","അതിനാൽ നിങ്ങൾക്ക് അവിടെ പകുതി മുകളിൽ ഇരിക്കാൻ കഴിയുമെങ്കിൽ, നിങ്ങൾ ഒരുതരം മാന്ത്രിക സ്ഥലത്താണ്."
"It's very important that these tsunami sirens work, but people steal the batteries out of them.",ഈ സുനാമി സൈറനുകൾ പ്രവർത്തിക്കേണ്ടത് വളരെ പ്രധാനമാണ്. എന്നാൽ ചിലർ അതിലെ ബാറ്ററികൾ മോഷ്ടിക്കാറുണ്ട്,"ഈ സുനാമി സൈറണുകൾ പ്രവർത്തിക്കുന്നത് വളരെ പ്രധാനമാണ്, എന്നാൽ ആളുകൾ അവയിൽ നിന്ന് ബാറ്ററികൾ മോഷ്ടിക്കുന്നു.","ഈ സുനാമി സൈറണുകൾ പ്രവർത്തിക്കേണ്ടത് വളരെ പ്രധാനമാണ്, പക്ഷേ ആളുകൾ അവയിൽ നിന്ന് ബാറ്ററികൾ മോഷ്ടിക്കുന്നു.","ഈ സുനാമി സൈറണുകൾ പ്രവർത്തിക്കുന്നത് വളരെ പ്രധാനമാണ്, പക്ഷേ ആളുകൾ അവയിൽ നിന്ന് ബാറ്ററികൾ മോഷ്ടിക്കുന്നു."
"And this has spread just frictionlessly, organically, naturally.","ഒട്ടും ബുദ്ധിമുട്ടില്ലാതെയാണ് ഇത് പടർന്നത്, വളരെ ജൈവികമായി, സ്വാഭാവികമായി.",ഇത് ഘർഷണരഹിതമായും ജൈവികമായും സ്വാഭാവികമായും വ്യാപിച്ചു.,"ഇത് ഘർഷണമില്ലാതെ, സ്വാഭാവികമായും, സ്വാഭാവികമായും വ്യാപിച്ചു..................................................................................................................................................................................................................................................",ഇത് ഘർഷണരഹിതമായും ജൈവപരമായും സ്വാഭാവികമായും വ്യാപിച്ചു.
"It suggests how government could work better -- not more like a private company, as many people think it should.","അത് നിർദ്ദേശിക്കുന്നത് എങ്ങിനെ ഭരണകൂടങ്ങൾ മെച്ചപ്പെട്ട രീതിയിൽ പ്രവർത്തിക്കണമെന്നാണ് - ഒരു സ്വകാര്യ സ്ഥാപനത്തെപ്പോലെയല്ല, ഒരുപാട് ആളുകൾ അങ്ങിനെ ചിന്തിക്കുമെങ്കിലൂം.",ഗവൺമെൻ്റിന് എങ്ങനെ മികച്ച രീതിയിൽ പ്രവർത്തിക്കാനാകുമെന്ന് ഇത് സൂചിപ്പിക്കുന്നു -- പലരും കരുതുന്നത് പോലെ ഒരു സ്വകാര്യ കമ്പനി പോലെയല്ല.,"സർക്കാരിന് എങ്ങനെ മികച്ച രീതിയിൽ പ്രവർത്തിക്കാൻ കഴിയുമെന്ന് ഇത് നിർദ്ദേശിക്കുന്നു-ഒരു സ്വകാര്യ കമ്പനി പോലെയല്ല, പലരും കരുതുന്നത് പോലെ..................................................................................................................................................................................................................................","സർക്കാരിന് എങ്ങനെ മികച്ച രീതിയിൽ പ്രവർത്തിക്കാൻ കഴിയുമെന്ന് ഇത് നിർദ്ദേശിക്കുന്നു-ഒരു സ്വകാര്യ കമ്പനിയെപ്പോലെയല്ല, പലരും കരുതുന്നത് പോലെ."
And that's important.,അത് വളരെ പ്രധാനമാണ്.,അത് പ്രധാനമാണ്.,അത് പ്രധാനപ്പെട്ട കാര്യവും കൂടിയാണല്ലോ........................................................................................................................................................................................................................................................,അതും പ്രധാനമാണ്.
And because government ultimately derives its power from us -- remember We the people? -- how we think about it is going to effect how that change happens.,"കാരണം ഗവണ്മെന്റ് ആത്യന്തികമായി അതിന്റെ ശക്തി നമ്മിൽ നിന്നുമാണ് ഉൾക്കൊള്ളുന്നത്  ഓർക്കുന്നില്ലേ, നമ്മൾ ജനങ്ങൾ? -- എങ്ങിനെയാണ് നാം അതിനെ പറ്റി ആലോചിക്കുന്നത് എന്നതിനനുസരിച്ചാണ് ആ മാറ്റം ഉണ്ടാകുന്നത്",ആത്യന്തികമായി ഗവൺമെൻ്റ് അതിൻ്റെ ശക്തി നേടിയെടുക്കുന്നത് നമ്മിൽ നിന്നാണ് -- നമ്മൾ ജനങ്ങളെ ഓർക്കുന്നുണ്ടോ? -- നമ്മൾ അതിനെക്കുറിച്ച് എങ്ങനെ ചിന്തിക്കുന്നു എന്നത് ആ മാറ്റം എങ്ങനെ സംഭവിക്കുന്നു എന്നതിനെ ബാധിക്കും.,"സർക്കാർ ആത്യന്തികമായി അതിൻറെ ശക്തി നമ്മിൽ നിന്ന് നേടുന്നതിനാൽ-- ഓർക്കുക, നമ്മൾ ജനങ്ങൾ?-- അതിനെക്കുറിച്ച് നമ്മൾ എങ്ങനെ ചിന്തിക്കുന്നു എന്നത് ആ മാറ്റം എങ്ങനെ സംഭവിക്കുന്നു എന്നതിനെ എങ്ങനെ സ്വാധീനിക്കും എന്നതിനെക്കുറിച്ചാണല്ലോ......................................................................................................................................................................................................",സർക്കാർ ആത്യന്തികമായി അതിന്റെ അധികാരം നമ്മിൽ നിന്ന് നേടുന്നതിനാൽ-- ജനങ്ങളായ നമ്മെ ഓർക്കുക?-- അതിനെക്കുറിച്ച് നാം എങ്ങനെ ചിന്തിക്കുന്നു എന്നത് ആ മാറ്റം സംഭവിക്കുന്നതിനെ ബാധിക്കും.
"And like a lot of people, I thought government was basically about getting people elected to office.",ഒരു പാട് ആൾക്കാരെ പോലെ ഞാനും വിചാരിച്ചിരുന്നത് ഗവണ്മെന്റ് എന്നത് ആൾക്കാരെ തിരഞ്ഞെടുക്കുന്നത് മാത്രമാണെന്നാണ്,"പല ആളുകളെയും പോലെ, ഗവൺമെൻ്റ് അടിസ്ഥാനപരമായി ആളുകളെ ഓഫീസിലേക്ക് തിരഞ്ഞെടുക്കുന്നതിനെക്കുറിച്ചാണെന്ന് ഞാൻ കരുതി.","പലരെയും പോലെ, ഗവൺമെന്റും അടിസ്ഥാനപരമായി ആളുകളെ അധികാരത്തിലേക്ക് തിരഞ്ഞെടുക്കുന്നതിനെക്കുറിച്ചാണെന്ന് ഞാൻ കരുതി........................................................................................................................................................................................................................................","പലരെയും പോലെ, സർക്കാർ അടിസ്ഥാനപരമായി ആളുകളെ ഓഫീസിലേക്ക് തിരഞ്ഞെടുക്കുന്നതിനെക്കുറിച്ചാണെന്ന് ഞാൻ കരുതി."
But it's also a great example of government as a platform.,എന്നാൽ ഇത് ഗവണ്മെന്റ് ഒരു വേദിയായി മാറുന്നതിന്റെയും കൂടി ഒരു മികച്ച ഉദാഹരണമാണ്.,"പക്ഷേ, ഗവൺമെൻ്റ് ഒരു പ്ലാറ്റ്ഫോം എന്നതിൻ്റെ മികച്ച ഉദാഹരണം കൂടിയാണിത്.",എന്നാൽ ഒരു വേദിയെന്ന നിലയിൽ ഗവൺമെന്റിന്റെ മികച്ച ഉദാഹരണം കൂടിയാണിത്.............................................................................................................................................................................................................................................,എന്നാൽ ഒരു വേദിയെന്ന നിലയിൽ ഗവൺമെന്റിന്റെ മികച്ച ഉദാഹത് കൂടിയാണിത്.
"And it could have connected them with government services if they'd been needed, but a neighbor is a far better and cheaper alternative to government services.",അവർക്ക് ഗവണ്മെന്റ് സേവനങ്ങൾ ആവശ്യമുണ്ടായിരുന്നെങ്കിൽ അതും ലഭ്യമാക്കാൻ ഇതു വഴി കഴിയുമായിരുന്നു. എന്നാൽ ഗവൺമെന്റ് സേവനങ്ങളെക്കാൾ ഒരു അയൽക്കാരനാണ് ചിലവു കുറഞ്ഞതും കൂടുതൽ മെച്ചപ്പെട്ടതുമായ ഒരു മാർഗം.,"അവർക്ക് ആവശ്യമെങ്കിൽ സർക്കാർ സേവനങ്ങളുമായി അവരെ ബന്ധിപ്പിക്കാമായിരുന്നു, എന്നാൽ സർക്കാർ സേവനങ്ങൾക്ക് പകരം അയൽക്കാരൻ വളരെ മികച്ചതും വിലകുറഞ്ഞതുമായ ഒരു ബദലാണ്.","ആവശ്യമെങ്കിൽ അവരെ സർക്കാർ സേവനങ്ങളുമായി ബന്ധിപ്പിക്കാമായിരുന്നു, പക്ഷേ ഒരു അയൽക്കാരൻ സർക്കാർ സേവനങ്ങളേക്കാൾ വളരെ മികച്ചതും വിലകുറഞ്ഞതുമായ ബദലാണ്.","ആവശ്യമെങ്കിൽ അത് അവരെ സർക്കാർ സേവനങ്ങളുമായി ബന്ധിപ്പിക്കാമായിരുന്നു, എന്നാൽ ഒരു അയൽക്കാരൻ സർക്കാർ സേവനങ്ങൾക്ക് വളരെ മികച്ചതും വിലകുറഞ്ഞതുമായ ബദലാണ്."
"And most people get that, but they think that one is the input to the other.",ഒരു വിധം എല്ലാവർക്കും അതു മനസ്സിലാവും പക്ഷേ അവർ വിചാരിക്കുന്നത് ഒന്ന് മറ്റൊന്നിന്റെ തുടക്കമാണെന്നാണ്,"മിക്ക ആളുകൾക്കും അത് ലഭിക്കുന്നു, പക്ഷേ ഒന്ന് മറ്റൊന്നിനുള്ള ഇൻപുട്ടാണെന്ന് അവർ കരുതുന്നു.","മിക്ക ആളുകൾക്കും അത് ലഭിക്കുന്നു, പക്ഷേ അവർ കരുതുന്നത് ഒന്ന് മറ്റൊന്നിൻ്റെ ഇൻപുട്ടാണെന്ന്........................................................................................................................................................................................................................................","മിക്ക ആളുകളും അത് മനസ്സിലാകും, എന്നാൽ അവർ ഒരു മറ്റൊന്നിന്റെ ഇൻപുട്ട് എന്ന് കരുതുന്നു."
And what's under that is what we call bureaucracy.,അതിനു താഴെയുള്ളതാണ് നാം ബ്യൂറോക്രസി എന്നു പറയുന്നത്.,അതിനടിയിലുള്ളതിനെയാണ് നമ്മൾ ബ്യൂറോക്രസി എന്ന് വിളിക്കുന്നത്.,"അതിൻ്റെ കീഴിലുള്ളതിനെ നമ്മൾ ബ്യൂറോക്രസി എന്ന് വിളിക്കുന്നു ""..............................................................................................................................................................................................................................................",അതിനു കീഴിലുള്ളതിനെ നമ്മൾ ബ്യൂറോക്രസി എന്ന് വിളിക്കുന്നു.
And we say that word with such contempt.,ആ വാക്ക് എത്ര മാത്രം അവജ്ഞയോടെയാണ് നാം പറയുന്നത്.,അത്രയും അവജ്ഞയോടെയാണ് ഞങ്ങൾ ആ വാക്ക് പറയുന്നത്.,അത്തരമൊരു അവഹേളനത്തോടെയാണ് ഞങ്ങൾ ആ വാക്ക് പറയുന്നത്...................................................................................................................................................................................................................................................,അത്തരമൊരു ബഹുമാനത്തോടെയാണ് ഞങ്ങൾ ആ വാക്ക് പറയുന്നത്.
Because that's where the real work of government happens.,കാരണം അവിടെയാണ് ഭരണകൂടത്തിന്റെ ശരിയായ പണികൾ നടക്കുന്നത്.,കാരണം അവിടെയാണ് സർക്കാരിൻ്റെ യഥാർത്ഥ പ്രവർത്തനം നടക്കുന്നത്.,കാരണം അവിടെയാണ് സർക്കാരിൻ്റെ യഥാർത്ഥ പ്രവർത്തനങ്ങൾ നടക്കാറുള്ളത്............................................................................................................................................................................................................................................,കാരണം ഇവിടെയാണ് യഥാ ഗവണ്‍മെന്റിന്റെ പ്രവര്‍ത്തനം നടക്കുന്നത്.
It's a group of concerned citizens that have written a very detailed 325-page report that's a response to the SEC's request for comment on the Financial Reform Bill.,ഇത് കാര്യങ്ങളെ ഗൗരവമായി നിരീക്ഷിക്കുന്ന ഒരു കൂട്ടം ആൾക്കാരാണ് അവർ വളരെ വിശദമായി  325 പേജ് വരുന്ന ഒരു റിപ്പോർട്ട് എഴുതിയുണ്ടാക്കി. അത് എസ് ഇ സി യുടെ ഒരു നിർദ്ദേശത്തോടുള്ള പ്രതികരണമായിരുന്നു.അവരുടെ സാമ്പത്തിക പരിഷ്കരണ ബില്ലിനെ പറ്റിയുള്ള അഭിപ്രായങ്ങൾ ക്ഷണിച്ചപ്പോഴായിരുന്നു അത്.,"സാമ്പത്തിക പരിഷ്‌കരണ ബില്ലിനെക്കുറിച്ചുള്ള എസ്ഇസിയുടെ അഭ്യർത്ഥനയ്ക്കുള്ള പ്രതികരണമായി, വളരെ വിശദമായ 325 പേജുള്ള റിപ്പോർട്ട് എഴുതിയ, ആശങ്കാകുലരായ ഒരു കൂട്ടം പൗരന്മാരാണ് ഇത്.",സാമ്പത്തിക പരിഷ്കരണ ബില്ലിനെക്കുറിച്ച് അഭിപ്രായം പറയാനുള്ള എസ്. ഇ. സിയുടെ അഭ്യർത്ഥനയ്ക്കുള്ള പ്രതികരണമായി വളരെ വിശദമായ 325 പേജുള്ള റിപ്പോർട്ട് എഴുതിയത് ബന്ധപ്പെട്ട ഒരു കൂട്ടം പൌരന്മാരാണ്.........................................................................................................................................................................................................................,സാമ്പത്തിക പരിഷ്കരണ ബില്ലിനെക്കുറിച്ച് പ്രതികരിക്കണമെന്ന എസ്. ഇ. സിയുടെ അഭ്യർഥനയ്ക്കുള്ള പ്രതികരണമായി വളരെ വിശദമായ 325 പേജുള്ള റിപ്പോർട്ട് എഴുതിയത് ഒരു കൂട്ടം ബന്ധപ്പെട്ട പൌരന്മാരാണ്.
"That's not being politically active, that's being bureaucratically active.",അത് രാഷ്ട്രീയമായി സക്രിയമാകുന്നതല്ല അത് ഉദ്യോഗ തലത്തിൽ സക്രിയമാകലാണ്.,"അത് രാഷ്ട്രീയമായി സജീവമായല്ല, ഉദ്യോഗസ്ഥതലത്തിൽ സജീവമാണ്.","അത് രാഷ്ട്രീയമായി സജീവമായിരിക്കുകയല്ല, മറിച്ച് ബ്യൂറോക്രാറ്റിക്കായി സജീവമായിരിക്കുക എന്നതിലാണ് അർത്ഥം...................................................................................................................................................................................................................................","അത് രാഷ്ട്രീയമായി സജീവമാകുകയല്ല, ബ്യൂറോക്രാറ്റിക് ആക്ടിവിസമാണ്."
"Now for those of us who've given up on government, it's time that we asked ourselves about the world that we want to leave for our children.",ഇനി നമ്മളിലാരൊക്കെയാണോ ഗവണ്മെന്റിനെ ഉപേക്ഷിച്ചത് ഇപ്പോൾ സമയം വന്നെത്തിയിരിക്കുകയാണ് - ആ ചോദ്യം സ്വയം ചോദിക്കുവാൻ നമ്മൾ നമ്മുടെ കുഞ്ഞുങ്ങൾക്കായി ബാക്കിയാക്കാൻ പോകുന്ന ലോകത്തിനെ പറ്റിയുള്ള ചോദ്യം,"ഇപ്പോൾ ഭരണം കൈവിട്ടുപോയ നമുക്കിടയിൽ, നമ്മുടെ മക്കൾക്ക് വിട്ടുകൊടുക്കാൻ ആഗ്രഹിക്കുന്ന ലോകത്തെ കുറിച്ച് നമ്മൾ സ്വയം ചോദിക്കേണ്ട സമയമാണിത്.","ഇപ്പോൾ നമ്മളിൽ സർക്കാർ ഉപേക്ഷിച്ചവരെ സംബന്ധിച്ചിടത്തോളം, നമ്മുടെ കുട്ടികൾക്കായി ഉപേക്ഷിക്കാൻ ആഗ്രഹിക്കുന്ന ലോകത്തെക്കുറിച്ച് നമ്മൾ സ്വയം ചോദിക്കേണ്ട സമയമാണിത്..............................................................................................................................................................................................................................","ഇപ്പോൾ ഗവൺമെന്റിനെ ഉപേക്ഷിച്ച നമുക്ക്, നമ്മുടെ കുട്ടികൾക്കായി ഉപേക്ഷിക്കാൻ ആഗ്രഹിക്കുന്ന ലോകത്തെക്കുറിച്ച് സ്വയം ചോദിക്കേണ്ട സമയമാണിത്."
"So the question I have for all of you here: When it comes to the big, important things that we need to do together, all of us together, are we just going to be a crowd of voices, or are we also going to be a crowd of hands?","എനിക്കു നിങ്ങളോടെല്ലാമുള്ള ചോദ്യമിതാണ് വലിയ പ്രാധാന്യമുള്ള കാര്യങ്ങൾ വരുമ്പോൾ നമ്മൾ ഒരുമിച്ചു ചെയ്യേണ്ട കാര്യങ്ങൾ ഉണ്ടാകുമ്പോൾ നാമൊരുമിച്ച് നമ്മൾ ഒരു കൂട്ടം ശബ്ദങ്ങളാവുമോ, അതോ നമ്മൾ ഒരു കൂട്ടം കൈകളാവുമോ?","അതിനാൽ ഇവിടെ നിങ്ങളോടെല്ലാവരോടും എനിക്കുള്ള ചോദ്യം: നമ്മൾ എല്ലാവരും ഒരുമിച്ച് ചെയ്യേണ്ട വലിയതും പ്രധാനപ്പെട്ടതുമായ കാര്യങ്ങളിൽ വരുമ്പോൾ, നമ്മൾ ശബ്ദങ്ങളുടെ ഒരു ജനക്കൂട്ടമായി മാറുകയാണോ അതോ നമ്മളും കൈകളുടെ ഒരു കൂട്ടമാകാൻ പോകുകയാണോ?","അതിനാൽ ഇവിടെ നിങ്ങൾക്കെല്ലാവർക്കുമുള്ള ചോദ്യം ഇതാണ്ഃ നമ്മൾ ഒരുമിച്ച് ചെയ്യേണ്ട വലുതും പ്രധാനപ്പെട്ടതുമായ കാര്യങ്ങളെക്കുറിച്ച് പറയുമ്പോൾ, നാമെല്ലാവരും ഒരുമിച്ച്, നമ്മൾ ശബ്ദങ്ങളുടെ ഒരു കൂട്ടമാകാൻ പോകുകയാണോ, അതോ നമ്മളും കൈകളുടെ ഒരു കൂട്ടമാകാൻ പോകുകയാണോ?................................................................................................................................................................................................","അതിനാൽ എനിക്ക് ഇവിടെ നിങ്ങൾക്കെല്ലാവരോടും ഒരു ചോദ്യമുണ്ട്ഃ നാം ഒരുമിച്ച് ചെയ്യേണ്ട വലിയതും പ്രധാനപ്പെട്ടതുമായ കാര്യങ്ങളെക്കുറിച്ച് പറയുമ്പോൾ, നാമെല്ലാവരും ഒരുമിച്ച്, നമ്മൾ വെറും ശബ്ദങ്ങളുടെ ഒരു ജനക്കൂട്ടമാകാൻ പോകുകയാണോ, അതോ നമ്മളും കൈകളുടെ ഒരു ജനകൂട്ടമാകുമോ?"
"A third explanation invokes the concept of a nonzero-sum game, and was worked out in the book Nonzero by the journalist Robert Wright.",മൂനാമത്തെ വിശദീകരണം നോണ് -സീറോ-സം-ഗേം എന്ന ആശയമാണ് റോബെറ്ട്ട റൈറ്റ് എന്ന പത്രകാരന് തന്റൊ പുസ്തകത്തില് മുന്പോoട്ടു വക്കുന്നതു.,"മൂന്നാമത്തെ വിശദീകരണം ഒരു നോൺ-സീറോ-സം ഗെയിം എന്ന ആശയം ആവശ്യപ്പെടുന്നു, കൂടാതെ പത്രപ്രവർത്തകനായ റോബർട്ട് റൈറ്റ് നോൺസീറോ എന്ന പുസ്തകത്തിൽ ഇത് തയ്യാറാക്കിയിട്ടുണ്ട്.","മൂന്നാമത്തെ വിശദീകരണം പൂജ്യമല്ലാത്ത ഒരു ഗെയിം എന്ന ആശയം അഭ്യർത്ഥിക്കുന്നു, ഇത് പത്രപ്രവർത്തകനായ റോബർട്ട് റൈറ്റ് നോൺസീറോ എന്ന പുസ്തകത്തിൽ തയ്യാറാക്കി........................................................................................................................................................................................................................","മൂന്നാമത്തെ വിശദീകരണം ഒരു നോൺസീറോ-സം ഗെയിം എന്ന ആശയം വിളിച്ചുപറയുന്നു, പത്ര റോബർട്ട് റൈറ്റ് എഴുതിയ നോൺ സീറോ എന്ന പുസ്തകത്തിൽ ഇത് രൂപപ്പെടുത്തിയിരിക്കുന്നു."
They did so illegally.,അവരങ്ങനെ ചെയ്തത് അനതികൃതമായാണ്,നിയമവിരുദ്ധമായാണ് അവർ അത് ചെയ്തത്.,നിയമവിരുദ്ധമായാണ് അവർ ഇത് ചെയ്തത്........................................................................................................................................................................................................................................................,നിയമവിരുദ്ധമായാണ് അവർ അങ്ങനെ ചെയ്തത്.
Now why would they return to such deadly soil?,എന്തുകൊണ്ടാണ് അവര് അങ്ങനത്തെ ജീവനാശകമായ മണ്ണിലേക്ക് തിരിച്ചു പോകുന്നത്?,ഇനി എന്തിനാണ് അവർ ഇത്രയും മാരകമായ മണ്ണിലേക്ക് മടങ്ങുന്നത്?,ഇപ്പോൾ എന്തുകൊണ്ടാണ് അവർ അത്തരമൊരു മാരകമായ മണ്ണിലേക്ക് മടങ്ങുന്നത്?................................................................................................................................................................................................................................................,ഇപ്പോൾ എന്തുകൊണ്ടാണ് അവർ ഇത്ര മാരകമായ മണ്ണിലേക്ക് മടങ്ങിവരുന്നത്?
"Others have a few residents in them, one or two babushkas, or babas, which are the Russian and Ukrainian words for grandmother.",മറ്റു ചിലതില് കുറച്ചു ആളുകള് ഉണ്ട് ഒന്നോ രണ്ടോ 'ബാബുശ്ക' കളോ..'ബാബാ' മാരോ അങ്ങനെയാണ് റഷ്യയിലും ഉക്രയിനിലും മുത്തശ്ശിമാരെ വിളിക്കുന്നത്,"മറ്റുള്ളവർക്ക് അവയിൽ കുറച്ച് താമസക്കാരുണ്ട്, ഒന്നോ രണ്ടോ ബാബുഷ്കകൾ അല്ലെങ്കിൽ ബാബകൾ, മുത്തശ്ശി എന്നതിൻ്റെ റഷ്യൻ, ഉക്രേനിയൻ പദങ്ങളാണ്.","മറ്റുള്ളവയിൽ കുറച്ച് താമസക്കാരുണ്ട്, ഒന്നോ രണ്ടോ ബാബുഷ്കകൾ, അല്ലെങ്കിൽ ബാബകൾ, മുത്തശ്ശിയെ സൂചിപ്പിക്കുന്ന റഷ്യൻ, ഉക്രേനിയൻ പദങ്ങളാണ് അവ.........................................................................................................................................................................................................................","മറ്റുള്ളവർക്ക് അവയിൽ കുറച്ച് താമസക്കാരുണ്ട്, ഒന്നോ രണ്ടോ ബാബുഷ്കകൾ അല്ലെങ്കിൽ ബാബകൾ, അവ അമ്മൂമ്മയുടെ റഷ്യൻ, ഉക്രേനിയൻ പദങ്ങളാണ്."
"She's the self-declared mayor of Kapavati village, population eight.",അവളാണ് കപാവതി ഗ്രാമത്തി ന്റെ സ്വയം പ്രഖ്യാപിത മേയര് ജനസംഖ്യ 8,എട്ട് ജനസംഖ്യയുള്ള കപാവതി ഗ്രാമത്തിൻ്റെ സ്വയം പ്രഖ്യാപിത മേയറാണ് അവർ.,എട്ടാമത്തെ ജനസംഖ്യയുള്ള കപാവതി ഗ്രാമത്തിലെ സ്വയം പ്രഖ്യാപിത മേയറാണ് അവർ.,എട്ട് ജനസംഖ്യയുള്ള കപാവതി ഗ്രാമത്തിന്റെ സ്വയം പ്രഖ്യാപിത മേയറാണ് അവർ.
It turns out this holds true for other species as well.,ഇത് സത്യമാണ് ഏതു ഇനം ജീവികള്ക്കും,മറ്റ് ജീവജാലങ്ങൾക്കും ഇത് ശരിയാണെന്ന് ഇത് മാറുന്നു.,മറ്റ് ജീവജാലങ്ങൾക്കും ഇത് ബാധകമാണെന്ന് തെളിഞ്ഞു.,മറ്റ് ജീവജാലങ്ങൾക്കും ഇത് ബാധകമാണെന്ന് തെളിഞ്ഞു.
It's incredibly difficult to parse.,വിവരിക്കുക അവിശ്വസനീയമായ രീതിയിൽ ബുദ്ടിമുട്ടാണ്,പാഴ്‌സ് ചെയ്യുന്നത് അവിശ്വസനീയമാംവിധം ബുദ്ധിമുട്ടാണ്.,പാഴ്സ് ചെയ്യുന്നത് അവിശ്വസനീയമാംവിധം ബുദ്ധിമുട്ടാണ്.,അത് പാഴ്സ് ചെയ്യാൻ അവിശ്വസനീയമാംവിധം പ്രയാസമാണ്.
Greenpeace and other organizations put that number in the tens of thousands.,ഗ്രീന്പീസും മറ്റു സ്ഥാപനങ്ങളും കാണിക്കുന്ന കണക്കു പതിനായിരങ്ങുള്ടെതാണ്,ഗ്രീൻപീസും മറ്റ് സംഘടനകളും പതിനായിരക്കണക്കിന് ആ സംഖ്യ രേഖപ്പെടുത്തി.,ഗ്രീൻപീസും മറ്റ് സംഘടനകളും ആ സംഖ്യ പതിനായിരങ്ങളായി കണക്കാക്കുന്നു.,ഗ്രീൻപീസും മറ്റ് സംഘടനകളും ആ സംഖ്യ പതിനായിരങ്ങളാണെന്ന് പറയുന്നു.
Home is a transient concept.,വീട് എന്നത് ഒരു താത്കാലികമായ സങ്കല്പമാണ്,വീട് എന്നത് ക്ഷണികമായ ഒരു ആശയമാണ്.,വീട് ഒരു ക്ഷണികമായ ആശയമാണ്.,വീട് എന്നത് ക്ഷണികമായ ഒരു ആശയമാണ്.
They are dying of sadness.,അവരെല്ലാം ദുഃഖം കാരണം മരിക്കുകയാണ്,അവർ ദുഃഖത്താൽ മരിക്കുന്നു.,അവർ ദുഃഖത്താൽ മരിക്കുകയാണ്.,അവർ ദുഃഖത്താൽ മരിക്കുന്നു.
Who cleans up after us?,നമുക്ക് പിന്നാലെ ആരാണ് വൃത്തിയാക്കുന്നത്? ',ആരാണ് നമുക്ക് ശേഷം വൃത്തിയാക്കുന്നത്?,നമുക്കുശേഷം ആരാണ് വൃത്തിയാക്കുന്നത്?,നമുക്കു ശേഷം ആരാണു ശുദ്ധീകരിക്കുക?
I didn't just ride in the trucks now. I drove the trucks.,"ഇപ്പോൾ ഞാൻ ട്രക്കിൽ യാത്ര ചെയ്യുകയല്ല, അതോടിക്കുകയാണ്",ഞാൻ ഇപ്പോൾ ട്രക്കുകളിൽ വെറുതെ കയറിയില്ല. ഞാൻ ട്രക്കുകൾ ഓടിച്ചു.,ഞാൻ ഇപ്പോൾ ട്രക്കുകളിൽ മാത്രമല്ല സഞ്ചരിച്ചിരുന്നത്. ഞാൻ ട്രക്കുകളാണ് ഓടിച്ചിരുന്നത്.,ഞാൻ ഇപ്പോൾ ട്രക്കുകളിൽ മാത്രം കയറിയിരുന്നില്ല. ട്രക്കുകൾ ഓടിച്ചു.
"I find the stigma especially ironic, because I strongly believe that sanitation workers are the most important labor force on the streets of the city, for three reasons.","ഈ അപമാനം എനിക്ക് വിപരീതാര്ത്ഥകമായി തോന്നി കാരണം ഞാന് വിശ്വസിക്കുന്നത് വൃത്തിയാക്കുന്ന ജോലിക്കാരാണ് പ്രധാനപ്പെട്ട അധ്വാന ശക്തി തെരുവുകളില്, അതിനു 3 കാരണം ഉണ്ട്","മൂന്ന് കാരണങ്ങളാൽ നഗരത്തിലെ തെരുവുകളിലെ ഏറ്റവും പ്രധാനപ്പെട്ട തൊഴിൽ ശക്തിയാണ് ശുചീകരണത്തൊഴിലാളികൾ എന്ന് ഞാൻ ശക്തമായി വിശ്വസിക്കുന്നതിനാൽ, ഈ കളങ്കത്തെ ഞാൻ പ്രത്യേകിച്ച് വിരോധാഭാസമായി കാണുന്നു.",മൂന്ന് കാരണങ്ങളാൽ നഗരത്തിലെ തെരുവുകളിലെ ഏറ്റവും പ്രധാനപ്പെട്ട തൊഴിൽ ശക്തിയാണ് ശുചീകരണ തൊഴിലാളികൾ എന്ന് ഞാൻ ശക്തമായി വിശ്വസിക്കുന്നതിനാൽ ഈ കളങ്കം പ്രത്യേകിച്ചും വിരോധാഭാസമായി ഞാൻ കാണുന്നു.,"ഈ കളങ്കം എനിക്ക് പ്രത്യേകിച്ചും വിരോധാഭാസമായി തോന്നുന്നു, കാരണം മൂന്ന് കാരണങ്ങളാൽ നഗരത്തിലെ തെരുവുകളിലെ ഏറ്റവും പ്രധാനപ്പെട്ട തൊഴൽ ശക്തി ശുചീകരണ തൊഴിലാളികളാണെന്ന് ഞാൻ ശക്തമായി വിശ്വസിക്കുന്നു."
You know when to expect them.,എപ്പോഴാണ് അവരെ പ്രതീക്ഷിക്കെണ്ടെതെന്നു നിങ്ങള്ക്ക് അറിയാം,അവ എപ്പോൾ പ്രതീക്ഷിക്കണമെന്ന് നിങ്ങൾക്കറിയാം.,അവരെ എപ്പോൾ പ്രതീക്ഷിക്കണമെന്ന് നിങ്ങൾക്കറിയാം.,അവർ എപ്പോൾ കാത്തിരിക്കണമെന്ന് നിങ്ങൾക്കറിയാം.
It's a remarkable statistic.,അത് ശ്രദ്ധേയമായ ഒരു കണക്കാണ്,ശ്രദ്ധേയമായ ഒരു സ്ഥിതിവിവരക്കണക്കാണിത്.,ഇത് ശ്രദ്ധേയമായ ഒരു സ്ഥിതിവിവരക്കണക്കാണ്.,അത്ഭുതകരമായ ഒരു സ്ഥിതിവിവരക്കണക്കാണിത്.
"Essentially, for three reasons: calculation, application, and last, and unfortunately least in terms of the time we give it, inspiration.","പ്രധാനമായും 3 കാരണങ്ങളാണ് കണക്കുകൂട്ടല്, പ്രയോഗം, അവസാനത്തേതും നിര്ഭാഗ്യവശാല് നമ്മള് കൊടുക്കുന സമയത്തെ അപേക്ഷിച്ച് അല്പമായത് പ്രചോദനമാണ്.","അടിസ്ഥാനപരമായി, മൂന്ന് കാരണങ്ങളാൽ: കണക്കുകൂട്ടൽ, പ്രയോഗം, അവസാനത്തേത്, നിർഭാഗ്യവശാൽ, ഞങ്ങൾ നൽകുന്ന സമയത്തിൻ്റെ അടിസ്ഥാനത്തിൽ, പ്രചോദനം.","അടിസ്ഥാനപരമായി, മൂന്ന് കാരണങ്ങളാൽഃ കണക്കുകൂട്ടൽ, പ്രയോഗം, അവസാനത്തേത്, നിർഭാഗ്യവശാൽ നമ്മൾ നൽകുന്ന സമയത്തിന്റെ കാര്യത്തിൽ ഏറ്റവും കുറവ്, പ്രചോദനം.","അടിസ്ഥാനപരമായി, മൂന്ന് കാരണങ്ങളാൽഃ കണക്കുകൂട്ടൽ, പ്രയോഗം, അവസാനത്തേത്, നിർഭാഗ്യവശാൽ നമ്മൾ അത് നൽകുന്ന സമയത്തിന്റെ കാര്യത്തിൽ ഏറ്റവും കുറവ്, പ്രചോദനം."
"From the standpoint of calculation, they're as easy to understand as one plus one, which is two.","ഗണനത്തിന്റെ കാഴ് ചപ്പാടിൽ നിന്നും അവ മനസ്സിലാക്കാൻ വളരെഎളുപ്പമാണ് ഒന്നും ഒന്നും രണ്ട്, എന്നപോലെ","കണക്കുകൂട്ടലിൻ്റെ വീക്ഷണകോണിൽ നിന്ന്, അവ ഒന്ന് പ്ലസ് വൺ പോലെ മനസ്സിലാക്കാൻ എളുപ്പമാണ്, അത് രണ്ട് ആണ്.","കണക്കുകൂട്ടലിന്റെ കാഴ്ചപ്പാടിൽ, അവ ഒന്ന് കൂട്ടൽ ഒന്ന് പോലെ മനസ്സിലാക്കാൻ എളുപ്പമാണ്, അതായത് രണ്ട്.","കണ കണ ണ ത്തി ന്റെ വീക്ഷണകോണിൽ നിന്ന്, അവ ഒന്ന് പ്ലസ് വൺ പോലെ മനസ്സിലാക്കാൻ എളുപ്പമാണ്, അത് രണ്ട്."
"Well, on the one hand, it's the sum of the areas of the squares inside it, right?","ശരി, മറ്റൊരു രീതിയിൽ അത് മൊത്തം വിസ്തീർണത്തിന്റെ ആകെത്തുകയാണ് അതിനക്കുതുള്ള സമചതുരങ്ങളുടെ, ശരിയല്ലേ?","ശരി, ഒരു വശത്ത്, ഇത് അതിനുള്ളിലെ ചതുരങ്ങളുടെ വിസ്തീർണ്ണത്തിൻ്റെ ആകെത്തുകയാണ്, അല്ലേ?","ശരി, ഒരു വശത്ത്, അതിനുള്ളിലെ ചതുരങ്ങളുടെ വിസ്തീർണ്ണത്തിന്റെ ആകെത്തുകയാണ്, അല്ലേ?","ശരി, ഒരു വശത്ത്, അതിനുള്ളിലെ ചതുരങ്ങളുടെ വിസ്തീർണ്ണങ്ങളുടെ ആകെത്തുകയാണ്, അല്ലേ?"
"One, two, three, four, I declare a thumb war, and we wrestle, and of course Sunni beats me because she's the best.","ഒന്ന്, രണ്ടു, മൂന്നു, നാലു, ഒരു തള്ളവിരല് യുദ്ദം, അങ്ങനെ നമ്മൾ പോരാടി തീര്ച്ചയായും സണ്ണി എന്നെ തോല്പിച്ചു കാരണം അവളാണ് ഏറ്റവും മികച്ചത്.","ഒന്ന്, രണ്ട്, മൂന്ന്, നാല്, ഞാൻ ഒരു തള്ളവിരൽ യുദ്ധം പ്രഖ്യാപിക്കുന്നു, ഞങ്ങൾ ഗുസ്തി പിടിക്കുന്നു, തീർച്ചയായും സുന്നി എന്നെ തോൽപ്പിക്കുന്നു, കാരണം അവൾ മികച്ചവളാണ്.","ഒന്ന്, രണ്ട്, മൂന്ന്, നാല്, ഞാൻ ഒരു തള്ളവിരൽ യുദ്ധം പ്രഖ്യാപിക്കുന്നു, ഞങ്ങൾ ഗുസ്തി നടത്തുന്നു, തീർച്ചയായും സുന്നി എന്നെ അടിക്കുന്നു, കാരണം അവൾ ഏറ്റവും മികച്ചവളാണ്.","ഒന്ന്, രണ്ട്, മൂന്ന്, നാല്, ഞാൻ ഒരു തംബ് യുദ്ധം പ്രഖ്യാപിക്കുന്നു, ഞങ്ങൾ മല്ലടിക്കുന്നു, തീർച്ചയായും സുന്നി എന്നെ അടിക്കുന്നു, കാരണം അവൾ ഏറ്റവും മികച്ചവളാണ്."
"And in fact, that's what we're going to do right now.",ശരിക്കും പറഞ്ഞാൽ അതാണ് നാം ഇപ്പോൾ ചെയ്യാന് പോകുന്നത്,"വാസ്തവത്തിൽ, ഞങ്ങൾ ഇപ്പോൾ ചെയ്യാൻ പോകുന്നത് അതാണ്.","വാസ്തവത്തിൽ, അതാണ് നമ്മൾ ഇപ്പോൾ ചെയ്യാൻ പോകുന്നത്.","വാസ്തവത്തിൽ, അതാണ് ഞങ്ങൾ ഇപ്പോൾ ചെയ്യാൻ പോകുന്നത്."
"So this is the kind of simple level, right?","ഇത് വളരെ ലളിതമായ നിലയാണ്, ശരി?","അപ്പോൾ ഇത് ലളിതമായ ലെവലാണ്, അല്ലേ?","അപ്പോൾ ഇതൊരു ലളിതമായ തലമാണ്, അല്ലേ?","അപ്പോൾ ഇതൊരു ലളിതമായ തലമാണ്, അല്ലേ?"
And this one's called the Möbius Strip.,ഇതിനെ വിളിക്കുന്നത് 'മോബിയാസ് സ്ട്രിപ്' എന്നാണ്.,ഇതിനെ മൊബിയസ് സ്ട്രിപ്പ് എന്ന് വിളിക്കുന്നു.,ഇതിനെ മോബിയസ് സ്ട്രിപ്പ് എന്ന് വിളിക്കുന്നു.,ഇതിനെ മോബിയസ് സ്ട്രിപ്പ് എന്ന് വിളിക്കുന്നു.
Stand up! It's easier if you stand up.,എഴുന്നേറ്റു നില്ക്കൂ! നിങ്ങൾ എഴുന്നേറ്റു നിന്നാൽ അത് എളുപ്പമാണ്.,എഴുന്നേൽക്കുക! നിങ്ങൾ എഴുന്നേറ്റു നിന്നാൽ എളുപ്പമാണ്.,എഴുന്നേറ്റ് നിൽക്കൂ! എഴുന്നേറ്റ് നിൽക്കുകയാണെങ്കിൽ എളുപ്പമാകും..............................................................................................................................................................................................................................................,എഴുന്നേറ്റു നിൽക്കൂ! എണീറ്റ് നിന്നാൽ എളുപ്പം.
"I will just leave you with this tip, if you want to play again.","ഈ ഒരു സൂചനയോടെ ഞാൻ വിടവാങ്ങുകയാണ്, നിങ്ങള്ക്ക് വീണ്ടും കളിക്കണമെങ്കിൽ",നിങ്ങൾക്ക് വീണ്ടും കളിക്കണമെങ്കിൽ ഈ നുറുങ്ങ് ഞാൻ നിങ്ങൾക്ക് വിട്ടുതരാം.,നിങ്ങൾക്ക് വീണ്ടും കളിക്കാൻ താൽപ്പര്യമുണ്ടെങ്കിൽ ഞാൻ നിങ്ങൾക്ക് ഈ നുറുങ്ങ് നൽകും.....................................................................................................................................................................................................................................,നിങ്ങൾക്ക് വീണ്ടും കളിക്കണമെങ്കിൽ ഈ നുറിപ്പ് ഞാൻ നിങ്ങൾക്ക് വിട്ടുകൊടുക്കും.
It would end up taking 45 minutes to free her from the vehicle.,അവളെ വണ്ടിയില് നിന്ന് പുറത്തെടുക്കാന് 45 മിനുട്ട് വേണ്ടിവന്നു.,അവളെ വാഹനത്തിൽ നിന്ന് മോചിപ്പിക്കാൻ 45 മിനിറ്റ് എടുക്കും.,ഒടുവിൽ അവളെ വാഹനത്തിൽ നിന്ന് മോചിപ്പിക്കാൻ 45 മിനിറ്റ് എടുക്കും.,അവളെ കാറിൽ നിന്ന് മോചിപ്പിക്കാൻ 45 മിനിറ്റ് എടുക്കും.
"when you're in those last moments that it's strictly terror, fear.",നിങ്ങള് ആ അവസാന നിമിഷത്തിലെത്തുമ്പോള് അത് ശരിക്കും ഭയപ്പെടുത്തുന്നതാണ്.,"നിങ്ങൾ ആ അവസാന നിമിഷങ്ങളിൽ ആയിരിക്കുമ്പോൾ അത് കടുത്ത ഭീകരതയാണ്, ഭയമാണ്.","നിങ്ങൾ ആ അവസാന നിമിഷങ്ങളിൽ ആയിരിക്കുമ്പോൾ അത് കർശനമായി ഭീകരതയാണ്, ഭയമാണ്.........................................................................................................................................................................................................................................",നിങ്ങൾ ആ അവസാന നിമിഷങ്ങളിൽ ആയിരിക്കുമ്പോൾ അത് കർശനമായി ഭീകരവും ഭയവുമാണ്.
"I'm an underwater explorer,",ഞാൻ ഒരു ഭുഗർഭ ജല പര്യവേഷകയാണ്,"ഞാൻ ഒരു അണ്ടർവാട്ടർ പര്യവേക്ഷകനാണ്,","ഞാൻ ഒരു അണ്ടർവാട്ടർ എക്സ്പ്ലോററാണ്,,,,...............................................................................................................................................................................................................................................","ഞാൻ അണ്ടർ വാട്ടർ എക്സ്പ്ലോറർ,"
And my voice is the one that's going to teach you about the inside of Mother Earth.,എന്റെ ശബ്ദമാണ് നിങ്ങൾക്ക് പറഞ്ഞു തരുന്നത് ഭൗമാന്തർഭാഗത്തെ പറ്റി,ഭൂമി മാതാവിൻ്റെ ഉള്ളറയെ കുറിച്ച് നിങ്ങളെ പഠിപ്പിക്കാൻ പോകുന്നത് എൻ്റെ ശബ്ദമാണ്.,ഭൂമി മാതാവിൻ്റെ ആന്തരികതയെക്കുറിച്ച് നിങ്ങളെ പഠിപ്പിക്കാൻ പോകുന്ന ശബ്ദമാണ് എൻ്റെ ശബ്ദം...........................................................................................................................................................................................................................................,ഭൂമാതാവിന്റെ ആന്തരികതയെക്കുറിച്ച് നിങ്ങളെ പഠിപ്പിക്കാൻ പോകുന്നത് എന്റെ ശബ്ദമാണ്.
We use a technology called rebreathers.,റീ ബ്രീത്തെർ എന്ന സങ്കേതികവിദ്യയാണ് ഞങ്ങൾ ഉപയോഗികുന്നത്,ഞങ്ങൾ റീബ്രെതേഴ്സ് എന്ന സാങ്കേതികവിദ്യ ഉപയോഗിക്കുന്നു.,റിബ്രീതർസ് എന്ന സാങ്കേതികവിദ്യയാണ് നമ്മൾ ഉപയോഗിക്കുന്നത്..................................................................................................................................................................................................................................................,റീബ്രീത്തർ എന്ന സാങ്കേതിക വിദ്യയാണ് നാം ഉപയോഗപ്പെടുത്തുന്നത്.
Many of these life-forms live in unusual ways.,അസാധാരണമായ വഴികളിലൂടെയാണ് ഇതിൽ മിക്കവയും ജീവിക്കുന്നത്,ഈ ജീവരൂപങ്ങളിൽ പലതും അസാധാരണമായ രീതിയിൽ ജീവിക്കുന്നു.,ഈ ജീവജാലങ്ങളിൽ പലതും അസാധാരണമായ രീതികളിലാണ് ജീവിക്കുന്നത്.................................................................................................................................................................................................................................................,ഈ ജീവജാലങ്ങളിൽ പലതും അസാധാരണമായ രീതിയിലാണ് ജീവിക്കുന്നത്.
The red that you see in this photograph is actually dust from the Sahara Desert.,ഈ ചിത്രത്തിലെ ചുവന്ന ഭാഗം സഹാറ മരുഭൂമിയിലെ മണലാണ്,ഈ ഫോട്ടോയിൽ നിങ്ങൾ കാണുന്ന ചുവപ്പ് യഥാർത്ഥത്തിൽ സഹാറ മരുഭൂമിയിൽ നിന്നുള്ള പൊടിയാണ്.,ഈ ഫോട്ടോയിൽ നിങ്ങൾ കാണുന്ന ചുവപ്പ് യഥാർത്ഥത്തിൽ സഹാറ മരുഭൂമിയിൽ നിന്നുള്ള പൊടിയാണ്.,ഈ ഫോട്ടോയിൽ നിങ്ങൾ കാണുന്ന ചുവപ്പ് യഥാർത്ഥത്തിൽ സഹാറ മരുഭൂമിയിൽ നിന്നുള്ള പൊടിയാണ്.
"So I swam under houses and businesses and bowling alleys and golf courses, and even under a Sonny's BBQ Restaurant,  Pretty remarkable, and what that taught me was that everything we do on the surface of our earth will be returned to us to drink.","അങ്ങനെ ഞാൻ വീടുകളുടെയും, വ്യപാരസ്ഥാപനങ്ങളുടെയും, കളിസ്ഥലങ്ങളുടെയും, ഗോൾഫ് മൈതാനങ്ങളുടെ അടിയിലൂടെയും നീന്തി ഒരു സോണി ബർബെകു ഹോട്ടലിന് അടിയിലൂടെ പോലും.വളരെ ശ്രദ്ധേയം, എന്നാൽ അത് എനിക്ക് പറഞ്ഞുതന്നത് ഭൗമ ഉപരിതലത്തിൽ നമ്മൾ ചെയ്യുന്നതെല്ലാമാണ് കുടിക്കാനായി നമുക്ക് തിരിച്ചുകിട്ടുന്നത്","അതുകൊണ്ട് ഞാൻ വീടുകൾക്കും വ്യാപാര സ്ഥാപനങ്ങൾക്കും ബൗളിംഗ് ഇടവഴികൾക്കും ഗോൾഫ് കോഴ്‌സുകൾക്കും കീഴിലും, ഒരു സോണിയുടെ BBQ റെസ്റ്റോറൻ്റിന് കീഴിലും നീന്തിയത് വളരെ ശ്രദ്ധേയമാണ്, അത് എന്നെ പഠിപ്പിച്ചത് നമ്മുടെ ഭൂമിയുടെ ഉപരിതലത്തിൽ ചെയ്യുന്നതെല്ലാം നമുക്ക് കുടിക്കാൻ തിരികെ നൽകും എന്നതാണ്.","അതിനാൽ ഞാൻ വീടുകളുടെയും ബിസിനസുകളുടെയും ബൌളിംഗ് ഇടനാഴികളുടെയും ഗോൾഫ് കോഴ്സുകളുടെയും കീഴിലും സോണിയുടെ ബിബിക്യു റെസ്റ്റോറന്റിന്റെ കീഴിലും നീന്തി, വളരെ ശ്രദ്ധേയമാണ്, അത് എന്നെ പഠിപ്പിച്ചത് നമ്മുടെ ഭൂമിയുടെ ഉപരിതലത്തിൽ നമ്മൾ ചെയ്യുന്നതെല്ലാം കുടിക്കാൻ നമുക്ക് തിരികെ നൽകും എന്നതാണ്.","അതിനാൽ ഞാൻ വീടുകൾക്കും ബിസിനsations നും ബൌളിംഗ് ഇടവഴികൾക്കും ഗോൾഫ് കോഴ്സുകൾക്കും കീഴിലും ഒരു സോണിയുടെ ബിബിക്യു റെസ്റ്റോറന്റിന് കീഴിലും പോലും നീന്തി, വളരെ ശ്രദ്ധേയമാണ്, അത് എന്നെ പഠിപ്പിച്ചത് നമ്മുടെ ഭൂമിയുടെ ഉപരിതലത്തിൽ നമ്മൾ ചെയ്യുന്നതെല്ലാം കുടിക്കാൻ ഞങ്ങൾക്ക് തിരികെ നൽകപ്പെടും എന്നതാണ്."
It's a shared resource from which we all drink.,കുടിവെള്ളം നമ്മൾ പങ്കുവെക്കുന്ന ഒരു വിഭവമാണ്.,നാമെല്ലാവരും കുടിക്കുന്ന ഒരു പങ്കിട്ട വിഭവമാണിത്.,നാമെല്ലാവരും പങ്കിട്ട വിഭവങ്ങളിൽ നിന്നാണ് ഇത് കുടിക്കുന്നത്.................................................................................................................................................................................................................................................,നാമെല്ലാവരും കുടിക്കുന്ന ഒരു പങ്കിട്ട വിഭവമാണിത്.
It's actually morphed.,ഇത് യഥാർത്ഥത്തിൽ മോർഫുചെയ്യപ്പെട്ടതാണ്,ഇത് യഥാർത്ഥത്തിൽ മോർഫ് ചെയ്തതാണ്.,ഇത് യഥാർത്ഥത്തിൽ മോർഫ് ചെയ്തതാണ്....................................................................................................................................................................................................................................................,യഥാർത്ഥത്തിൽ അത് മോർഫ് ചെയ്തതാണ്.
And that's pretty amazing.,അത് ഒരു അത്ഭുതം തന്നെയാണ്,അത് വളരെ അത്ഭുതകരമാണ്.,അത് വളരെ അതിശയകരമാണ്..........................................................................................................................................................................................................................................................,"കൂടാതെ, അത് വളരെ അത്ഭുതകരമായ ആണ്."
It's only when the box is opened that we see a single definite state.,. പെട്ടി തുറന്ന സമയത്ത് മാത്രമാണ് നമ്മള് ഒരു നിശ്ചിതമായ അവസ്ഥ കാണുന്നത്.,പെട്ടി തുറക്കുമ്പോൾ മാത്രമാണ് ഒരു നിശ്ചിത അവസ്ഥ കാണുന്നത്.,ബോക്സ് തുറക്കുമ്പോൾ മാത്രമേ നമ്മൾ ഒരൊറ്റ നിശ്ചിത അവസ്ഥ കാണൂ................................................................................................................................................................................................................................................,ബോക്സ് തുറക്കുമ്പോൾ മാത്രമേ നമ്മൾ ഒരൊറ്റ നിർദ്ദിഷ്ട അവസ്ഥ കാണുന്നു.
"In fact, it's essential.","വാസ്തവത്തില്, അത് അത്യന്താപേക്ഷികവുമാണ്.","വാസ്തവത്തിൽ, അത് അത്യാവശ്യമാണ്.","വാസ്തവത്തിൽ, അത് അനിവാര്യമാണ്........................................................................................................................................................................................................................................................","വാസ്തവത്തിൽ, അത് അത്യാവശ്യമാണ്."
"That's far too small to detect, so we'll never see wave behavior from a cat.","അത് അളക്കാൻ കഴിയുന്നതിനേക്കാള് വളരെ ചെറുതാണ്, അതുകൊണ്ട് ഒരിക്കലും നാം പൂച്ചയില് തരംഗസ്വഭാവം കാണില്ല.","അത് കണ്ടെത്താനാകാത്തത്ര വളരെ ചെറുതാണ്, അതിനാൽ പൂച്ചയിൽ നിന്നുള്ള തരംഗ സ്വഭാവം ഞങ്ങൾ ഒരിക്കലും കാണില്ല.","അത് തിരിച്ചറിയാൻ കഴിയാത്തത്ര ചെറുതാണ്, അതിനാൽ ഒരു പൂച്ചയിൽ നിന്നുള്ള തരംഗ സ്വഭാവം നമ്മൾ ഒരിക്കലും കാണില്ല......................................................................................................................................................................................................................................","അത് കണ്ടെത്താൻ വളരെ ചെറുതാണ്, അതിനാൽ ഒരു പൂച്ചയിൽ നിന്നുള്ള തരംഗ സ്വഭാവം നമ്മൾ ഒരിക്കലും കാണില്ല."
"An electron in a molecule isn't on just atom A or atom B, but A B.","ഒരു തന് മാത്രയിലെ ഇലക്ട്രോണ് ആറ്റം Aയിലോ Bയിലോ അല്ല, A Bയില് ആണ്.","ഒരു തന്മാത്രയിലെ ഇലക്ട്രോൺ ആറ്റം A അല്ലെങ്കിൽ B ആറ്റത്തിലല്ല, A B ആണ്.","ഒരു തന്മാത്രയിലെ ഒരു ഇലക്ട്രോൺ എ ആറ്റത്തിലോ ബി ആറ്റത്തിലോ മാത്രമല്ല, എ ബി ആണിലുമാണ് സ്ഥിതിചെയ്യുന്നത്......................................................................................................................................................................................................................................","ഒരു തന്മാത്രയിലെ ഒരു ഇലക്ട്രോൺ A അല്ലെങ്കിൽ B ആറ്റത്തിൽ മാത്രമല്ല, A B യിൽ ആണ്."
An old joke says that the Internet exists to allow the sharing of cat videos.,പൂച്ചകളുടെ വീഡിയോചിത്രങ്ങള് പങ്കുവയ്ക്കാനാണ് ഇന്റെര് നെറ്റ് നിലകൊള്ളൂന്നത് എന്നാണ് ഒരു പഴയ തമാശ.,പൂച്ചയുടെ വീഡിയോകൾ പങ്കിടാൻ ഇൻ്റർനെറ്റ് നിലവിലുണ്ടെന്ന് പഴയ തമാശ പറയുന്നു.,പൂച്ചയുടെ വീഡിയോകൾ പങ്കിടാൻ അനുവദിക്കുന്നതിനായി ഇന്റർനെറ്റ് നിലവിലുണ്ടെന്ന് ഒരു പഴയ തമാശ പറയുന്നു.,പൂച്ചകളുടെ വീഡിയോകൾ പങ്കിടാൻ അനുവദിക്കുന്നതിന് ഇന്റർനെറ്റ് നിലവിലുണ്ടെന്ന് ഒരു പഴയ തമാശ പറയുന്നു.
What do you see?,നിങ്ങൾ എന്താണ് കാണുന്നത്.?,നിങ്ങൾ എന്താണ് കാണുന്നത്?,നിങ്ങൾ എന്താണ് കാണുന്നത്?..........................................................................................................................................................................................................................................................,എന്താ കാണുന്നത്?
"Most of you see a barbershop, an opportunity for health, an opportunity for health equity.","നിങ്ങളിൽ ഭൂരിഭാഗവും ഒരു ബാർബർഷോപ് കാണുന്നു, പക്ഷെ ഞാൻ കാണുന്നത് ഒരു അവസരമാണ്: ആരോഗ്യത്തിനായുള്ള ഒരവസരം, ആരോഗ്യ സമത്വത്തിനായുള്ള ഒരവസരം.","നിങ്ങളിൽ ഭൂരിഭാഗവും ഒരു ബാർബർഷോപ്പ്, ആരോഗ്യത്തിനുള്ള അവസരം, ആരോഗ്യ സമത്വത്തിനുള്ള അവസരം എന്നിവ കാണുന്നു.","നിങ്ങളിൽ ഭൂരിഭാഗവും ഒരു ബാർബർഷോപ്പ് കാണുന്നു, ആരോഗ്യത്തിനുള്ള ഒരു അവസരം, ആരോഗ്യ തുല്യതയ്ക്കുള്ള ഒരു അവസരം....................................................................................................................................................................................................................................","നിങ്ങളിൽ മിക്കവരും ഒരു ബാർബർഷോപ്പ്, ആരോഗ്യത്തിനുള്ള അവസരം, ആരോഗ്യസമത്വത്തിനുള്ള അവസരം എന്നിവയാണ് കാണുന്നത്."
"No, it's much more than that.","അല്ല, അത് അതിലും അധികമാണ്.","ഇല്ല, അത് അതിനേക്കാൾ വളരെ കൂടുതലാണ്.","ഇല്ല, അതിലും എത്രയോ കൂടുതലാണത്.....................................................................................................................................................................................................................................................","ഇല്ല, അത് അതിനേക്കാൾ വളരെ കൂടുതലാണ്."
But herein lies the problem.,പക്ഷെ അതിലാണ് പ്രശ്നം.,എന്നാൽ ഇവിടെയാണ് പ്രശ്നം.,എന്നാൽ ഇവിടെയാണ് പ്രശ്നം..........................................................................................................................................................................................................................................................,എന്നാല്‍ ഇവിടെയാണ് പ്രശ്.
"Denny, like many barbers, is more than just an artist, a businessman and confidant.","ഡെന്നി, മറ്റേതു ബാർബറെയും പോലെ, ഒരു കലാകാരൻ എന്നതിലുപരി, ഒരു കച്ചവടക്കാരനാണ് പിന്നെ വിശ്വസ്തനും.","ഡെന്നി, പല ബാർബർമാരെയും പോലെ, കേവലം ഒരു കലാകാരനും ബിസിനസുകാരനും വിശ്വസ്തനുമാണ്.","ഡെന്നി, പല ബാർബർമാരെയും പോലെ, ഒരു കലാകാരൻ, ബിസിനസുകാരൻ, വിശ്വസ്തൻ എന്നിവയേക്കാൾ കൂടുതലാണ്...................................................................................................................................................................................................................................","ഡെന്നി, പല ബാർബർമാരെപ്പോലെ, ഒരു കലാകാരൻ, ഒരു ബിസിനസുകാരൻ, വിശ്വസ്തൻ എന്നിവയേക്കാൾ കൂടുതലാണ്."
He's a leader and a passionate advocate for the well-being of his community.,അദ്ദേഹം ഒരു നേതാവാണ് സ്വന്തം സമൂഹനന്മക്ക് വേണ്ടി തീഷ്ണമായി വാദിക്കുന്നയാളുമാണ്.,അദ്ദേഹം ഒരു നേതാവും തൻ്റെ സമൂഹത്തിൻ്റെ ക്ഷേമത്തിനായി വാദിക്കുന്ന ആളുമാണ്.,അദ്ദേഹം ഒരു നേതാവും തൻ്റെ സമൂഹത്തിൻ്റെ ക്ഷേമത്തിനുവേണ്ടിയുള്ള അഭിനിവേശമുള്ള അഭിഭാഷകനുമാണ്.........................................................................................................................................................................................................................................,അദ്ദേഹം ഒരു നേതാവും തന്റെ സമൂഹത്തിന്റെ ക്ഷേമത്തിനായുള്ള വികാരാധീനനായ അഭിഭാഷകനുമാണ്.
What is your barbershop?,എന്താണ് നിങ്ങളുടെ ബാർബർഷോപ്പ്?,നിങ്ങളുടെ ബാർബർഷോപ്പ് എന്താണ്?,നിങ്ങളുടെ ബാർബർ ഷോപ്പ് എന്താണ്?......................................................................................................................................................................................................................................................,നിങ്ങളുടെ ബാർബർഷോപ്പ് എന്താണ്?
And they start to diverge when the Ohio River split them a few million years ago.,അവ തമ്മിലുള്ള ഭിന്നത ആരംഭിച്ചത് ഒഹായോ നദി അവയെ പകുത്തപ്പോഴാണ്. വര് ഷങ്ങള് ക്ക് മുമ്പ്.,ഏതാനും ദശലക്ഷക്കണക്കിന് വർഷങ്ങൾക്ക് മുമ്പ് ഒഹായോ നദി അവരെ പിളർന്നപ്പോൾ അവ വ്യതിചലിക്കാൻ തുടങ്ങുന്നു.,ഏതാനും ദശലക്ഷം വർഷങ്ങൾക്ക് മുമ്പ് ഒഹായോ നദി വിഭജിക്കുമ്പോൾ അവ വേർപിരിയാൻ തുടങ്ങുന്നു.,ഏതാനും ദശലക്ഷം വർഷങ്ങൾക്ക് മുമ്പ് ഒഹായോ നദി അവയെ വിഭജിച്ചപ്പോൾ അവർ വേർപിരിയാൻ തുടങ്ങുന്നു.
Who was running for president?,ആരാണ് പ്രസിഡന്റാകാൻ മത്സരിക്കുന്നത്?,ആരാണ് പ്രസിഡൻ്റ് സ്ഥാനത്തേക്ക് മത്സരിച്ചത്?,ആരാണ് പ്രസിഡൻ്റ് സ്ഥാനത്തേക്ക് മത്സരിച്ചിരുന്നത്?...................................................................................................................................................................................................................................................,ആരായിരുന്നു പ്രസിഡന്റ് സ്ഥാനത്തേക്ക് മത്സരിച്ചത്?
You don't know who I am.,ഞാൻ ആരാണെന്ന് നിനക്കറിയില്ല.,ഞാൻ ആരാണെന്ന് നിനക്ക് അറിയില്ല.,ഞാൻ ആരാണെന്ന് നിങ്ങൾക്കറിയില്ല.,ഞാനാരാണെന്ന് നിനക്കറിയില്ല.
We plan to stay a week.,ഞങ്ങൾ ഒരാഴ്ച തങ്ങാനാണ് ആലോചിക്കുന്നത്.,ഒരാഴ്ച താമസിക്കാൻ ഞങ്ങൾ പദ്ധതിയിടുന്നു.,ഒരാഴ്ച താമസിക്കാൻ ഞങ്ങൾ പദ്ധതിയിടുന്നു......................................................................................................................................................................................................................................................,ഞങ്ങൾ ഒരാഴ്ച്ച താമസിക്കാൻ പദ്ധതി.
Do you know who conquered Mt. Everest first?,എവറസ്റ്റ് കൊടുമുടി ആദ്യമായി കീഴടക്കിയതാരാണെന്ന് നിനക്കറിയാമോ?,ആദ്യമായി എവറസ്റ്റ് കീഴടക്കിയതാരാണെന്ന് അറിയാമോ?,എവറസ്റ്റ് കൊടുമുടി ആദ്യം കീഴടക്കിയത് ആരാണെന്ന് നിങ്ങൾക്കറിയാമോ?,മൌണ്ട് എവറസ്റ്റ് ആദ്യമായി കീഴടക്കിയത് ആരാണെന്ന് അറിയാമോ?
That's impossible.,അത് അസാധ്യമാണ്.,അത് അസാധ്യമാണ്.,അത് അസാധ്യമാണ്.,അത് അസാധ്യമാണ്.
How does this disease spread?,ഈ രോഗം എങ്ങനെയാണ് പടരുന്നത്?,എങ്ങനെയാണ് ഈ രോഗം പടരുന്നത്?,ഈ രോഗം എങ്ങനെ വ്യാപിക്കുന്നു?,എങ്ങനെയാണ് ഈ രോഗം പടരുന്നത്?
This is the place where the battle took place.,ഈ സ്ഥലത്താണ് ആ യുദ്ധം നടന്നത്.,യുദ്ധം നടന്ന സ്ഥലമാണിത്.,യുദ്ധം നടന്ന സ്ഥലമാണിത്.,ഇവിടെയാണ് യുദ്ധം നടന്നത്.
Do you know what time that accident happened?,എത്ര മണിക്കാണ് അപകടം നടന്നതെന്ന് നിനക്കറിയാമോ?,ആ അപകടം സംഭവിച്ചത് എപ്പോഴാണെന്ന് അറിയാമോ?,ആ അപകടം എപ്പോഴാണെന്ന് നിങ്ങൾക്കറിയാമോ?,എത്ര മണിയ്ക്കായിരുന്നു ആ അപകടം നടന്നതെന്ന് അറിയാമോ?
We go to school to study.,ഞങ്ങൾ സ്കൂളിലേക്ക് പഠിക്കാനാണ് പോകുന്നത്.,ഞങ്ങൾ പഠിക്കാൻ സ്കൂളിൽ പോകുന്നു.,ഞങ്ങൾ സ്കൂളിൽ പോയി പഠിക്കുന്നു.,ഞങ്ങള്‍ സ് കൂളില്‍ പോയി പഠിക്കും.
I came to Japan two years ago.,ഞാൻ ജപ്പാനിൽ രണ്ട് വർഷം മുമ്പാണ് വന്നത്.,രണ്ട് വർഷം മുമ്പാണ് ഞാൻ ജപ്പാനിൽ വന്നത്.,രണ്ട് വർഷം മുമ്പാണ് ഞാൻ ജപ്പാനിൽ വന്നത്.,രണ്ടു വർഷം മുമ്പാണ് ഞാൻ ജപ്പാനിലെത്തിയത്.
I bought this book yesterday.,ഞാൻ ഈ പുസ്തകം ഇന്നലെയാണ് വാങ്ങിച്ചത്.,ഞാൻ ഇന്നലെ ഈ പുസ്തകം വാങ്ങി.,ഞാൻ ഇന്നലെ ഈ പുസ്തകം വാങ്ങി.,ഇന്നലെയാണ് ഈ പുസ്തകം വാങ്ങിയത്.
What else do you want?,വേറെ എന്താണ് നിനക്ക് വേണ്ടത്?,നിങ്ങൾക്ക് മറ്റെന്താണ് വേണ്ടത്?,നിങ്ങൾക്ക് മറ്റെന്താണ് വേണ്ടത്?,വേറെന്താണ് വേണ്ടത്?
He was born in Africa.,അവൻ ആഫ്രിക്കയിലാണ് ജനിച്ചത്.,ആഫ്രിക്കയിലാണ് അദ്ദേഹം ജനിച്ചത്.,ആഫ്രിക്കയിലാണ് അദ്ദേഹം ജനിച്ചത്.,ആഫ്രിക്കയിലാണ് ജനനം.
He asked her where she lived.,അവൻ അവൾ എവിടെയാണ് താമസിക്കുന്നത് എന്നു ചോദിച്ചു.,അവൾ എവിടെയാണ് താമസിക്കുന്നതെന്ന് അവൻ അവളോട് ചോദിച്ചു.,അവൾ എവിടെയാണ് താമസിക്കുന്നതെന്ന് അവൻ അവളോട് ചോദിച്ചു.,എവിടെയാണ് താമസമെന്ന് ചോദിച്ചു.
They are willing to do it for you.,അവർ നിനക്ക് വേണ്ടി അത് ചെയ്യാൻ തയ്യാറാണ്.,നിങ്ങൾക്കായി അത് ചെയ്യാൻ അവർ തയ്യാറാണ്.,നിങ്ങൾക്കുവേണ്ടി അത് ചെയ്യാൻ അവർ തയ്യാറാണ്.,അവർ നിങ്ങൾക്കായി അത് ചെയ്യാൻ തയ്യാറാണ്.
Do you know what color she likes?,അവൾക്കേതു നിറമാണ് ഇഷ്ടമുള്ളതെന്ന് നിനക്ക് അറിയാമോ?,അവൾക്ക് ഏത് നിറമാണ് ഇഷ്ടമെന്ന് അറിയാമോ?,അവൾക്ക് ഏത് നിറമാണ് ഇഷ്ടമെന്ന് നിങ്ങൾക്കറിയാമോ?,അവൾക്കിഷ്ടമുള്ള നിറമെന്താണെന്നറിയാമോ?
I'm awake.,ഞാൻ ഉണർന്നിരിക്കുകയാണ്.,ഞാൻ ഉണർന്നിരിക്കുന്നു.,ഞാൻ ഉണർന്നിരിക്കുന്നു.,ഞാൻ ഉണർന്നിരിക്കുന്നു.
Wild animals live in the forest.,വന്യ മൃഗങ്ങള്‍ കാട്ടിലാണ് ജീവിക്കുന്നത്.,വന്യമൃഗങ്ങൾ വനത്തിൽ വസിക്കുന്നു.,വന്യമൃഗങ്ങൾ വനത്തിൽ വസിക്കുന്നു.,വന്യമൃഗങ്ങൾ കാട്ടിലാണ് ജീവിക്കുന്നത്.
How do you say this word?,ഈ വാക്ക് എങ്ങനെയാണ് ഉച്ചരിക്കുന്നത്.,ഈ വാക്ക് നിങ്ങൾ എങ്ങനെയാണ് പറയുന്നത്?,നിങ്ങൾ എങ്ങനെയാണ് ഈ വാക്ക് പറയുന്നത്?,ഈ വാക്ക് എങ്ങനെ പറയും?
What did you do yesterday evening?,നീ ഇന്നലെ വൈകുന്നേരം എന്താണ് ചെയ്തത്?,ഇന്നലെ വൈകുന്നേരം നിങ്ങൾ എന്താണ് ചെയ്തത്?,ഇന്നലെ വൈകുന്നേരം നിങ്ങൾ എന്താണ് ചെയ്തത്?,ഇന്നലെ രാത്രി നീ എന്താ ചെയ്തത്?
I like you.,എനിക്ക് നിന്നെ ഇഷ്ടമാണ്.,ഞാൻ നിന്നെ ഇഷ്ടപ്പെടുന്നു.,എനിക്ക് നിന്നെ ഇഷ്ടമാണ്.,എനിക്ക് നിന്നെ ഇഷ്ടമാണ്.
My favourite sport is football.,കാൽപ്പന്താണ് എനിക്ക് എറ്റവും ഇഷ്ടമുള്ള കളി.,എൻ്റെ പ്രിയപ്പെട്ട കായിക വിനോദം ഫുട്ബോൾ ആണ്.,എനിക്ക് ഏറ്റവും ഇഷ്ടമുള്ള കായികവിനോദമാണ് ഫുട്ബോൾ.,എനിക്ക് ഏറ്റവും ഇഷ്ടമുള്ള കായികവിനോദം ഫുട്ബോള്‍ ആണ്.
What should I do?,ഞാൻ എന്താണ് ചെയ്യേണ്ടത്?,ഞാൻ എന്ത് ചെയ്യണം?,ഞാൻ എന്താണ് ചെയ്യേണ്ടത്?,ഞാനെന്തു ചെയ്യണം?
What year were you born?,നിങ്ങള്‍ ഏതു വര്‍ഷമാണ് ജനിച്ചത്?,ഏത് വർഷമാണ് നിങ്ങൾ ജനിച്ചത്?,നിങ്ങൾ ജനിച്ചത് ഏത് വർഷമാണ്?,ഏത് വർഷമാണ് നിങ്ങൾ ജനിച്ചത്?
